2025-12-27 09:54:49.751 [background-preinit] INFO  o.h.validator.internal.util.Version  - HV000001: Hibernate Validator 8.0.1.Final
2025-12-27 09:54:49.763 [restartedMain] INFO  c.e.c.CodedockBackendApplication  - Starting CodedockBackendApplication using Java 17.0.17 with PID 33287 (/Users/suvechha.bishal/IdeaProjects/codedock-backend/target/classes started by suvechha.bishal in /Users/suvechha.bishal/IdeaProjects/codedock-backend)
2025-12-27 09:54:49.763 [restartedMain] DEBUG c.e.c.CodedockBackendApplication  - Running with Spring Boot v3.3.4, Spring v6.1.13
2025-12-27 09:54:49.763 [restartedMain] INFO  c.e.c.CodedockBackendApplication  - No active profile set, falling back to 1 default profile: "default"
2025-12-27 09:54:50.268 [restartedMain] INFO  o.h.jpa.internal.util.LogHelper  - HHH000204: Processing PersistenceUnitInfo [name: default]
2025-12-27 09:54:50.288 [restartedMain] INFO  org.hibernate.Version  - HHH000412: Hibernate ORM core version 6.5.3.Final
2025-12-27 09:54:50.299 [restartedMain] INFO  o.h.c.i.RegionFactoryInitiator  - HHH000026: Second-level cache disabled
2025-12-27 09:54:50.712 [restartedMain] INFO  o.h.e.t.j.p.i.JtaPlatformInitiator  - HHH000489: No JTA platform available (set 'hibernate.transaction.jta.platform' to enable JTA platform integration)
2025-12-27 09:54:50.990 [restartedMain] INFO  c.e.c.CodedockBackendApplication  - Started CodedockBackendApplication in 1.372 seconds (process running for 1.559)
2025-12-27 09:56:00.804 [http-nio-8080-exec-2] INFO  c.e.c.l.RequestResponseLoggingFilter bec4ff36-9b48-4bdd-ab58-c978d412a35e - HTTP POST /api/run/cpp | status=200 | duration=1401ms | req={"language":"cpp","code":"#include <bits/stdc++.h>\nusing namespace std;\n\nint main() {\n    ios::sync_with_stdio(false);\n    cin.tie(nullptr);\n    \n    string s;\n    while (getline(cin, s)) {\n        cout << s << \"\\n\";\n    }\n    return 0;\n}","stdin":""} | res={"exitCode":0,"stdout":"","stderr":""}
2025-12-27 09:56:12.776 [http-nio-8080-exec-3] INFO  c.e.c.l.RequestResponseLoggingFilter a06f5f4e-a211-4d3d-b06d-be5dbc44da1c - HTTP POST /api/run/cpp | status=200 | duration=1092ms | req={"language":"cpp","code":"#include <bits/stdc++.h>\nusing namespace std;\n\nint main() {\n    ios::sync_with_stdio(false);\n    cin.tie(nullptr);\n    \n    string s;\n    while (getline(cin, s)) {\n        cout << s << \"\\n\";\n    }\n    return 0;\n}","stdin":"hello"} | res={"exitCode":0,"stdout":"hello\n","stderr":""}
2025-12-27 10:16:31.831 [http-nio-8080-exec-6] ERROR c.e.c.e.GlobalExceptionHandler 8590d9eb-de47-49ba-ac64-bb56d1a2b41a - Runtime exception for POST /api/users/create
java.lang.RuntimeException: Email already exists
	at com.example.codedockbackend.service.UserService.createUser(UserService.java:21)
	at com.example.codedockbackend.controller.UserController.createUser(UserController.java:20)
	at java.base/jdk.internal.reflect.NativeMethodAccessorImpl.invoke0(Native Method)
	at java.base/jdk.internal.reflect.NativeMethodAccessorImpl.invoke(NativeMethodAccessorImpl.java:77)
	at java.base/jdk.internal.reflect.DelegatingMethodAccessorImpl.invoke(DelegatingMethodAccessorImpl.java:43)
	at java.base/java.lang.reflect.Method.invoke(Method.java:569)
	at org.springframework.web.method.support.InvocableHandlerMethod.doInvoke(InvocableHandlerMethod.java:255)
	at org.springframework.web.method.support.InvocableHandlerMethod.invokeForRequest(InvocableHandlerMethod.java:188)
	at org.springframework.web.servlet.mvc.method.annotation.ServletInvocableHandlerMethod.invokeAndHandle(ServletInvocableHandlerMethod.java:118)
	at org.springframework.web.servlet.mvc.method.annotation.RequestMappingHandlerAdapter.invokeHandlerMethod(RequestMappingHandlerAdapter.java:926)
	at org.springframework.web.servlet.mvc.method.annotation.RequestMappingHandlerAdapter.handleInternal(RequestMappingHandlerAdapter.java:831)
	at org.springframework.web.servlet.mvc.method.AbstractHandlerMethodAdapter.handle(AbstractHandlerMethodAdapter.java:87)
	at org.springframework.web.servlet.DispatcherServlet.doDispatch(DispatcherServlet.java:1089)
	at org.springframework.web.servlet.DispatcherServlet.doService(DispatcherServlet.java:979)
	at org.springframework.web.servlet.FrameworkServlet.processRequest(FrameworkServlet.java:1014)
	at org.springframework.web.servlet.FrameworkServlet.doPost(FrameworkServlet.java:914)
	at jakarta.servlet.http.HttpServlet.service(HttpServlet.java:590)
	at org.springframework.web.servlet.FrameworkServlet.service(FrameworkServlet.java:885)
	at jakarta.servlet.http.HttpServlet.service(HttpServlet.java:658)
	at org.apache.catalina.core.ApplicationFilterChain.internalDoFilter(ApplicationFilterChain.java:195)
	at org.apache.catalina.core.ApplicationFilterChain.doFilter(ApplicationFilterChain.java:140)
	at org.apache.tomcat.websocket.server.WsFilter.doFilter(WsFilter.java:51)
	at org.apache.catalina.core.ApplicationFilterChain.internalDoFilter(ApplicationFilterChain.java:164)
	at org.apache.catalina.core.ApplicationFilterChain.doFilter(ApplicationFilterChain.java:140)
	at com.example.codedockbackend.logging.RequestResponseLoggingFilter.doFilter(RequestResponseLoggingFilter.java:34)
	at org.apache.catalina.core.ApplicationFilterChain.internalDoFilter(ApplicationFilterChain.java:164)
	at org.apache.catalina.core.ApplicationFilterChain.doFilter(ApplicationFilterChain.java:140)
	at com.example.codedockbackend.logging.MdcFilter.doFilter(MdcFilter.java:30)
	at org.apache.catalina.core.ApplicationFilterChain.internalDoFilter(ApplicationFilterChain.java:164)
	at org.apache.catalina.core.ApplicationFilterChain.doFilter(ApplicationFilterChain.java:140)
	at org.springframework.web.filter.CompositeFilter$VirtualFilterChain.doFilter(CompositeFilter.java:108)
	at org.springframework.security.web.FilterChainProxy.lambda$doFilterInternal$3(FilterChainProxy.java:231)
	at org.springframework.security.web.FilterChainProxy$VirtualFilterChain.doFilter(FilterChainProxy.java:365)
	at org.springframework.security.web.access.intercept.AuthorizationFilter.doFilter(AuthorizationFilter.java:100)
	at org.springframework.security.web.FilterChainProxy$VirtualFilterChain.doFilter(FilterChainProxy.java:374)
	at org.springframework.security.web.access.ExceptionTranslationFilter.doFilter(ExceptionTranslationFilter.java:126)
	at org.springframework.security.web.access.ExceptionTranslationFilter.doFilter(ExceptionTranslationFilter.java:120)
	at org.springframework.security.web.FilterChainProxy$VirtualFilterChain.doFilter(FilterChainProxy.java:374)
	at org.springframework.security.web.authentication.AnonymousAuthenticationFilter.doFilter(AnonymousAuthenticationFilter.java:100)
	at org.springframework.security.web.FilterChainProxy$VirtualFilterChain.doFilter(FilterChainProxy.java:374)
	at org.springframework.security.web.servletapi.SecurityContextHolderAwareRequestFilter.doFilter(SecurityContextHolderAwareRequestFilter.java:179)
	at org.springframework.security.web.FilterChainProxy$VirtualFilterChain.doFilter(FilterChainProxy.java:374)
	at org.springframework.security.web.savedrequest.RequestCacheAwareFilter.doFilter(RequestCacheAwareFilter.java:63)
	at org.springframework.security.web.FilterChainProxy$VirtualFilterChain.doFilter(FilterChainProxy.java:374)
	at org.springframework.security.web.authentication.www.BasicAuthenticationFilter.doFilterInternal(BasicAuthenticationFilter.java:181)
	at org.springframework.web.filter.OncePerRequestFilter.doFilter(OncePerRequestFilter.java:116)
	at org.springframework.security.web.FilterChainProxy$VirtualFilterChain.doFilter(FilterChainProxy.java:374)
	at org.springframework.security.web.authentication.logout.LogoutFilter.doFilter(LogoutFilter.java:107)
	at org.springframework.security.web.authentication.logout.LogoutFilter.doFilter(LogoutFilter.java:93)
	at org.springframework.security.web.FilterChainProxy$VirtualFilterChain.doFilter(FilterChainProxy.java:374)
	at org.springframework.web.filter.CorsFilter.doFilterInternal(CorsFilter.java:91)
	at org.springframework.web.filter.OncePerRequestFilter.doFilter(OncePerRequestFilter.java:116)
	at org.springframework.security.web.FilterChainProxy$VirtualFilterChain.doFilter(FilterChainProxy.java:374)
	at org.springframework.security.web.header.HeaderWriterFilter.doHeadersAfter(HeaderWriterFilter.java:90)
	at org.springframework.security.web.header.HeaderWriterFilter.doFilterInternal(HeaderWriterFilter.java:75)
	at org.springframework.web.filter.OncePerRequestFilter.doFilter(OncePerRequestFilter.java:116)
	at org.springframework.security.web.FilterChainProxy$VirtualFilterChain.doFilter(FilterChainProxy.java:374)
	at org.springframework.security.web.context.SecurityContextHolderFilter.doFilter(SecurityContextHolderFilter.java:82)
	at org.springframework.security.web.context.SecurityContextHolderFilter.doFilter(SecurityContextHolderFilter.java:69)
	at org.springframework.security.web.FilterChainProxy$VirtualFilterChain.doFilter(FilterChainProxy.java:374)
	at org.springframework.security.web.context.request.async.WebAsyncManagerIntegrationFilter.doFilterInternal(WebAsyncManagerIntegrationFilter.java:62)
	at org.springframework.web.filter.OncePerRequestFilter.doFilter(OncePerRequestFilter.java:116)
	at org.springframework.security.web.FilterChainProxy$VirtualFilterChain.doFilter(FilterChainProxy.java:374)
	at org.springframework.security.web.session.DisableEncodeUrlFilter.doFilterInternal(DisableEncodeUrlFilter.java:42)
	at org.springframework.web.filter.OncePerRequestFilter.doFilter(OncePerRequestFilter.java:116)
	at org.springframework.security.web.FilterChainProxy$VirtualFilterChain.doFilter(FilterChainProxy.java:374)
	at org.springframework.security.web.FilterChainProxy.doFilterInternal(FilterChainProxy.java:233)
	at org.springframework.security.web.FilterChainProxy.doFilter(FilterChainProxy.java:191)
	at org.springframework.web.filter.CompositeFilter$VirtualFilterChain.doFilter(CompositeFilter.java:113)
	at org.springframework.web.servlet.handler.HandlerMappingIntrospector.lambda$createCacheFilter$3(HandlerMappingIntrospector.java:195)
	at org.springframework.web.filter.CompositeFilter$VirtualFilterChain.doFilter(CompositeFilter.java:113)
	at org.springframework.web.filter.CompositeFilter.doFilter(CompositeFilter.java:74)
	at org.springframework.security.config.annotation.web.configuration.WebMvcSecurityConfiguration$CompositeFilterChainProxy.doFilter(WebMvcSecurityConfiguration.java:230)
	at org.springframework.web.filter.DelegatingFilterProxy.invokeDelegate(DelegatingFilterProxy.java:352)
	at org.springframework.web.filter.DelegatingFilterProxy.doFilter(DelegatingFilterProxy.java:268)
	at org.apache.catalina.core.ApplicationFilterChain.internalDoFilter(ApplicationFilterChain.java:164)
	at org.apache.catalina.core.ApplicationFilterChain.doFilter(ApplicationFilterChain.java:140)
	at org.springframework.web.filter.RequestContextFilter.doFilterInternal(RequestContextFilter.java:100)
	at org.springframework.web.filter.OncePerRequestFilter.doFilter(OncePerRequestFilter.java:116)
	at org.apache.catalina.core.ApplicationFilterChain.internalDoFilter(ApplicationFilterChain.java:164)
	at org.apache.catalina.core.ApplicationFilterChain.doFilter(ApplicationFilterChain.java:140)
	at org.springframework.web.filter.FormContentFilter.doFilterInternal(FormContentFilter.java:93)
	at org.springframework.web.filter.OncePerRequestFilter.doFilter(OncePerRequestFilter.java:116)
	at org.apache.catalina.core.ApplicationFilterChain.internalDoFilter(ApplicationFilterChain.java:164)
	at org.apache.catalina.core.ApplicationFilterChain.doFilter(ApplicationFilterChain.java:140)
	at org.springframework.web.filter.CharacterEncodingFilter.doFilterInternal(CharacterEncodingFilter.java:201)
	at org.springframework.web.filter.OncePerRequestFilter.doFilter(OncePerRequestFilter.java:116)
	at org.apache.catalina.core.ApplicationFilterChain.internalDoFilter(ApplicationFilterChain.java:164)
	at org.apache.catalina.core.ApplicationFilterChain.doFilter(ApplicationFilterChain.java:140)
	at org.apache.catalina.core.StandardWrapperValve.invoke(StandardWrapperValve.java:167)
	at org.apache.catalina.core.StandardContextValve.invoke(StandardContextValve.java:90)
	at org.apache.catalina.authenticator.AuthenticatorBase.invoke(AuthenticatorBase.java:483)
	at org.apache.catalina.core.StandardHostValve.invoke(StandardHostValve.java:115)
	at org.apache.catalina.valves.ErrorReportValve.invoke(ErrorReportValve.java:93)
	at org.apache.catalina.core.StandardEngineValve.invoke(StandardEngineValve.java:74)
	at org.apache.catalina.connector.CoyoteAdapter.service(CoyoteAdapter.java:344)
	at org.apache.coyote.http11.Http11Processor.service(Http11Processor.java:384)
	at org.apache.coyote.AbstractProcessorLight.process(AbstractProcessorLight.java:63)
	at org.apache.coyote.AbstractProtocol$ConnectionHandler.process(AbstractProtocol.java:905)
	at org.apache.tomcat.util.net.NioEndpoint$SocketProcessor.doRun(NioEndpoint.java:1741)
	at org.apache.tomcat.util.net.SocketProcessorBase.run(SocketProcessorBase.java:52)
	at org.apache.tomcat.util.threads.ThreadPoolExecutor.runWorker(ThreadPoolExecutor.java:1190)
	at org.apache.tomcat.util.threads.ThreadPoolExecutor$Worker.run(ThreadPoolExecutor.java:659)
	at org.apache.tomcat.util.threads.TaskThread$WrappingRunnable.run(TaskThread.java:63)
	at java.base/java.lang.Thread.run(Thread.java:840)
2025-12-27 10:16:31.833 [http-nio-8080-exec-6] WARN  o.s.w.s.m.m.a.ExceptionHandlerExceptionResolver 8590d9eb-de47-49ba-ac64-bb56d1a2b41a - Resolved [java.lang.RuntimeException: Email already exists]
2025-12-27 10:16:31.833 [http-nio-8080-exec-6] INFO  c.e.c.l.RequestResponseLoggingFilter 8590d9eb-de47-49ba-ac64-bb56d1a2b41a - HTTP POST /api/users/create | status=400 | duration=101ms | req={
  "name": "Bishal",
  "email": "bishal@example.com",
  "password": "secret123"
}
 | res={"timestamp":"2025-12-27T04:46:31.831171Z","status":400,"error":"Bad Request","message":"Email already exists","path":"/api/users/create"}
2025-12-27 10:23:44.040 [background-preinit] INFO  o.h.validator.internal.util.Version  - HV000001: Hibernate Validator 8.0.1.Final
2025-12-27 10:23:44.052 [restartedMain] INFO  c.e.c.CodedockBackendApplication  - Starting CodedockBackendApplication using Java 17.0.17 with PID 37123 (/Users/suvechha.bishal/IdeaProjects/codedock-backend/target/classes started by suvechha.bishal in /Users/suvechha.bishal/IdeaProjects/codedock-backend)
2025-12-27 10:23:44.052 [restartedMain] DEBUG c.e.c.CodedockBackendApplication  - Running with Spring Boot v3.3.4, Spring v6.1.13
2025-12-27 10:23:44.052 [restartedMain] INFO  c.e.c.CodedockBackendApplication  - No active profile set, falling back to 1 default profile: "default"
2025-12-27 10:23:44.450 [restartedMain] INFO  o.h.jpa.internal.util.LogHelper  - HHH000204: Processing PersistenceUnitInfo [name: default]
2025-12-27 10:23:44.467 [restartedMain] INFO  org.hibernate.Version  - HHH000412: Hibernate ORM core version 6.5.3.Final
2025-12-27 10:23:44.478 [restartedMain] INFO  o.h.c.i.RegionFactoryInitiator  - HHH000026: Second-level cache disabled
2025-12-27 10:23:44.933 [restartedMain] INFO  o.h.e.t.j.p.i.JtaPlatformInitiator  - HHH000489: No JTA platform available (set 'hibernate.transaction.jta.platform' to enable JTA platform integration)
2025-12-27 10:23:45.111 [restartedMain] INFO  c.e.c.CodedockBackendApplication  - Started CodedockBackendApplication in 1.204 seconds (process running for 1.366)
2025-12-27 11:21:34.854 [background-preinit] INFO  o.h.validator.internal.util.Version  - HV000001: Hibernate Validator 8.0.1.Final
2025-12-27 11:21:34.860 [main] INFO  c.e.c.CodedockBackendApplicationTests  - Starting CodedockBackendApplicationTests using Java 17.0.17 with PID 51308 (started by suvechha.bishal in /Users/suvechha.bishal/IdeaProjects/codedock-backend)
2025-12-27 11:21:34.861 [main] DEBUG c.e.c.CodedockBackendApplicationTests  - Running with Spring Boot v3.3.4, Spring v6.1.13
2025-12-27 11:21:34.861 [main] INFO  c.e.c.CodedockBackendApplicationTests  - No active profile set, falling back to 1 default profile: "default"
2025-12-27 11:21:35.183 [main] INFO  o.h.jpa.internal.util.LogHelper  - HHH000204: Processing PersistenceUnitInfo [name: default]
2025-12-27 11:21:35.196 [main] INFO  org.hibernate.Version  - HHH000412: Hibernate ORM core version 6.5.3.Final
2025-12-27 11:21:35.204 [main] INFO  o.h.c.i.RegionFactoryInitiator  - HHH000026: Second-level cache disabled
2025-12-27 11:21:35.543 [main] INFO  o.h.e.t.j.p.i.JtaPlatformInitiator  - HHH000489: No JTA platform available (set 'hibernate.transaction.jta.platform' to enable JTA platform integration)
2025-12-27 11:21:35.848 [main] INFO  c.e.c.CodedockBackendApplicationTests  - Started CodedockBackendApplicationTests in 1.088 seconds (process running for 1.361)
2025-12-27 11:47:38.603 [background-preinit] INFO  o.h.validator.internal.util.Version  - HV000001: Hibernate Validator 8.0.1.Final
2025-12-27 11:47:38.614 [restartedMain] INFO  c.e.c.CodedockBackendApplication  - Starting CodedockBackendApplication using Java 17.0.17 with PID 54371 (/Users/suvechha.bishal/IdeaProjects/codedock-backend/target/classes started by suvechha.bishal in /Users/suvechha.bishal/IdeaProjects/codedock-backend)
2025-12-27 11:47:38.614 [restartedMain] DEBUG c.e.c.CodedockBackendApplication  - Running with Spring Boot v3.3.4, Spring v6.1.13
2025-12-27 11:47:38.615 [restartedMain] INFO  c.e.c.CodedockBackendApplication  - No active profile set, falling back to 1 default profile: "default"
2025-12-27 11:47:38.660 [restartedMain] WARN  o.s.b.w.s.c.AnnotationConfigServletWebServerApplicationContext  - Exception encountered during context initialization - cancelling refresh attempt: org.springframework.beans.factory.BeanDefinitionStoreException: Failed to parse configuration class [com.example.codedockbackend.CodedockBackendApplication]
2025-12-27 11:47:38.728 [restartedMain] ERROR o.s.boot.SpringApplication  - Application run failed
org.springframework.beans.factory.BeanDefinitionStoreException: Failed to parse configuration class [com.example.codedockbackend.CodedockBackendApplication]
	at org.springframework.context.annotation.ConfigurationClassParser.parse(ConfigurationClassParser.java:179)
	at org.springframework.context.annotation.ConfigurationClassPostProcessor.processConfigBeanDefinitions(ConfigurationClassPostProcessor.java:417)
	at org.springframework.context.annotation.ConfigurationClassPostProcessor.postProcessBeanDefinitionRegistry(ConfigurationClassPostProcessor.java:290)
	at org.springframework.context.support.PostProcessorRegistrationDelegate.invokeBeanDefinitionRegistryPostProcessors(PostProcessorRegistrationDelegate.java:349)
	at org.springframework.context.support.PostProcessorRegistrationDelegate.invokeBeanFactoryPostProcessors(PostProcessorRegistrationDelegate.java:118)
	at org.springframework.context.support.AbstractApplicationContext.invokeBeanFactoryPostProcessors(AbstractApplicationContext.java:789)
	at org.springframework.context.support.AbstractApplicationContext.refresh(AbstractApplicationContext.java:607)
	at org.springframework.boot.web.servlet.context.ServletWebServerApplicationContext.refresh(ServletWebServerApplicationContext.java:146)
	at org.springframework.boot.SpringApplication.refresh(SpringApplication.java:754)
	at org.springframework.boot.SpringApplication.refreshContext(SpringApplication.java:456)
	at org.springframework.boot.SpringApplication.run(SpringApplication.java:335)
	at org.springframework.boot.SpringApplication.run(SpringApplication.java:1363)
	at org.springframework.boot.SpringApplication.run(SpringApplication.java:1352)
	at com.example.codedockbackend.CodedockBackendApplication.main(CodedockBackendApplication.java:17)
	at java.base/jdk.internal.reflect.NativeMethodAccessorImpl.invoke0(Native Method)
	at java.base/jdk.internal.reflect.NativeMethodAccessorImpl.invoke(NativeMethodAccessorImpl.java:77)
	at java.base/jdk.internal.reflect.DelegatingMethodAccessorImpl.invoke(DelegatingMethodAccessorImpl.java:43)
	at java.base/java.lang.reflect.Method.invoke(Method.java:569)
	at org.springframework.boot.devtools.restart.RestartLauncher.run(RestartLauncher.java:50)
Caused by: org.springframework.context.annotation.ConflictingBeanDefinitionException: Annotation-specified bean name 'securityConfig' for bean class [com.example.codedockbackend.security.SecurityConfig] conflicts with existing, non-compatible bean definition of same name and class [com.example.codedockbackend.config.SecurityConfig]
	at org.springframework.context.annotation.ClassPathBeanDefinitionScanner.checkCandidate(ClassPathBeanDefinitionScanner.java:361)
	at org.springframework.context.annotation.ClassPathBeanDefinitionScanner.doScan(ClassPathBeanDefinitionScanner.java:288)
	at org.springframework.context.annotation.ComponentScanAnnotationParser.parse(ComponentScanAnnotationParser.java:128)
	at org.springframework.context.annotation.ConfigurationClassParser.doProcessConfigurationClass(ConfigurationClassParser.java:306)
	at org.springframework.context.annotation.ConfigurationClassParser.processConfigurationClass(ConfigurationClassParser.java:246)
	at org.springframework.context.annotation.ConfigurationClassParser.parse(ConfigurationClassParser.java:197)
	at org.springframework.context.annotation.ConfigurationClassParser.parse(ConfigurationClassParser.java:165)
	... 18 common frames omitted
2025-12-27 11:51:57.823 [background-preinit] INFO  o.h.validator.internal.util.Version  - HV000001: Hibernate Validator 8.0.1.Final
2025-12-27 11:51:57.835 [restartedMain] INFO  c.e.c.CodedockBackendApplication  - Starting CodedockBackendApplication using Java 17.0.17 with PID 54667 (/Users/suvechha.bishal/IdeaProjects/codedock-backend/target/classes started by suvechha.bishal in /Users/suvechha.bishal/IdeaProjects/codedock-backend)
2025-12-27 11:51:57.836 [restartedMain] DEBUG c.e.c.CodedockBackendApplication  - Running with Spring Boot v3.3.4, Spring v6.1.13
2025-12-27 11:51:57.836 [restartedMain] INFO  c.e.c.CodedockBackendApplication  - No active profile set, falling back to 1 default profile: "default"
2025-12-27 11:51:58.226 [restartedMain] ERROR o.s.b.w.e.tomcat.TomcatStarter  - Error starting Tomcat context. Exception: org.springframework.beans.factory.UnsatisfiedDependencyException. Message: Error creating bean with name 'jwtAuthFilter' defined in file [/Users/suvechha.bishal/IdeaProjects/codedock-backend/target/classes/com/example/codedockbackend/security/JwtAuthFilter.class]: Unsatisfied dependency expressed through constructor parameter 0: Error creating bean with name 'jwtUtil': Injection of autowired dependencies failed
2025-12-27 11:51:58.235 [restartedMain] WARN  o.s.b.w.s.c.AnnotationConfigServletWebServerApplicationContext  - Exception encountered during context initialization - cancelling refresh attempt: org.springframework.context.ApplicationContextException: Unable to start web server
2025-12-27 11:51:58.242 [restartedMain] ERROR o.s.boot.SpringApplication  - Application run failed
org.springframework.context.ApplicationContextException: Unable to start web server
	at org.springframework.boot.web.servlet.context.ServletWebServerApplicationContext.onRefresh(ServletWebServerApplicationContext.java:165)
	at org.springframework.context.support.AbstractApplicationContext.refresh(AbstractApplicationContext.java:619)
	at org.springframework.boot.web.servlet.context.ServletWebServerApplicationContext.refresh(ServletWebServerApplicationContext.java:146)
	at org.springframework.boot.SpringApplication.refresh(SpringApplication.java:754)
	at org.springframework.boot.SpringApplication.refreshContext(SpringApplication.java:456)
	at org.springframework.boot.SpringApplication.run(SpringApplication.java:335)
	at org.springframework.boot.SpringApplication.run(SpringApplication.java:1363)
	at org.springframework.boot.SpringApplication.run(SpringApplication.java:1352)
	at com.example.codedockbackend.CodedockBackendApplication.main(CodedockBackendApplication.java:17)
	at java.base/jdk.internal.reflect.NativeMethodAccessorImpl.invoke0(Native Method)
	at java.base/jdk.internal.reflect.NativeMethodAccessorImpl.invoke(NativeMethodAccessorImpl.java:77)
	at java.base/jdk.internal.reflect.DelegatingMethodAccessorImpl.invoke(DelegatingMethodAccessorImpl.java:43)
	at java.base/java.lang.reflect.Method.invoke(Method.java:569)
	at org.springframework.boot.devtools.restart.RestartLauncher.run(RestartLauncher.java:50)
Caused by: org.springframework.boot.web.server.WebServerException: Unable to start embedded Tomcat
	at org.springframework.boot.web.embedded.tomcat.TomcatWebServer.initialize(TomcatWebServer.java:147)
	at org.springframework.boot.web.embedded.tomcat.TomcatWebServer.<init>(TomcatWebServer.java:107)
	at org.springframework.boot.web.embedded.tomcat.TomcatServletWebServerFactory.getTomcatWebServer(TomcatServletWebServerFactory.java:516)
	at org.springframework.boot.web.embedded.tomcat.TomcatServletWebServerFactory.getWebServer(TomcatServletWebServerFactory.java:222)
	at org.springframework.boot.web.servlet.context.ServletWebServerApplicationContext.createWebServer(ServletWebServerApplicationContext.java:188)
	at org.springframework.boot.web.servlet.context.ServletWebServerApplicationContext.onRefresh(ServletWebServerApplicationContext.java:162)
	... 13 common frames omitted
Caused by: org.springframework.beans.factory.UnsatisfiedDependencyException: Error creating bean with name 'jwtAuthFilter' defined in file [/Users/suvechha.bishal/IdeaProjects/codedock-backend/target/classes/com/example/codedockbackend/security/JwtAuthFilter.class]: Unsatisfied dependency expressed through constructor parameter 0: Error creating bean with name 'jwtUtil': Injection of autowired dependencies failed
	at org.springframework.beans.factory.support.ConstructorResolver.createArgumentArray(ConstructorResolver.java:795)
	at org.springframework.beans.factory.support.ConstructorResolver.autowireConstructor(ConstructorResolver.java:237)
	at org.springframework.beans.factory.support.AbstractAutowireCapableBeanFactory.autowireConstructor(AbstractAutowireCapableBeanFactory.java:1375)
	at org.springframework.beans.factory.support.AbstractAutowireCapableBeanFactory.createBeanInstance(AbstractAutowireCapableBeanFactory.java:1212)
	at org.springframework.beans.factory.support.AbstractAutowireCapableBeanFactory.doCreateBean(AbstractAutowireCapableBeanFactory.java:562)
	at org.springframework.beans.factory.support.AbstractAutowireCapableBeanFactory.createBean(AbstractAutowireCapableBeanFactory.java:522)
	at org.springframework.beans.factory.support.AbstractBeanFactory.lambda$doGetBean$0(AbstractBeanFactory.java:337)
	at org.springframework.beans.factory.support.DefaultSingletonBeanRegistry.getSingleton(DefaultSingletonBeanRegistry.java:234)
	at org.springframework.beans.factory.support.AbstractBeanFactory.doGetBean(AbstractBeanFactory.java:335)
	at org.springframework.beans.factory.support.AbstractBeanFactory.getBean(AbstractBeanFactory.java:205)
	at org.springframework.boot.web.servlet.ServletContextInitializerBeans.getOrderedBeansOfType(ServletContextInitializerBeans.java:211)
	at org.springframework.boot.web.servlet.ServletContextInitializerBeans.addAsRegistrationBean(ServletContextInitializerBeans.java:174)
	at org.springframework.boot.web.servlet.ServletContextInitializerBeans.addAsRegistrationBean(ServletContextInitializerBeans.java:169)
	at org.springframework.boot.web.servlet.ServletContextInitializerBeans.addAdaptableBeans(ServletContextInitializerBeans.java:154)
	at org.springframework.boot.web.servlet.ServletContextInitializerBeans.<init>(ServletContextInitializerBeans.java:87)
	at org.springframework.boot.web.servlet.context.ServletWebServerApplicationContext.getServletContextInitializerBeans(ServletWebServerApplicationContext.java:266)
	at org.springframework.boot.web.servlet.context.ServletWebServerApplicationContext.selfInitialize(ServletWebServerApplicationContext.java:240)
	at org.springframework.boot.web.embedded.tomcat.TomcatStarter.onStartup(TomcatStarter.java:52)
	at org.apache.catalina.core.StandardContext.startInternal(StandardContext.java:4412)
	at org.apache.catalina.util.LifecycleBase.start(LifecycleBase.java:164)
	at org.apache.catalina.core.ContainerBase$StartChild.call(ContainerBase.java:1203)
	at org.apache.catalina.core.ContainerBase$StartChild.call(ContainerBase.java:1193)
	at java.base/java.util.concurrent.FutureTask.run(FutureTask.java:264)
	at org.apache.tomcat.util.threads.InlineExecutorService.execute(InlineExecutorService.java:75)
	at java.base/java.util.concurrent.AbstractExecutorService.submit(AbstractExecutorService.java:145)
	at org.apache.catalina.core.ContainerBase.startInternal(ContainerBase.java:749)
	at org.apache.catalina.core.StandardHost.startInternal(StandardHost.java:772)
	at org.apache.catalina.util.LifecycleBase.start(LifecycleBase.java:164)
	at org.apache.catalina.core.ContainerBase$StartChild.call(ContainerBase.java:1203)
	at org.apache.catalina.core.ContainerBase$StartChild.call(ContainerBase.java:1193)
	at java.base/java.util.concurrent.FutureTask.run(FutureTask.java:264)
	at org.apache.tomcat.util.threads.InlineExecutorService.execute(InlineExecutorService.java:75)
	at java.base/java.util.concurrent.AbstractExecutorService.submit(AbstractExecutorService.java:145)
	at org.apache.catalina.core.ContainerBase.startInternal(ContainerBase.java:749)
	at org.apache.catalina.core.StandardEngine.startInternal(StandardEngine.java:203)
	at org.apache.catalina.util.LifecycleBase.start(LifecycleBase.java:164)
	at org.apache.catalina.core.StandardService.startInternal(StandardService.java:415)
	at org.apache.catalina.util.LifecycleBase.start(LifecycleBase.java:164)
	at org.apache.catalina.core.StandardServer.startInternal(StandardServer.java:870)
	at org.apache.catalina.util.LifecycleBase.start(LifecycleBase.java:164)
	at org.apache.catalina.startup.Tomcat.start(Tomcat.java:437)
	at org.springframework.boot.web.embedded.tomcat.TomcatWebServer.initialize(TomcatWebServer.java:128)
	... 18 common frames omitted
Caused by: org.springframework.beans.factory.BeanCreationException: Error creating bean with name 'jwtUtil': Injection of autowired dependencies failed
	at org.springframework.beans.factory.annotation.AutowiredAnnotationBeanPostProcessor.postProcessProperties(AutowiredAnnotationBeanPostProcessor.java:515)
	at org.springframework.beans.factory.support.AbstractAutowireCapableBeanFactory.populateBean(AbstractAutowireCapableBeanFactory.java:1439)
	at org.springframework.beans.factory.support.AbstractAutowireCapableBeanFactory.doCreateBean(AbstractAutowireCapableBeanFactory.java:599)
	at org.springframework.beans.factory.support.AbstractAutowireCapableBeanFactory.createBean(AbstractAutowireCapableBeanFactory.java:522)
	at org.springframework.beans.factory.support.AbstractBeanFactory.lambda$doGetBean$0(AbstractBeanFactory.java:337)
	at org.springframework.beans.factory.support.DefaultSingletonBeanRegistry.getSingleton(DefaultSingletonBeanRegistry.java:234)
	at org.springframework.beans.factory.support.AbstractBeanFactory.doGetBean(AbstractBeanFactory.java:335)
	at org.springframework.beans.factory.support.AbstractBeanFactory.getBean(AbstractBeanFactory.java:200)
	at org.springframework.beans.factory.config.DependencyDescriptor.resolveCandidate(DependencyDescriptor.java:254)
	at org.springframework.beans.factory.support.DefaultListableBeanFactory.doResolveDependency(DefaultListableBeanFactory.java:1443)
	at org.springframework.beans.factory.support.DefaultListableBeanFactory.resolveDependency(DefaultListableBeanFactory.java:1353)
	at org.springframework.beans.factory.support.ConstructorResolver.resolveAutowiredArgument(ConstructorResolver.java:904)
	at org.springframework.beans.factory.support.ConstructorResolver.createArgumentArray(ConstructorResolver.java:782)
	... 59 common frames omitted
Caused by: java.lang.IllegalArgumentException: Could not resolve placeholder 'JWT_SECRET' in value "${JWT_SECRET}"
	at org.springframework.util.PropertyPlaceholderHelper.parseStringValue(PropertyPlaceholderHelper.java:180)
	at org.springframework.util.PropertyPlaceholderHelper.replacePlaceholders(PropertyPlaceholderHelper.java:126)
	at org.springframework.core.env.AbstractPropertyResolver.doResolvePlaceholders(AbstractPropertyResolver.java:239)
	at org.springframework.core.env.AbstractPropertyResolver.resolveRequiredPlaceholders(AbstractPropertyResolver.java:210)
	at org.springframework.core.env.AbstractPropertyResolver.resolveNestedPlaceholders(AbstractPropertyResolver.java:230)
	at org.springframework.boot.context.properties.source.ConfigurationPropertySourcesPropertyResolver.getProperty(ConfigurationPropertySourcesPropertyResolver.java:80)
	at org.springframework.boot.context.properties.source.ConfigurationPropertySourcesPropertyResolver.getProperty(ConfigurationPropertySourcesPropertyResolver.java:61)
	at org.springframework.core.env.AbstractEnvironment.getProperty(AbstractEnvironment.java:552)
	at org.springframework.context.support.PropertySourcesPlaceholderConfigurer$1.getProperty(PropertySourcesPlaceholderConfigurer.java:153)
	at org.springframework.context.support.PropertySourcesPlaceholderConfigurer$1.getProperty(PropertySourcesPlaceholderConfigurer.java:149)
	at org.springframework.core.env.PropertySourcesPropertyResolver.getProperty(PropertySourcesPropertyResolver.java:85)
	at org.springframework.core.env.PropertySourcesPropertyResolver.getPropertyAsRawString(PropertySourcesPropertyResolver.java:74)
	at org.springframework.util.PropertyPlaceholderHelper.parseStringValue(PropertyPlaceholderHelper.java:153)
	at org.springframework.util.PropertyPlaceholderHelper.replacePlaceholders(PropertyPlaceholderHelper.java:126)
	at org.springframework.core.env.AbstractPropertyResolver.doResolvePlaceholders(AbstractPropertyResolver.java:239)
	at org.springframework.core.env.AbstractPropertyResolver.resolveRequiredPlaceholders(AbstractPropertyResolver.java:210)
	at org.springframework.context.support.PropertySourcesPlaceholderConfigurer.lambda$processProperties$0(PropertySourcesPlaceholderConfigurer.java:200)
	at org.springframework.beans.factory.support.AbstractBeanFactory.resolveEmbeddedValue(AbstractBeanFactory.java:964)
	at org.springframework.beans.factory.support.DefaultListableBeanFactory.doResolveDependency(DefaultListableBeanFactory.java:1374)
	at org.springframework.beans.factory.support.DefaultListableBeanFactory.resolveDependency(DefaultListableBeanFactory.java:1353)
	at org.springframework.beans.factory.annotation.AutowiredAnnotationBeanPostProcessor$AutowiredFieldElement.resolveFieldValue(AutowiredAnnotationBeanPostProcessor.java:785)
	at org.springframework.beans.factory.annotation.AutowiredAnnotationBeanPostProcessor$AutowiredFieldElement.inject(AutowiredAnnotationBeanPostProcessor.java:768)
	at org.springframework.beans.factory.annotation.InjectionMetadata.inject(InjectionMetadata.java:145)
	at org.springframework.beans.factory.annotation.AutowiredAnnotationBeanPostProcessor.postProcessProperties(AutowiredAnnotationBeanPostProcessor.java:509)
	... 71 common frames omitted
2025-12-27 11:53:03.661 [background-preinit] INFO  o.h.validator.internal.util.Version  - HV000001: Hibernate Validator 8.0.1.Final
2025-12-27 11:53:03.672 [restartedMain] INFO  c.e.c.CodedockBackendApplication  - Starting CodedockBackendApplication using Java 17.0.17 with PID 55031 (/Users/suvechha.bishal/IdeaProjects/codedock-backend/target/classes started by suvechha.bishal in /Users/suvechha.bishal/IdeaProjects/codedock-backend)
2025-12-27 11:53:03.673 [restartedMain] DEBUG c.e.c.CodedockBackendApplication  - Running with Spring Boot v3.3.4, Spring v6.1.13
2025-12-27 11:53:03.673 [restartedMain] INFO  c.e.c.CodedockBackendApplication  - No active profile set, falling back to 1 default profile: "default"
2025-12-27 11:53:04.049 [restartedMain] ERROR o.s.b.w.e.tomcat.TomcatStarter  - Error starting Tomcat context. Exception: org.springframework.beans.factory.UnsatisfiedDependencyException. Message: Error creating bean with name 'jwtAuthFilter' defined in file [/Users/suvechha.bishal/IdeaProjects/codedock-backend/target/classes/com/example/codedockbackend/security/JwtAuthFilter.class]: Unsatisfied dependency expressed through constructor parameter 0: Error creating bean with name 'jwtUtil': Injection of autowired dependencies failed
2025-12-27 11:53:04.058 [restartedMain] WARN  o.s.b.w.s.c.AnnotationConfigServletWebServerApplicationContext  - Exception encountered during context initialization - cancelling refresh attempt: org.springframework.context.ApplicationContextException: Unable to start web server
2025-12-27 11:53:04.065 [restartedMain] ERROR o.s.boot.SpringApplication  - Application run failed
org.springframework.context.ApplicationContextException: Unable to start web server
	at org.springframework.boot.web.servlet.context.ServletWebServerApplicationContext.onRefresh(ServletWebServerApplicationContext.java:165)
	at org.springframework.context.support.AbstractApplicationContext.refresh(AbstractApplicationContext.java:619)
	at org.springframework.boot.web.servlet.context.ServletWebServerApplicationContext.refresh(ServletWebServerApplicationContext.java:146)
	at org.springframework.boot.SpringApplication.refresh(SpringApplication.java:754)
	at org.springframework.boot.SpringApplication.refreshContext(SpringApplication.java:456)
	at org.springframework.boot.SpringApplication.run(SpringApplication.java:335)
	at org.springframework.boot.SpringApplication.run(SpringApplication.java:1363)
	at org.springframework.boot.SpringApplication.run(SpringApplication.java:1352)
	at com.example.codedockbackend.CodedockBackendApplication.main(CodedockBackendApplication.java:17)
	at java.base/jdk.internal.reflect.NativeMethodAccessorImpl.invoke0(Native Method)
	at java.base/jdk.internal.reflect.NativeMethodAccessorImpl.invoke(NativeMethodAccessorImpl.java:77)
	at java.base/jdk.internal.reflect.DelegatingMethodAccessorImpl.invoke(DelegatingMethodAccessorImpl.java:43)
	at java.base/java.lang.reflect.Method.invoke(Method.java:569)
	at org.springframework.boot.devtools.restart.RestartLauncher.run(RestartLauncher.java:50)
Caused by: org.springframework.boot.web.server.WebServerException: Unable to start embedded Tomcat
	at org.springframework.boot.web.embedded.tomcat.TomcatWebServer.initialize(TomcatWebServer.java:147)
	at org.springframework.boot.web.embedded.tomcat.TomcatWebServer.<init>(TomcatWebServer.java:107)
	at org.springframework.boot.web.embedded.tomcat.TomcatServletWebServerFactory.getTomcatWebServer(TomcatServletWebServerFactory.java:516)
	at org.springframework.boot.web.embedded.tomcat.TomcatServletWebServerFactory.getWebServer(TomcatServletWebServerFactory.java:222)
	at org.springframework.boot.web.servlet.context.ServletWebServerApplicationContext.createWebServer(ServletWebServerApplicationContext.java:188)
	at org.springframework.boot.web.servlet.context.ServletWebServerApplicationContext.onRefresh(ServletWebServerApplicationContext.java:162)
	... 13 common frames omitted
Caused by: org.springframework.beans.factory.UnsatisfiedDependencyException: Error creating bean with name 'jwtAuthFilter' defined in file [/Users/suvechha.bishal/IdeaProjects/codedock-backend/target/classes/com/example/codedockbackend/security/JwtAuthFilter.class]: Unsatisfied dependency expressed through constructor parameter 0: Error creating bean with name 'jwtUtil': Injection of autowired dependencies failed
	at org.springframework.beans.factory.support.ConstructorResolver.createArgumentArray(ConstructorResolver.java:795)
	at org.springframework.beans.factory.support.ConstructorResolver.autowireConstructor(ConstructorResolver.java:237)
	at org.springframework.beans.factory.support.AbstractAutowireCapableBeanFactory.autowireConstructor(AbstractAutowireCapableBeanFactory.java:1375)
	at org.springframework.beans.factory.support.AbstractAutowireCapableBeanFactory.createBeanInstance(AbstractAutowireCapableBeanFactory.java:1212)
	at org.springframework.beans.factory.support.AbstractAutowireCapableBeanFactory.doCreateBean(AbstractAutowireCapableBeanFactory.java:562)
	at org.springframework.beans.factory.support.AbstractAutowireCapableBeanFactory.createBean(AbstractAutowireCapableBeanFactory.java:522)
	at org.springframework.beans.factory.support.AbstractBeanFactory.lambda$doGetBean$0(AbstractBeanFactory.java:337)
	at org.springframework.beans.factory.support.DefaultSingletonBeanRegistry.getSingleton(DefaultSingletonBeanRegistry.java:234)
	at org.springframework.beans.factory.support.AbstractBeanFactory.doGetBean(AbstractBeanFactory.java:335)
	at org.springframework.beans.factory.support.AbstractBeanFactory.getBean(AbstractBeanFactory.java:205)
	at org.springframework.boot.web.servlet.ServletContextInitializerBeans.getOrderedBeansOfType(ServletContextInitializerBeans.java:211)
	at org.springframework.boot.web.servlet.ServletContextInitializerBeans.addAsRegistrationBean(ServletContextInitializerBeans.java:174)
	at org.springframework.boot.web.servlet.ServletContextInitializerBeans.addAsRegistrationBean(ServletContextInitializerBeans.java:169)
	at org.springframework.boot.web.servlet.ServletContextInitializerBeans.addAdaptableBeans(ServletContextInitializerBeans.java:154)
	at org.springframework.boot.web.servlet.ServletContextInitializerBeans.<init>(ServletContextInitializerBeans.java:87)
	at org.springframework.boot.web.servlet.context.ServletWebServerApplicationContext.getServletContextInitializerBeans(ServletWebServerApplicationContext.java:266)
	at org.springframework.boot.web.servlet.context.ServletWebServerApplicationContext.selfInitialize(ServletWebServerApplicationContext.java:240)
	at org.springframework.boot.web.embedded.tomcat.TomcatStarter.onStartup(TomcatStarter.java:52)
	at org.apache.catalina.core.StandardContext.startInternal(StandardContext.java:4412)
	at org.apache.catalina.util.LifecycleBase.start(LifecycleBase.java:164)
	at org.apache.catalina.core.ContainerBase$StartChild.call(ContainerBase.java:1203)
	at org.apache.catalina.core.ContainerBase$StartChild.call(ContainerBase.java:1193)
	at java.base/java.util.concurrent.FutureTask.run(FutureTask.java:264)
	at org.apache.tomcat.util.threads.InlineExecutorService.execute(InlineExecutorService.java:75)
	at java.base/java.util.concurrent.AbstractExecutorService.submit(AbstractExecutorService.java:145)
	at org.apache.catalina.core.ContainerBase.startInternal(ContainerBase.java:749)
	at org.apache.catalina.core.StandardHost.startInternal(StandardHost.java:772)
	at org.apache.catalina.util.LifecycleBase.start(LifecycleBase.java:164)
	at org.apache.catalina.core.ContainerBase$StartChild.call(ContainerBase.java:1203)
	at org.apache.catalina.core.ContainerBase$StartChild.call(ContainerBase.java:1193)
	at java.base/java.util.concurrent.FutureTask.run(FutureTask.java:264)
	at org.apache.tomcat.util.threads.InlineExecutorService.execute(InlineExecutorService.java:75)
	at java.base/java.util.concurrent.AbstractExecutorService.submit(AbstractExecutorService.java:145)
	at org.apache.catalina.core.ContainerBase.startInternal(ContainerBase.java:749)
	at org.apache.catalina.core.StandardEngine.startInternal(StandardEngine.java:203)
	at org.apache.catalina.util.LifecycleBase.start(LifecycleBase.java:164)
	at org.apache.catalina.core.StandardService.startInternal(StandardService.java:415)
	at org.apache.catalina.util.LifecycleBase.start(LifecycleBase.java:164)
	at org.apache.catalina.core.StandardServer.startInternal(StandardServer.java:870)
	at org.apache.catalina.util.LifecycleBase.start(LifecycleBase.java:164)
	at org.apache.catalina.startup.Tomcat.start(Tomcat.java:437)
	at org.springframework.boot.web.embedded.tomcat.TomcatWebServer.initialize(TomcatWebServer.java:128)
	... 18 common frames omitted
Caused by: org.springframework.beans.factory.BeanCreationException: Error creating bean with name 'jwtUtil': Injection of autowired dependencies failed
	at org.springframework.beans.factory.annotation.AutowiredAnnotationBeanPostProcessor.postProcessProperties(AutowiredAnnotationBeanPostProcessor.java:515)
	at org.springframework.beans.factory.support.AbstractAutowireCapableBeanFactory.populateBean(AbstractAutowireCapableBeanFactory.java:1439)
	at org.springframework.beans.factory.support.AbstractAutowireCapableBeanFactory.doCreateBean(AbstractAutowireCapableBeanFactory.java:599)
	at org.springframework.beans.factory.support.AbstractAutowireCapableBeanFactory.createBean(AbstractAutowireCapableBeanFactory.java:522)
	at org.springframework.beans.factory.support.AbstractBeanFactory.lambda$doGetBean$0(AbstractBeanFactory.java:337)
	at org.springframework.beans.factory.support.DefaultSingletonBeanRegistry.getSingleton(DefaultSingletonBeanRegistry.java:234)
	at org.springframework.beans.factory.support.AbstractBeanFactory.doGetBean(AbstractBeanFactory.java:335)
	at org.springframework.beans.factory.support.AbstractBeanFactory.getBean(AbstractBeanFactory.java:200)
	at org.springframework.beans.factory.config.DependencyDescriptor.resolveCandidate(DependencyDescriptor.java:254)
	at org.springframework.beans.factory.support.DefaultListableBeanFactory.doResolveDependency(DefaultListableBeanFactory.java:1443)
	at org.springframework.beans.factory.support.DefaultListableBeanFactory.resolveDependency(DefaultListableBeanFactory.java:1353)
	at org.springframework.beans.factory.support.ConstructorResolver.resolveAutowiredArgument(ConstructorResolver.java:904)
	at org.springframework.beans.factory.support.ConstructorResolver.createArgumentArray(ConstructorResolver.java:782)
	... 59 common frames omitted
Caused by: java.lang.IllegalArgumentException: Could not resolve placeholder 'JWT_SECRET' in value "${JWT_SECRET}"
	at org.springframework.util.PropertyPlaceholderHelper.parseStringValue(PropertyPlaceholderHelper.java:180)
	at org.springframework.util.PropertyPlaceholderHelper.replacePlaceholders(PropertyPlaceholderHelper.java:126)
	at org.springframework.core.env.AbstractPropertyResolver.doResolvePlaceholders(AbstractPropertyResolver.java:239)
	at org.springframework.core.env.AbstractPropertyResolver.resolveRequiredPlaceholders(AbstractPropertyResolver.java:210)
	at org.springframework.core.env.AbstractPropertyResolver.resolveNestedPlaceholders(AbstractPropertyResolver.java:230)
	at org.springframework.boot.context.properties.source.ConfigurationPropertySourcesPropertyResolver.getProperty(ConfigurationPropertySourcesPropertyResolver.java:80)
	at org.springframework.boot.context.properties.source.ConfigurationPropertySourcesPropertyResolver.getProperty(ConfigurationPropertySourcesPropertyResolver.java:61)
	at org.springframework.core.env.AbstractEnvironment.getProperty(AbstractEnvironment.java:552)
	at org.springframework.context.support.PropertySourcesPlaceholderConfigurer$1.getProperty(PropertySourcesPlaceholderConfigurer.java:153)
	at org.springframework.context.support.PropertySourcesPlaceholderConfigurer$1.getProperty(PropertySourcesPlaceholderConfigurer.java:149)
	at org.springframework.core.env.PropertySourcesPropertyResolver.getProperty(PropertySourcesPropertyResolver.java:85)
	at org.springframework.core.env.PropertySourcesPropertyResolver.getPropertyAsRawString(PropertySourcesPropertyResolver.java:74)
	at org.springframework.util.PropertyPlaceholderHelper.parseStringValue(PropertyPlaceholderHelper.java:153)
	at org.springframework.util.PropertyPlaceholderHelper.replacePlaceholders(PropertyPlaceholderHelper.java:126)
	at org.springframework.core.env.AbstractPropertyResolver.doResolvePlaceholders(AbstractPropertyResolver.java:239)
	at org.springframework.core.env.AbstractPropertyResolver.resolveRequiredPlaceholders(AbstractPropertyResolver.java:210)
	at org.springframework.context.support.PropertySourcesPlaceholderConfigurer.lambda$processProperties$0(PropertySourcesPlaceholderConfigurer.java:200)
	at org.springframework.beans.factory.support.AbstractBeanFactory.resolveEmbeddedValue(AbstractBeanFactory.java:964)
	at org.springframework.beans.factory.support.DefaultListableBeanFactory.doResolveDependency(DefaultListableBeanFactory.java:1374)
	at org.springframework.beans.factory.support.DefaultListableBeanFactory.resolveDependency(DefaultListableBeanFactory.java:1353)
	at org.springframework.beans.factory.annotation.AutowiredAnnotationBeanPostProcessor$AutowiredFieldElement.resolveFieldValue(AutowiredAnnotationBeanPostProcessor.java:785)
	at org.springframework.beans.factory.annotation.AutowiredAnnotationBeanPostProcessor$AutowiredFieldElement.inject(AutowiredAnnotationBeanPostProcessor.java:768)
	at org.springframework.beans.factory.annotation.InjectionMetadata.inject(InjectionMetadata.java:145)
	at org.springframework.beans.factory.annotation.AutowiredAnnotationBeanPostProcessor.postProcessProperties(AutowiredAnnotationBeanPostProcessor.java:509)
	... 71 common frames omitted
2025-12-27 11:53:10.134 [background-preinit] INFO  o.h.validator.internal.util.Version  - HV000001: Hibernate Validator 8.0.1.Final
2025-12-27 11:53:10.144 [restartedMain] INFO  c.e.c.CodedockBackendApplication  - Starting CodedockBackendApplication using Java 17.0.17 with PID 55070 (/Users/suvechha.bishal/IdeaProjects/codedock-backend/target/classes started by suvechha.bishal in /Users/suvechha.bishal/IdeaProjects/codedock-backend)
2025-12-27 11:53:10.144 [restartedMain] DEBUG c.e.c.CodedockBackendApplication  - Running with Spring Boot v3.3.4, Spring v6.1.13
2025-12-27 11:53:10.144 [restartedMain] INFO  c.e.c.CodedockBackendApplication  - No active profile set, falling back to 1 default profile: "default"
2025-12-27 11:53:10.564 [restartedMain] ERROR o.s.b.w.e.tomcat.TomcatStarter  - Error starting Tomcat context. Exception: org.springframework.beans.factory.UnsatisfiedDependencyException. Message: Error creating bean with name 'jwtAuthFilter' defined in file [/Users/suvechha.bishal/IdeaProjects/codedock-backend/target/classes/com/example/codedockbackend/security/JwtAuthFilter.class]: Unsatisfied dependency expressed through constructor parameter 0: Error creating bean with name 'jwtUtil': Injection of autowired dependencies failed
2025-12-27 11:53:10.572 [restartedMain] WARN  o.s.b.w.s.c.AnnotationConfigServletWebServerApplicationContext  - Exception encountered during context initialization - cancelling refresh attempt: org.springframework.context.ApplicationContextException: Unable to start web server
2025-12-27 11:53:10.579 [restartedMain] ERROR o.s.boot.SpringApplication  - Application run failed
org.springframework.context.ApplicationContextException: Unable to start web server
	at org.springframework.boot.web.servlet.context.ServletWebServerApplicationContext.onRefresh(ServletWebServerApplicationContext.java:165)
	at org.springframework.context.support.AbstractApplicationContext.refresh(AbstractApplicationContext.java:619)
	at org.springframework.boot.web.servlet.context.ServletWebServerApplicationContext.refresh(ServletWebServerApplicationContext.java:146)
	at org.springframework.boot.SpringApplication.refresh(SpringApplication.java:754)
	at org.springframework.boot.SpringApplication.refreshContext(SpringApplication.java:456)
	at org.springframework.boot.SpringApplication.run(SpringApplication.java:335)
	at org.springframework.boot.SpringApplication.run(SpringApplication.java:1363)
	at org.springframework.boot.SpringApplication.run(SpringApplication.java:1352)
	at com.example.codedockbackend.CodedockBackendApplication.main(CodedockBackendApplication.java:17)
	at java.base/jdk.internal.reflect.NativeMethodAccessorImpl.invoke0(Native Method)
	at java.base/jdk.internal.reflect.NativeMethodAccessorImpl.invoke(NativeMethodAccessorImpl.java:77)
	at java.base/jdk.internal.reflect.DelegatingMethodAccessorImpl.invoke(DelegatingMethodAccessorImpl.java:43)
	at java.base/java.lang.reflect.Method.invoke(Method.java:569)
	at org.springframework.boot.devtools.restart.RestartLauncher.run(RestartLauncher.java:50)
Caused by: org.springframework.boot.web.server.WebServerException: Unable to start embedded Tomcat
	at org.springframework.boot.web.embedded.tomcat.TomcatWebServer.initialize(TomcatWebServer.java:147)
	at org.springframework.boot.web.embedded.tomcat.TomcatWebServer.<init>(TomcatWebServer.java:107)
	at org.springframework.boot.web.embedded.tomcat.TomcatServletWebServerFactory.getTomcatWebServer(TomcatServletWebServerFactory.java:516)
	at org.springframework.boot.web.embedded.tomcat.TomcatServletWebServerFactory.getWebServer(TomcatServletWebServerFactory.java:222)
	at org.springframework.boot.web.servlet.context.ServletWebServerApplicationContext.createWebServer(ServletWebServerApplicationContext.java:188)
	at org.springframework.boot.web.servlet.context.ServletWebServerApplicationContext.onRefresh(ServletWebServerApplicationContext.java:162)
	... 13 common frames omitted
Caused by: org.springframework.beans.factory.UnsatisfiedDependencyException: Error creating bean with name 'jwtAuthFilter' defined in file [/Users/suvechha.bishal/IdeaProjects/codedock-backend/target/classes/com/example/codedockbackend/security/JwtAuthFilter.class]: Unsatisfied dependency expressed through constructor parameter 0: Error creating bean with name 'jwtUtil': Injection of autowired dependencies failed
	at org.springframework.beans.factory.support.ConstructorResolver.createArgumentArray(ConstructorResolver.java:795)
	at org.springframework.beans.factory.support.ConstructorResolver.autowireConstructor(ConstructorResolver.java:237)
	at org.springframework.beans.factory.support.AbstractAutowireCapableBeanFactory.autowireConstructor(AbstractAutowireCapableBeanFactory.java:1375)
	at org.springframework.beans.factory.support.AbstractAutowireCapableBeanFactory.createBeanInstance(AbstractAutowireCapableBeanFactory.java:1212)
	at org.springframework.beans.factory.support.AbstractAutowireCapableBeanFactory.doCreateBean(AbstractAutowireCapableBeanFactory.java:562)
	at org.springframework.beans.factory.support.AbstractAutowireCapableBeanFactory.createBean(AbstractAutowireCapableBeanFactory.java:522)
	at org.springframework.beans.factory.support.AbstractBeanFactory.lambda$doGetBean$0(AbstractBeanFactory.java:337)
	at org.springframework.beans.factory.support.DefaultSingletonBeanRegistry.getSingleton(DefaultSingletonBeanRegistry.java:234)
	at org.springframework.beans.factory.support.AbstractBeanFactory.doGetBean(AbstractBeanFactory.java:335)
	at org.springframework.beans.factory.support.AbstractBeanFactory.getBean(AbstractBeanFactory.java:205)
	at org.springframework.boot.web.servlet.ServletContextInitializerBeans.getOrderedBeansOfType(ServletContextInitializerBeans.java:211)
	at org.springframework.boot.web.servlet.ServletContextInitializerBeans.addAsRegistrationBean(ServletContextInitializerBeans.java:174)
	at org.springframework.boot.web.servlet.ServletContextInitializerBeans.addAsRegistrationBean(ServletContextInitializerBeans.java:169)
	at org.springframework.boot.web.servlet.ServletContextInitializerBeans.addAdaptableBeans(ServletContextInitializerBeans.java:154)
	at org.springframework.boot.web.servlet.ServletContextInitializerBeans.<init>(ServletContextInitializerBeans.java:87)
	at org.springframework.boot.web.servlet.context.ServletWebServerApplicationContext.getServletContextInitializerBeans(ServletWebServerApplicationContext.java:266)
	at org.springframework.boot.web.servlet.context.ServletWebServerApplicationContext.selfInitialize(ServletWebServerApplicationContext.java:240)
	at org.springframework.boot.web.embedded.tomcat.TomcatStarter.onStartup(TomcatStarter.java:52)
	at org.apache.catalina.core.StandardContext.startInternal(StandardContext.java:4412)
	at org.apache.catalina.util.LifecycleBase.start(LifecycleBase.java:164)
	at org.apache.catalina.core.ContainerBase$StartChild.call(ContainerBase.java:1203)
	at org.apache.catalina.core.ContainerBase$StartChild.call(ContainerBase.java:1193)
	at java.base/java.util.concurrent.FutureTask.run(FutureTask.java:264)
	at org.apache.tomcat.util.threads.InlineExecutorService.execute(InlineExecutorService.java:75)
	at java.base/java.util.concurrent.AbstractExecutorService.submit(AbstractExecutorService.java:145)
	at org.apache.catalina.core.ContainerBase.startInternal(ContainerBase.java:749)
	at org.apache.catalina.core.StandardHost.startInternal(StandardHost.java:772)
	at org.apache.catalina.util.LifecycleBase.start(LifecycleBase.java:164)
	at org.apache.catalina.core.ContainerBase$StartChild.call(ContainerBase.java:1203)
	at org.apache.catalina.core.ContainerBase$StartChild.call(ContainerBase.java:1193)
	at java.base/java.util.concurrent.FutureTask.run(FutureTask.java:264)
	at org.apache.tomcat.util.threads.InlineExecutorService.execute(InlineExecutorService.java:75)
	at java.base/java.util.concurrent.AbstractExecutorService.submit(AbstractExecutorService.java:145)
	at org.apache.catalina.core.ContainerBase.startInternal(ContainerBase.java:749)
	at org.apache.catalina.core.StandardEngine.startInternal(StandardEngine.java:203)
	at org.apache.catalina.util.LifecycleBase.start(LifecycleBase.java:164)
	at org.apache.catalina.core.StandardService.startInternal(StandardService.java:415)
	at org.apache.catalina.util.LifecycleBase.start(LifecycleBase.java:164)
	at org.apache.catalina.core.StandardServer.startInternal(StandardServer.java:870)
	at org.apache.catalina.util.LifecycleBase.start(LifecycleBase.java:164)
	at org.apache.catalina.startup.Tomcat.start(Tomcat.java:437)
	at org.springframework.boot.web.embedded.tomcat.TomcatWebServer.initialize(TomcatWebServer.java:128)
	... 18 common frames omitted
Caused by: org.springframework.beans.factory.BeanCreationException: Error creating bean with name 'jwtUtil': Injection of autowired dependencies failed
	at org.springframework.beans.factory.annotation.AutowiredAnnotationBeanPostProcessor.postProcessProperties(AutowiredAnnotationBeanPostProcessor.java:515)
	at org.springframework.beans.factory.support.AbstractAutowireCapableBeanFactory.populateBean(AbstractAutowireCapableBeanFactory.java:1439)
	at org.springframework.beans.factory.support.AbstractAutowireCapableBeanFactory.doCreateBean(AbstractAutowireCapableBeanFactory.java:599)
	at org.springframework.beans.factory.support.AbstractAutowireCapableBeanFactory.createBean(AbstractAutowireCapableBeanFactory.java:522)
	at org.springframework.beans.factory.support.AbstractBeanFactory.lambda$doGetBean$0(AbstractBeanFactory.java:337)
	at org.springframework.beans.factory.support.DefaultSingletonBeanRegistry.getSingleton(DefaultSingletonBeanRegistry.java:234)
	at org.springframework.beans.factory.support.AbstractBeanFactory.doGetBean(AbstractBeanFactory.java:335)
	at org.springframework.beans.factory.support.AbstractBeanFactory.getBean(AbstractBeanFactory.java:200)
	at org.springframework.beans.factory.config.DependencyDescriptor.resolveCandidate(DependencyDescriptor.java:254)
	at org.springframework.beans.factory.support.DefaultListableBeanFactory.doResolveDependency(DefaultListableBeanFactory.java:1443)
	at org.springframework.beans.factory.support.DefaultListableBeanFactory.resolveDependency(DefaultListableBeanFactory.java:1353)
	at org.springframework.beans.factory.support.ConstructorResolver.resolveAutowiredArgument(ConstructorResolver.java:904)
	at org.springframework.beans.factory.support.ConstructorResolver.createArgumentArray(ConstructorResolver.java:782)
	... 59 common frames omitted
Caused by: java.lang.IllegalArgumentException: Could not resolve placeholder 'JWT_SECRET' in value "${JWT_SECRET}"
	at org.springframework.util.PropertyPlaceholderHelper.parseStringValue(PropertyPlaceholderHelper.java:180)
	at org.springframework.util.PropertyPlaceholderHelper.replacePlaceholders(PropertyPlaceholderHelper.java:126)
	at org.springframework.core.env.AbstractPropertyResolver.doResolvePlaceholders(AbstractPropertyResolver.java:239)
	at org.springframework.core.env.AbstractPropertyResolver.resolveRequiredPlaceholders(AbstractPropertyResolver.java:210)
	at org.springframework.core.env.AbstractPropertyResolver.resolveNestedPlaceholders(AbstractPropertyResolver.java:230)
	at org.springframework.boot.context.properties.source.ConfigurationPropertySourcesPropertyResolver.getProperty(ConfigurationPropertySourcesPropertyResolver.java:80)
	at org.springframework.boot.context.properties.source.ConfigurationPropertySourcesPropertyResolver.getProperty(ConfigurationPropertySourcesPropertyResolver.java:61)
	at org.springframework.core.env.AbstractEnvironment.getProperty(AbstractEnvironment.java:552)
	at org.springframework.context.support.PropertySourcesPlaceholderConfigurer$1.getProperty(PropertySourcesPlaceholderConfigurer.java:153)
	at org.springframework.context.support.PropertySourcesPlaceholderConfigurer$1.getProperty(PropertySourcesPlaceholderConfigurer.java:149)
	at org.springframework.core.env.PropertySourcesPropertyResolver.getProperty(PropertySourcesPropertyResolver.java:85)
	at org.springframework.core.env.PropertySourcesPropertyResolver.getPropertyAsRawString(PropertySourcesPropertyResolver.java:74)
	at org.springframework.util.PropertyPlaceholderHelper.parseStringValue(PropertyPlaceholderHelper.java:153)
	at org.springframework.util.PropertyPlaceholderHelper.replacePlaceholders(PropertyPlaceholderHelper.java:126)
	at org.springframework.core.env.AbstractPropertyResolver.doResolvePlaceholders(AbstractPropertyResolver.java:239)
	at org.springframework.core.env.AbstractPropertyResolver.resolveRequiredPlaceholders(AbstractPropertyResolver.java:210)
	at org.springframework.context.support.PropertySourcesPlaceholderConfigurer.lambda$processProperties$0(PropertySourcesPlaceholderConfigurer.java:200)
	at org.springframework.beans.factory.support.AbstractBeanFactory.resolveEmbeddedValue(AbstractBeanFactory.java:964)
	at org.springframework.beans.factory.support.DefaultListableBeanFactory.doResolveDependency(DefaultListableBeanFactory.java:1374)
	at org.springframework.beans.factory.support.DefaultListableBeanFactory.resolveDependency(DefaultListableBeanFactory.java:1353)
	at org.springframework.beans.factory.annotation.AutowiredAnnotationBeanPostProcessor$AutowiredFieldElement.resolveFieldValue(AutowiredAnnotationBeanPostProcessor.java:785)
	at org.springframework.beans.factory.annotation.AutowiredAnnotationBeanPostProcessor$AutowiredFieldElement.inject(AutowiredAnnotationBeanPostProcessor.java:768)
	at org.springframework.beans.factory.annotation.InjectionMetadata.inject(InjectionMetadata.java:145)
	at org.springframework.beans.factory.annotation.AutowiredAnnotationBeanPostProcessor.postProcessProperties(AutowiredAnnotationBeanPostProcessor.java:509)
	... 71 common frames omitted
2025-12-27 11:54:40.104 [background-preinit] INFO  o.h.validator.internal.util.Version  - HV000001: Hibernate Validator 8.0.1.Final
2025-12-27 11:54:40.113 [restartedMain] INFO  c.e.c.CodedockBackendApplication  - Starting CodedockBackendApplication using Java 17.0.17 with PID 55171 (/Users/suvechha.bishal/IdeaProjects/codedock-backend/target/classes started by suvechha.bishal in /Users/suvechha.bishal/IdeaProjects/codedock-backend)
2025-12-27 11:54:40.113 [restartedMain] DEBUG c.e.c.CodedockBackendApplication  - Running with Spring Boot v3.3.4, Spring v6.1.13
2025-12-27 11:54:40.114 [restartedMain] INFO  c.e.c.CodedockBackendApplication  - No active profile set, falling back to 1 default profile: "default"
2025-12-27 11:54:40.479 [restartedMain] ERROR o.s.b.w.e.tomcat.TomcatStarter  - Error starting Tomcat context. Exception: org.springframework.beans.factory.UnsatisfiedDependencyException. Message: Error creating bean with name 'jwtAuthFilter' defined in file [/Users/suvechha.bishal/IdeaProjects/codedock-backend/target/classes/com/example/codedockbackend/security/JwtAuthFilter.class]: Unsatisfied dependency expressed through constructor parameter 0: Error creating bean with name 'jwtUtil': Injection of autowired dependencies failed
2025-12-27 11:54:40.487 [restartedMain] WARN  o.s.b.w.s.c.AnnotationConfigServletWebServerApplicationContext  - Exception encountered during context initialization - cancelling refresh attempt: org.springframework.context.ApplicationContextException: Unable to start web server
2025-12-27 11:54:40.494 [restartedMain] ERROR o.s.boot.SpringApplication  - Application run failed
org.springframework.context.ApplicationContextException: Unable to start web server
	at org.springframework.boot.web.servlet.context.ServletWebServerApplicationContext.onRefresh(ServletWebServerApplicationContext.java:165)
	at org.springframework.context.support.AbstractApplicationContext.refresh(AbstractApplicationContext.java:619)
	at org.springframework.boot.web.servlet.context.ServletWebServerApplicationContext.refresh(ServletWebServerApplicationContext.java:146)
	at org.springframework.boot.SpringApplication.refresh(SpringApplication.java:754)
	at org.springframework.boot.SpringApplication.refreshContext(SpringApplication.java:456)
	at org.springframework.boot.SpringApplication.run(SpringApplication.java:335)
	at org.springframework.boot.SpringApplication.run(SpringApplication.java:1363)
	at org.springframework.boot.SpringApplication.run(SpringApplication.java:1352)
	at com.example.codedockbackend.CodedockBackendApplication.main(CodedockBackendApplication.java:13)
	at java.base/jdk.internal.reflect.NativeMethodAccessorImpl.invoke0(Native Method)
	at java.base/jdk.internal.reflect.NativeMethodAccessorImpl.invoke(NativeMethodAccessorImpl.java:77)
	at java.base/jdk.internal.reflect.DelegatingMethodAccessorImpl.invoke(DelegatingMethodAccessorImpl.java:43)
	at java.base/java.lang.reflect.Method.invoke(Method.java:569)
	at org.springframework.boot.devtools.restart.RestartLauncher.run(RestartLauncher.java:50)
Caused by: org.springframework.boot.web.server.WebServerException: Unable to start embedded Tomcat
	at org.springframework.boot.web.embedded.tomcat.TomcatWebServer.initialize(TomcatWebServer.java:147)
	at org.springframework.boot.web.embedded.tomcat.TomcatWebServer.<init>(TomcatWebServer.java:107)
	at org.springframework.boot.web.embedded.tomcat.TomcatServletWebServerFactory.getTomcatWebServer(TomcatServletWebServerFactory.java:516)
	at org.springframework.boot.web.embedded.tomcat.TomcatServletWebServerFactory.getWebServer(TomcatServletWebServerFactory.java:222)
	at org.springframework.boot.web.servlet.context.ServletWebServerApplicationContext.createWebServer(ServletWebServerApplicationContext.java:188)
	at org.springframework.boot.web.servlet.context.ServletWebServerApplicationContext.onRefresh(ServletWebServerApplicationContext.java:162)
	... 13 common frames omitted
Caused by: org.springframework.beans.factory.UnsatisfiedDependencyException: Error creating bean with name 'jwtAuthFilter' defined in file [/Users/suvechha.bishal/IdeaProjects/codedock-backend/target/classes/com/example/codedockbackend/security/JwtAuthFilter.class]: Unsatisfied dependency expressed through constructor parameter 0: Error creating bean with name 'jwtUtil': Injection of autowired dependencies failed
	at org.springframework.beans.factory.support.ConstructorResolver.createArgumentArray(ConstructorResolver.java:795)
	at org.springframework.beans.factory.support.ConstructorResolver.autowireConstructor(ConstructorResolver.java:237)
	at org.springframework.beans.factory.support.AbstractAutowireCapableBeanFactory.autowireConstructor(AbstractAutowireCapableBeanFactory.java:1375)
	at org.springframework.beans.factory.support.AbstractAutowireCapableBeanFactory.createBeanInstance(AbstractAutowireCapableBeanFactory.java:1212)
	at org.springframework.beans.factory.support.AbstractAutowireCapableBeanFactory.doCreateBean(AbstractAutowireCapableBeanFactory.java:562)
	at org.springframework.beans.factory.support.AbstractAutowireCapableBeanFactory.createBean(AbstractAutowireCapableBeanFactory.java:522)
	at org.springframework.beans.factory.support.AbstractBeanFactory.lambda$doGetBean$0(AbstractBeanFactory.java:337)
	at org.springframework.beans.factory.support.DefaultSingletonBeanRegistry.getSingleton(DefaultSingletonBeanRegistry.java:234)
	at org.springframework.beans.factory.support.AbstractBeanFactory.doGetBean(AbstractBeanFactory.java:335)
	at org.springframework.beans.factory.support.AbstractBeanFactory.getBean(AbstractBeanFactory.java:205)
	at org.springframework.boot.web.servlet.ServletContextInitializerBeans.getOrderedBeansOfType(ServletContextInitializerBeans.java:211)
	at org.springframework.boot.web.servlet.ServletContextInitializerBeans.addAsRegistrationBean(ServletContextInitializerBeans.java:174)
	at org.springframework.boot.web.servlet.ServletContextInitializerBeans.addAsRegistrationBean(ServletContextInitializerBeans.java:169)
	at org.springframework.boot.web.servlet.ServletContextInitializerBeans.addAdaptableBeans(ServletContextInitializerBeans.java:154)
	at org.springframework.boot.web.servlet.ServletContextInitializerBeans.<init>(ServletContextInitializerBeans.java:87)
	at org.springframework.boot.web.servlet.context.ServletWebServerApplicationContext.getServletContextInitializerBeans(ServletWebServerApplicationContext.java:266)
	at org.springframework.boot.web.servlet.context.ServletWebServerApplicationContext.selfInitialize(ServletWebServerApplicationContext.java:240)
	at org.springframework.boot.web.embedded.tomcat.TomcatStarter.onStartup(TomcatStarter.java:52)
	at org.apache.catalina.core.StandardContext.startInternal(StandardContext.java:4412)
	at org.apache.catalina.util.LifecycleBase.start(LifecycleBase.java:164)
	at org.apache.catalina.core.ContainerBase$StartChild.call(ContainerBase.java:1203)
	at org.apache.catalina.core.ContainerBase$StartChild.call(ContainerBase.java:1193)
	at java.base/java.util.concurrent.FutureTask.run(FutureTask.java:264)
	at org.apache.tomcat.util.threads.InlineExecutorService.execute(InlineExecutorService.java:75)
	at java.base/java.util.concurrent.AbstractExecutorService.submit(AbstractExecutorService.java:145)
	at org.apache.catalina.core.ContainerBase.startInternal(ContainerBase.java:749)
	at org.apache.catalina.core.StandardHost.startInternal(StandardHost.java:772)
	at org.apache.catalina.util.LifecycleBase.start(LifecycleBase.java:164)
	at org.apache.catalina.core.ContainerBase$StartChild.call(ContainerBase.java:1203)
	at org.apache.catalina.core.ContainerBase$StartChild.call(ContainerBase.java:1193)
	at java.base/java.util.concurrent.FutureTask.run(FutureTask.java:264)
	at org.apache.tomcat.util.threads.InlineExecutorService.execute(InlineExecutorService.java:75)
	at java.base/java.util.concurrent.AbstractExecutorService.submit(AbstractExecutorService.java:145)
	at org.apache.catalina.core.ContainerBase.startInternal(ContainerBase.java:749)
	at org.apache.catalina.core.StandardEngine.startInternal(StandardEngine.java:203)
	at org.apache.catalina.util.LifecycleBase.start(LifecycleBase.java:164)
	at org.apache.catalina.core.StandardService.startInternal(StandardService.java:415)
	at org.apache.catalina.util.LifecycleBase.start(LifecycleBase.java:164)
	at org.apache.catalina.core.StandardServer.startInternal(StandardServer.java:870)
	at org.apache.catalina.util.LifecycleBase.start(LifecycleBase.java:164)
	at org.apache.catalina.startup.Tomcat.start(Tomcat.java:437)
	at org.springframework.boot.web.embedded.tomcat.TomcatWebServer.initialize(TomcatWebServer.java:128)
	... 18 common frames omitted
Caused by: org.springframework.beans.factory.BeanCreationException: Error creating bean with name 'jwtUtil': Injection of autowired dependencies failed
	at org.springframework.beans.factory.annotation.AutowiredAnnotationBeanPostProcessor.postProcessProperties(AutowiredAnnotationBeanPostProcessor.java:515)
	at org.springframework.beans.factory.support.AbstractAutowireCapableBeanFactory.populateBean(AbstractAutowireCapableBeanFactory.java:1439)
	at org.springframework.beans.factory.support.AbstractAutowireCapableBeanFactory.doCreateBean(AbstractAutowireCapableBeanFactory.java:599)
	at org.springframework.beans.factory.support.AbstractAutowireCapableBeanFactory.createBean(AbstractAutowireCapableBeanFactory.java:522)
	at org.springframework.beans.factory.support.AbstractBeanFactory.lambda$doGetBean$0(AbstractBeanFactory.java:337)
	at org.springframework.beans.factory.support.DefaultSingletonBeanRegistry.getSingleton(DefaultSingletonBeanRegistry.java:234)
	at org.springframework.beans.factory.support.AbstractBeanFactory.doGetBean(AbstractBeanFactory.java:335)
	at org.springframework.beans.factory.support.AbstractBeanFactory.getBean(AbstractBeanFactory.java:200)
	at org.springframework.beans.factory.config.DependencyDescriptor.resolveCandidate(DependencyDescriptor.java:254)
	at org.springframework.beans.factory.support.DefaultListableBeanFactory.doResolveDependency(DefaultListableBeanFactory.java:1443)
	at org.springframework.beans.factory.support.DefaultListableBeanFactory.resolveDependency(DefaultListableBeanFactory.java:1353)
	at org.springframework.beans.factory.support.ConstructorResolver.resolveAutowiredArgument(ConstructorResolver.java:904)
	at org.springframework.beans.factory.support.ConstructorResolver.createArgumentArray(ConstructorResolver.java:782)
	... 59 common frames omitted
Caused by: java.lang.IllegalArgumentException: Could not resolve placeholder 'JWT_SECRET' in value "${JWT_SECRET}"
	at org.springframework.util.PropertyPlaceholderHelper.parseStringValue(PropertyPlaceholderHelper.java:180)
	at org.springframework.util.PropertyPlaceholderHelper.replacePlaceholders(PropertyPlaceholderHelper.java:126)
	at org.springframework.core.env.AbstractPropertyResolver.doResolvePlaceholders(AbstractPropertyResolver.java:239)
	at org.springframework.core.env.AbstractPropertyResolver.resolveRequiredPlaceholders(AbstractPropertyResolver.java:210)
	at org.springframework.core.env.AbstractPropertyResolver.resolveNestedPlaceholders(AbstractPropertyResolver.java:230)
	at org.springframework.boot.context.properties.source.ConfigurationPropertySourcesPropertyResolver.getProperty(ConfigurationPropertySourcesPropertyResolver.java:80)
	at org.springframework.boot.context.properties.source.ConfigurationPropertySourcesPropertyResolver.getProperty(ConfigurationPropertySourcesPropertyResolver.java:61)
	at org.springframework.core.env.AbstractEnvironment.getProperty(AbstractEnvironment.java:552)
	at org.springframework.context.support.PropertySourcesPlaceholderConfigurer$1.getProperty(PropertySourcesPlaceholderConfigurer.java:153)
	at org.springframework.context.support.PropertySourcesPlaceholderConfigurer$1.getProperty(PropertySourcesPlaceholderConfigurer.java:149)
	at org.springframework.core.env.PropertySourcesPropertyResolver.getProperty(PropertySourcesPropertyResolver.java:85)
	at org.springframework.core.env.PropertySourcesPropertyResolver.getPropertyAsRawString(PropertySourcesPropertyResolver.java:74)
	at org.springframework.util.PropertyPlaceholderHelper.parseStringValue(PropertyPlaceholderHelper.java:153)
	at org.springframework.util.PropertyPlaceholderHelper.replacePlaceholders(PropertyPlaceholderHelper.java:126)
	at org.springframework.core.env.AbstractPropertyResolver.doResolvePlaceholders(AbstractPropertyResolver.java:239)
	at org.springframework.core.env.AbstractPropertyResolver.resolveRequiredPlaceholders(AbstractPropertyResolver.java:210)
	at org.springframework.context.support.PropertySourcesPlaceholderConfigurer.lambda$processProperties$0(PropertySourcesPlaceholderConfigurer.java:200)
	at org.springframework.beans.factory.support.AbstractBeanFactory.resolveEmbeddedValue(AbstractBeanFactory.java:964)
	at org.springframework.beans.factory.support.DefaultListableBeanFactory.doResolveDependency(DefaultListableBeanFactory.java:1374)
	at org.springframework.beans.factory.support.DefaultListableBeanFactory.resolveDependency(DefaultListableBeanFactory.java:1353)
	at org.springframework.beans.factory.annotation.AutowiredAnnotationBeanPostProcessor$AutowiredFieldElement.resolveFieldValue(AutowiredAnnotationBeanPostProcessor.java:785)
	at org.springframework.beans.factory.annotation.AutowiredAnnotationBeanPostProcessor$AutowiredFieldElement.inject(AutowiredAnnotationBeanPostProcessor.java:768)
	at org.springframework.beans.factory.annotation.InjectionMetadata.inject(InjectionMetadata.java:145)
	at org.springframework.beans.factory.annotation.AutowiredAnnotationBeanPostProcessor.postProcessProperties(AutowiredAnnotationBeanPostProcessor.java:509)
	... 71 common frames omitted
2025-12-27 11:54:47.138 [background-preinit] INFO  o.h.validator.internal.util.Version  - HV000001: Hibernate Validator 8.0.1.Final
2025-12-27 11:54:47.149 [restartedMain] INFO  c.e.c.CodedockBackendApplication  - Starting CodedockBackendApplication using Java 17.0.17 with PID 55205 (/Users/suvechha.bishal/IdeaProjects/codedock-backend/target/classes started by suvechha.bishal in /Users/suvechha.bishal/IdeaProjects/codedock-backend)
2025-12-27 11:54:47.149 [restartedMain] DEBUG c.e.c.CodedockBackendApplication  - Running with Spring Boot v3.3.4, Spring v6.1.13
2025-12-27 11:54:47.149 [restartedMain] INFO  c.e.c.CodedockBackendApplication  - No active profile set, falling back to 1 default profile: "default"
2025-12-27 11:54:47.523 [restartedMain] ERROR o.s.b.w.e.tomcat.TomcatStarter  - Error starting Tomcat context. Exception: org.springframework.beans.factory.UnsatisfiedDependencyException. Message: Error creating bean with name 'jwtAuthFilter' defined in file [/Users/suvechha.bishal/IdeaProjects/codedock-backend/target/classes/com/example/codedockbackend/security/JwtAuthFilter.class]: Unsatisfied dependency expressed through constructor parameter 0: Error creating bean with name 'jwtUtil': Injection of autowired dependencies failed
2025-12-27 11:54:47.536 [restartedMain] WARN  o.s.b.w.s.c.AnnotationConfigServletWebServerApplicationContext  - Exception encountered during context initialization - cancelling refresh attempt: org.springframework.context.ApplicationContextException: Unable to start web server
2025-12-27 11:54:47.544 [restartedMain] ERROR o.s.boot.SpringApplication  - Application run failed
org.springframework.context.ApplicationContextException: Unable to start web server
	at org.springframework.boot.web.servlet.context.ServletWebServerApplicationContext.onRefresh(ServletWebServerApplicationContext.java:165)
	at org.springframework.context.support.AbstractApplicationContext.refresh(AbstractApplicationContext.java:619)
	at org.springframework.boot.web.servlet.context.ServletWebServerApplicationContext.refresh(ServletWebServerApplicationContext.java:146)
	at org.springframework.boot.SpringApplication.refresh(SpringApplication.java:754)
	at org.springframework.boot.SpringApplication.refreshContext(SpringApplication.java:456)
	at org.springframework.boot.SpringApplication.run(SpringApplication.java:335)
	at org.springframework.boot.SpringApplication.run(SpringApplication.java:1363)
	at org.springframework.boot.SpringApplication.run(SpringApplication.java:1352)
	at com.example.codedockbackend.CodedockBackendApplication.main(CodedockBackendApplication.java:13)
	at java.base/jdk.internal.reflect.NativeMethodAccessorImpl.invoke0(Native Method)
	at java.base/jdk.internal.reflect.NativeMethodAccessorImpl.invoke(NativeMethodAccessorImpl.java:77)
	at java.base/jdk.internal.reflect.DelegatingMethodAccessorImpl.invoke(DelegatingMethodAccessorImpl.java:43)
	at java.base/java.lang.reflect.Method.invoke(Method.java:569)
	at org.springframework.boot.devtools.restart.RestartLauncher.run(RestartLauncher.java:50)
Caused by: org.springframework.boot.web.server.WebServerException: Unable to start embedded Tomcat
	at org.springframework.boot.web.embedded.tomcat.TomcatWebServer.initialize(TomcatWebServer.java:147)
	at org.springframework.boot.web.embedded.tomcat.TomcatWebServer.<init>(TomcatWebServer.java:107)
	at org.springframework.boot.web.embedded.tomcat.TomcatServletWebServerFactory.getTomcatWebServer(TomcatServletWebServerFactory.java:516)
	at org.springframework.boot.web.embedded.tomcat.TomcatServletWebServerFactory.getWebServer(TomcatServletWebServerFactory.java:222)
	at org.springframework.boot.web.servlet.context.ServletWebServerApplicationContext.createWebServer(ServletWebServerApplicationContext.java:188)
	at org.springframework.boot.web.servlet.context.ServletWebServerApplicationContext.onRefresh(ServletWebServerApplicationContext.java:162)
	... 13 common frames omitted
Caused by: org.springframework.beans.factory.UnsatisfiedDependencyException: Error creating bean with name 'jwtAuthFilter' defined in file [/Users/suvechha.bishal/IdeaProjects/codedock-backend/target/classes/com/example/codedockbackend/security/JwtAuthFilter.class]: Unsatisfied dependency expressed through constructor parameter 0: Error creating bean with name 'jwtUtil': Injection of autowired dependencies failed
	at org.springframework.beans.factory.support.ConstructorResolver.createArgumentArray(ConstructorResolver.java:795)
	at org.springframework.beans.factory.support.ConstructorResolver.autowireConstructor(ConstructorResolver.java:237)
	at org.springframework.beans.factory.support.AbstractAutowireCapableBeanFactory.autowireConstructor(AbstractAutowireCapableBeanFactory.java:1375)
	at org.springframework.beans.factory.support.AbstractAutowireCapableBeanFactory.createBeanInstance(AbstractAutowireCapableBeanFactory.java:1212)
	at org.springframework.beans.factory.support.AbstractAutowireCapableBeanFactory.doCreateBean(AbstractAutowireCapableBeanFactory.java:562)
	at org.springframework.beans.factory.support.AbstractAutowireCapableBeanFactory.createBean(AbstractAutowireCapableBeanFactory.java:522)
	at org.springframework.beans.factory.support.AbstractBeanFactory.lambda$doGetBean$0(AbstractBeanFactory.java:337)
	at org.springframework.beans.factory.support.DefaultSingletonBeanRegistry.getSingleton(DefaultSingletonBeanRegistry.java:234)
	at org.springframework.beans.factory.support.AbstractBeanFactory.doGetBean(AbstractBeanFactory.java:335)
	at org.springframework.beans.factory.support.AbstractBeanFactory.getBean(AbstractBeanFactory.java:205)
	at org.springframework.boot.web.servlet.ServletContextInitializerBeans.getOrderedBeansOfType(ServletContextInitializerBeans.java:211)
	at org.springframework.boot.web.servlet.ServletContextInitializerBeans.addAsRegistrationBean(ServletContextInitializerBeans.java:174)
	at org.springframework.boot.web.servlet.ServletContextInitializerBeans.addAsRegistrationBean(ServletContextInitializerBeans.java:169)
	at org.springframework.boot.web.servlet.ServletContextInitializerBeans.addAdaptableBeans(ServletContextInitializerBeans.java:154)
	at org.springframework.boot.web.servlet.ServletContextInitializerBeans.<init>(ServletContextInitializerBeans.java:87)
	at org.springframework.boot.web.servlet.context.ServletWebServerApplicationContext.getServletContextInitializerBeans(ServletWebServerApplicationContext.java:266)
	at org.springframework.boot.web.servlet.context.ServletWebServerApplicationContext.selfInitialize(ServletWebServerApplicationContext.java:240)
	at org.springframework.boot.web.embedded.tomcat.TomcatStarter.onStartup(TomcatStarter.java:52)
	at org.apache.catalina.core.StandardContext.startInternal(StandardContext.java:4412)
	at org.apache.catalina.util.LifecycleBase.start(LifecycleBase.java:164)
	at org.apache.catalina.core.ContainerBase$StartChild.call(ContainerBase.java:1203)
	at org.apache.catalina.core.ContainerBase$StartChild.call(ContainerBase.java:1193)
	at java.base/java.util.concurrent.FutureTask.run(FutureTask.java:264)
	at org.apache.tomcat.util.threads.InlineExecutorService.execute(InlineExecutorService.java:75)
	at java.base/java.util.concurrent.AbstractExecutorService.submit(AbstractExecutorService.java:145)
	at org.apache.catalina.core.ContainerBase.startInternal(ContainerBase.java:749)
	at org.apache.catalina.core.StandardHost.startInternal(StandardHost.java:772)
	at org.apache.catalina.util.LifecycleBase.start(LifecycleBase.java:164)
	at org.apache.catalina.core.ContainerBase$StartChild.call(ContainerBase.java:1203)
	at org.apache.catalina.core.ContainerBase$StartChild.call(ContainerBase.java:1193)
	at java.base/java.util.concurrent.FutureTask.run(FutureTask.java:264)
	at org.apache.tomcat.util.threads.InlineExecutorService.execute(InlineExecutorService.java:75)
	at java.base/java.util.concurrent.AbstractExecutorService.submit(AbstractExecutorService.java:145)
	at org.apache.catalina.core.ContainerBase.startInternal(ContainerBase.java:749)
	at org.apache.catalina.core.StandardEngine.startInternal(StandardEngine.java:203)
	at org.apache.catalina.util.LifecycleBase.start(LifecycleBase.java:164)
	at org.apache.catalina.core.StandardService.startInternal(StandardService.java:415)
	at org.apache.catalina.util.LifecycleBase.start(LifecycleBase.java:164)
	at org.apache.catalina.core.StandardServer.startInternal(StandardServer.java:870)
	at org.apache.catalina.util.LifecycleBase.start(LifecycleBase.java:164)
	at org.apache.catalina.startup.Tomcat.start(Tomcat.java:437)
	at org.springframework.boot.web.embedded.tomcat.TomcatWebServer.initialize(TomcatWebServer.java:128)
	... 18 common frames omitted
Caused by: org.springframework.beans.factory.BeanCreationException: Error creating bean with name 'jwtUtil': Injection of autowired dependencies failed
	at org.springframework.beans.factory.annotation.AutowiredAnnotationBeanPostProcessor.postProcessProperties(AutowiredAnnotationBeanPostProcessor.java:515)
	at org.springframework.beans.factory.support.AbstractAutowireCapableBeanFactory.populateBean(AbstractAutowireCapableBeanFactory.java:1439)
	at org.springframework.beans.factory.support.AbstractAutowireCapableBeanFactory.doCreateBean(AbstractAutowireCapableBeanFactory.java:599)
	at org.springframework.beans.factory.support.AbstractAutowireCapableBeanFactory.createBean(AbstractAutowireCapableBeanFactory.java:522)
	at org.springframework.beans.factory.support.AbstractBeanFactory.lambda$doGetBean$0(AbstractBeanFactory.java:337)
	at org.springframework.beans.factory.support.DefaultSingletonBeanRegistry.getSingleton(DefaultSingletonBeanRegistry.java:234)
	at org.springframework.beans.factory.support.AbstractBeanFactory.doGetBean(AbstractBeanFactory.java:335)
	at org.springframework.beans.factory.support.AbstractBeanFactory.getBean(AbstractBeanFactory.java:200)
	at org.springframework.beans.factory.config.DependencyDescriptor.resolveCandidate(DependencyDescriptor.java:254)
	at org.springframework.beans.factory.support.DefaultListableBeanFactory.doResolveDependency(DefaultListableBeanFactory.java:1443)
	at org.springframework.beans.factory.support.DefaultListableBeanFactory.resolveDependency(DefaultListableBeanFactory.java:1353)
	at org.springframework.beans.factory.support.ConstructorResolver.resolveAutowiredArgument(ConstructorResolver.java:904)
	at org.springframework.beans.factory.support.ConstructorResolver.createArgumentArray(ConstructorResolver.java:782)
	... 59 common frames omitted
Caused by: java.lang.IllegalArgumentException: Could not resolve placeholder 'JWT_SECRET' in value "${JWT_SECRET}"
	at org.springframework.util.PropertyPlaceholderHelper.parseStringValue(PropertyPlaceholderHelper.java:180)
	at org.springframework.util.PropertyPlaceholderHelper.replacePlaceholders(PropertyPlaceholderHelper.java:126)
	at org.springframework.core.env.AbstractPropertyResolver.doResolvePlaceholders(AbstractPropertyResolver.java:239)
	at org.springframework.core.env.AbstractPropertyResolver.resolveRequiredPlaceholders(AbstractPropertyResolver.java:210)
	at org.springframework.core.env.AbstractPropertyResolver.resolveNestedPlaceholders(AbstractPropertyResolver.java:230)
	at org.springframework.boot.context.properties.source.ConfigurationPropertySourcesPropertyResolver.getProperty(ConfigurationPropertySourcesPropertyResolver.java:80)
	at org.springframework.boot.context.properties.source.ConfigurationPropertySourcesPropertyResolver.getProperty(ConfigurationPropertySourcesPropertyResolver.java:61)
	at org.springframework.core.env.AbstractEnvironment.getProperty(AbstractEnvironment.java:552)
	at org.springframework.context.support.PropertySourcesPlaceholderConfigurer$1.getProperty(PropertySourcesPlaceholderConfigurer.java:153)
	at org.springframework.context.support.PropertySourcesPlaceholderConfigurer$1.getProperty(PropertySourcesPlaceholderConfigurer.java:149)
	at org.springframework.core.env.PropertySourcesPropertyResolver.getProperty(PropertySourcesPropertyResolver.java:85)
	at org.springframework.core.env.PropertySourcesPropertyResolver.getPropertyAsRawString(PropertySourcesPropertyResolver.java:74)
	at org.springframework.util.PropertyPlaceholderHelper.parseStringValue(PropertyPlaceholderHelper.java:153)
	at org.springframework.util.PropertyPlaceholderHelper.replacePlaceholders(PropertyPlaceholderHelper.java:126)
	at org.springframework.core.env.AbstractPropertyResolver.doResolvePlaceholders(AbstractPropertyResolver.java:239)
	at org.springframework.core.env.AbstractPropertyResolver.resolveRequiredPlaceholders(AbstractPropertyResolver.java:210)
	at org.springframework.context.support.PropertySourcesPlaceholderConfigurer.lambda$processProperties$0(PropertySourcesPlaceholderConfigurer.java:200)
	at org.springframework.beans.factory.support.AbstractBeanFactory.resolveEmbeddedValue(AbstractBeanFactory.java:964)
	at org.springframework.beans.factory.support.DefaultListableBeanFactory.doResolveDependency(DefaultListableBeanFactory.java:1374)
	at org.springframework.beans.factory.support.DefaultListableBeanFactory.resolveDependency(DefaultListableBeanFactory.java:1353)
	at org.springframework.beans.factory.annotation.AutowiredAnnotationBeanPostProcessor$AutowiredFieldElement.resolveFieldValue(AutowiredAnnotationBeanPostProcessor.java:785)
	at org.springframework.beans.factory.annotation.AutowiredAnnotationBeanPostProcessor$AutowiredFieldElement.inject(AutowiredAnnotationBeanPostProcessor.java:768)
	at org.springframework.beans.factory.annotation.InjectionMetadata.inject(InjectionMetadata.java:145)
	at org.springframework.beans.factory.annotation.AutowiredAnnotationBeanPostProcessor.postProcessProperties(AutowiredAnnotationBeanPostProcessor.java:509)
	... 71 common frames omitted
2025-12-27 11:58:01.490 [background-preinit] INFO  o.h.validator.internal.util.Version  - HV000001: Hibernate Validator 8.0.1.Final
2025-12-27 11:58:01.500 [restartedMain] INFO  c.e.c.CodedockBackendApplication  - Starting CodedockBackendApplication using Java 17.0.17 with PID 55846 (/Users/suvechha.bishal/IdeaProjects/codedock-backend/target/classes started by suvechha.bishal in /Users/suvechha.bishal/IdeaProjects/codedock-backend)
2025-12-27 11:58:01.500 [restartedMain] DEBUG c.e.c.CodedockBackendApplication  - Running with Spring Boot v3.3.4, Spring v6.1.13
2025-12-27 11:58:01.500 [restartedMain] INFO  c.e.c.CodedockBackendApplication  - No active profile set, falling back to 1 default profile: "default"
2025-12-27 11:58:01.864 [restartedMain] ERROR o.s.b.w.e.tomcat.TomcatStarter  - Error starting Tomcat context. Exception: org.springframework.beans.factory.UnsatisfiedDependencyException. Message: Error creating bean with name 'jwtAuthFilter' defined in file [/Users/suvechha.bishal/IdeaProjects/codedock-backend/target/classes/com/example/codedockbackend/security/JwtAuthFilter.class]: Unsatisfied dependency expressed through constructor parameter 0: Error creating bean with name 'jwtUtil': Injection of autowired dependencies failed
2025-12-27 11:58:01.873 [restartedMain] WARN  o.s.b.w.s.c.AnnotationConfigServletWebServerApplicationContext  - Exception encountered during context initialization - cancelling refresh attempt: org.springframework.context.ApplicationContextException: Unable to start web server
2025-12-27 11:58:01.880 [restartedMain] ERROR o.s.boot.SpringApplication  - Application run failed
org.springframework.context.ApplicationContextException: Unable to start web server
	at org.springframework.boot.web.servlet.context.ServletWebServerApplicationContext.onRefresh(ServletWebServerApplicationContext.java:165)
	at org.springframework.context.support.AbstractApplicationContext.refresh(AbstractApplicationContext.java:619)
	at org.springframework.boot.web.servlet.context.ServletWebServerApplicationContext.refresh(ServletWebServerApplicationContext.java:146)
	at org.springframework.boot.SpringApplication.refresh(SpringApplication.java:754)
	at org.springframework.boot.SpringApplication.refreshContext(SpringApplication.java:456)
	at org.springframework.boot.SpringApplication.run(SpringApplication.java:335)
	at org.springframework.boot.SpringApplication.run(SpringApplication.java:1363)
	at org.springframework.boot.SpringApplication.run(SpringApplication.java:1352)
	at com.example.codedockbackend.CodedockBackendApplication.main(CodedockBackendApplication.java:13)
	at java.base/jdk.internal.reflect.NativeMethodAccessorImpl.invoke0(Native Method)
	at java.base/jdk.internal.reflect.NativeMethodAccessorImpl.invoke(NativeMethodAccessorImpl.java:77)
	at java.base/jdk.internal.reflect.DelegatingMethodAccessorImpl.invoke(DelegatingMethodAccessorImpl.java:43)
	at java.base/java.lang.reflect.Method.invoke(Method.java:569)
	at org.springframework.boot.devtools.restart.RestartLauncher.run(RestartLauncher.java:50)
Caused by: org.springframework.boot.web.server.WebServerException: Unable to start embedded Tomcat
	at org.springframework.boot.web.embedded.tomcat.TomcatWebServer.initialize(TomcatWebServer.java:147)
	at org.springframework.boot.web.embedded.tomcat.TomcatWebServer.<init>(TomcatWebServer.java:107)
	at org.springframework.boot.web.embedded.tomcat.TomcatServletWebServerFactory.getTomcatWebServer(TomcatServletWebServerFactory.java:516)
	at org.springframework.boot.web.embedded.tomcat.TomcatServletWebServerFactory.getWebServer(TomcatServletWebServerFactory.java:222)
	at org.springframework.boot.web.servlet.context.ServletWebServerApplicationContext.createWebServer(ServletWebServerApplicationContext.java:188)
	at org.springframework.boot.web.servlet.context.ServletWebServerApplicationContext.onRefresh(ServletWebServerApplicationContext.java:162)
	... 13 common frames omitted
Caused by: org.springframework.beans.factory.UnsatisfiedDependencyException: Error creating bean with name 'jwtAuthFilter' defined in file [/Users/suvechha.bishal/IdeaProjects/codedock-backend/target/classes/com/example/codedockbackend/security/JwtAuthFilter.class]: Unsatisfied dependency expressed through constructor parameter 0: Error creating bean with name 'jwtUtil': Injection of autowired dependencies failed
	at org.springframework.beans.factory.support.ConstructorResolver.createArgumentArray(ConstructorResolver.java:795)
	at org.springframework.beans.factory.support.ConstructorResolver.autowireConstructor(ConstructorResolver.java:237)
	at org.springframework.beans.factory.support.AbstractAutowireCapableBeanFactory.autowireConstructor(AbstractAutowireCapableBeanFactory.java:1375)
	at org.springframework.beans.factory.support.AbstractAutowireCapableBeanFactory.createBeanInstance(AbstractAutowireCapableBeanFactory.java:1212)
	at org.springframework.beans.factory.support.AbstractAutowireCapableBeanFactory.doCreateBean(AbstractAutowireCapableBeanFactory.java:562)
	at org.springframework.beans.factory.support.AbstractAutowireCapableBeanFactory.createBean(AbstractAutowireCapableBeanFactory.java:522)
	at org.springframework.beans.factory.support.AbstractBeanFactory.lambda$doGetBean$0(AbstractBeanFactory.java:337)
	at org.springframework.beans.factory.support.DefaultSingletonBeanRegistry.getSingleton(DefaultSingletonBeanRegistry.java:234)
	at org.springframework.beans.factory.support.AbstractBeanFactory.doGetBean(AbstractBeanFactory.java:335)
	at org.springframework.beans.factory.support.AbstractBeanFactory.getBean(AbstractBeanFactory.java:205)
	at org.springframework.boot.web.servlet.ServletContextInitializerBeans.getOrderedBeansOfType(ServletContextInitializerBeans.java:211)
	at org.springframework.boot.web.servlet.ServletContextInitializerBeans.addAsRegistrationBean(ServletContextInitializerBeans.java:174)
	at org.springframework.boot.web.servlet.ServletContextInitializerBeans.addAsRegistrationBean(ServletContextInitializerBeans.java:169)
	at org.springframework.boot.web.servlet.ServletContextInitializerBeans.addAdaptableBeans(ServletContextInitializerBeans.java:154)
	at org.springframework.boot.web.servlet.ServletContextInitializerBeans.<init>(ServletContextInitializerBeans.java:87)
	at org.springframework.boot.web.servlet.context.ServletWebServerApplicationContext.getServletContextInitializerBeans(ServletWebServerApplicationContext.java:266)
	at org.springframework.boot.web.servlet.context.ServletWebServerApplicationContext.selfInitialize(ServletWebServerApplicationContext.java:240)
	at org.springframework.boot.web.embedded.tomcat.TomcatStarter.onStartup(TomcatStarter.java:52)
	at org.apache.catalina.core.StandardContext.startInternal(StandardContext.java:4412)
	at org.apache.catalina.util.LifecycleBase.start(LifecycleBase.java:164)
	at org.apache.catalina.core.ContainerBase$StartChild.call(ContainerBase.java:1203)
	at org.apache.catalina.core.ContainerBase$StartChild.call(ContainerBase.java:1193)
	at java.base/java.util.concurrent.FutureTask.run(FutureTask.java:264)
	at org.apache.tomcat.util.threads.InlineExecutorService.execute(InlineExecutorService.java:75)
	at java.base/java.util.concurrent.AbstractExecutorService.submit(AbstractExecutorService.java:145)
	at org.apache.catalina.core.ContainerBase.startInternal(ContainerBase.java:749)
	at org.apache.catalina.core.StandardHost.startInternal(StandardHost.java:772)
	at org.apache.catalina.util.LifecycleBase.start(LifecycleBase.java:164)
	at org.apache.catalina.core.ContainerBase$StartChild.call(ContainerBase.java:1203)
	at org.apache.catalina.core.ContainerBase$StartChild.call(ContainerBase.java:1193)
	at java.base/java.util.concurrent.FutureTask.run(FutureTask.java:264)
	at org.apache.tomcat.util.threads.InlineExecutorService.execute(InlineExecutorService.java:75)
	at java.base/java.util.concurrent.AbstractExecutorService.submit(AbstractExecutorService.java:145)
	at org.apache.catalina.core.ContainerBase.startInternal(ContainerBase.java:749)
	at org.apache.catalina.core.StandardEngine.startInternal(StandardEngine.java:203)
	at org.apache.catalina.util.LifecycleBase.start(LifecycleBase.java:164)
	at org.apache.catalina.core.StandardService.startInternal(StandardService.java:415)
	at org.apache.catalina.util.LifecycleBase.start(LifecycleBase.java:164)
	at org.apache.catalina.core.StandardServer.startInternal(StandardServer.java:870)
	at org.apache.catalina.util.LifecycleBase.start(LifecycleBase.java:164)
	at org.apache.catalina.startup.Tomcat.start(Tomcat.java:437)
	at org.springframework.boot.web.embedded.tomcat.TomcatWebServer.initialize(TomcatWebServer.java:128)
	... 18 common frames omitted
Caused by: org.springframework.beans.factory.BeanCreationException: Error creating bean with name 'jwtUtil': Injection of autowired dependencies failed
	at org.springframework.beans.factory.annotation.AutowiredAnnotationBeanPostProcessor.postProcessProperties(AutowiredAnnotationBeanPostProcessor.java:515)
	at org.springframework.beans.factory.support.AbstractAutowireCapableBeanFactory.populateBean(AbstractAutowireCapableBeanFactory.java:1439)
	at org.springframework.beans.factory.support.AbstractAutowireCapableBeanFactory.doCreateBean(AbstractAutowireCapableBeanFactory.java:599)
	at org.springframework.beans.factory.support.AbstractAutowireCapableBeanFactory.createBean(AbstractAutowireCapableBeanFactory.java:522)
	at org.springframework.beans.factory.support.AbstractBeanFactory.lambda$doGetBean$0(AbstractBeanFactory.java:337)
	at org.springframework.beans.factory.support.DefaultSingletonBeanRegistry.getSingleton(DefaultSingletonBeanRegistry.java:234)
	at org.springframework.beans.factory.support.AbstractBeanFactory.doGetBean(AbstractBeanFactory.java:335)
	at org.springframework.beans.factory.support.AbstractBeanFactory.getBean(AbstractBeanFactory.java:200)
	at org.springframework.beans.factory.config.DependencyDescriptor.resolveCandidate(DependencyDescriptor.java:254)
	at org.springframework.beans.factory.support.DefaultListableBeanFactory.doResolveDependency(DefaultListableBeanFactory.java:1443)
	at org.springframework.beans.factory.support.DefaultListableBeanFactory.resolveDependency(DefaultListableBeanFactory.java:1353)
	at org.springframework.beans.factory.support.ConstructorResolver.resolveAutowiredArgument(ConstructorResolver.java:904)
	at org.springframework.beans.factory.support.ConstructorResolver.createArgumentArray(ConstructorResolver.java:782)
	... 59 common frames omitted
Caused by: java.lang.IllegalArgumentException: Could not resolve placeholder 'JWT_SECRET' in value "${JWT_SECRET}"
	at org.springframework.util.PropertyPlaceholderHelper.parseStringValue(PropertyPlaceholderHelper.java:180)
	at org.springframework.util.PropertyPlaceholderHelper.replacePlaceholders(PropertyPlaceholderHelper.java:126)
	at org.springframework.core.env.AbstractPropertyResolver.doResolvePlaceholders(AbstractPropertyResolver.java:239)
	at org.springframework.core.env.AbstractPropertyResolver.resolveRequiredPlaceholders(AbstractPropertyResolver.java:210)
	at org.springframework.core.env.AbstractPropertyResolver.resolveNestedPlaceholders(AbstractPropertyResolver.java:230)
	at org.springframework.boot.context.properties.source.ConfigurationPropertySourcesPropertyResolver.getProperty(ConfigurationPropertySourcesPropertyResolver.java:80)
	at org.springframework.boot.context.properties.source.ConfigurationPropertySourcesPropertyResolver.getProperty(ConfigurationPropertySourcesPropertyResolver.java:61)
	at org.springframework.core.env.AbstractEnvironment.getProperty(AbstractEnvironment.java:552)
	at org.springframework.context.support.PropertySourcesPlaceholderConfigurer$1.getProperty(PropertySourcesPlaceholderConfigurer.java:153)
	at org.springframework.context.support.PropertySourcesPlaceholderConfigurer$1.getProperty(PropertySourcesPlaceholderConfigurer.java:149)
	at org.springframework.core.env.PropertySourcesPropertyResolver.getProperty(PropertySourcesPropertyResolver.java:85)
	at org.springframework.core.env.PropertySourcesPropertyResolver.getPropertyAsRawString(PropertySourcesPropertyResolver.java:74)
	at org.springframework.util.PropertyPlaceholderHelper.parseStringValue(PropertyPlaceholderHelper.java:153)
	at org.springframework.util.PropertyPlaceholderHelper.replacePlaceholders(PropertyPlaceholderHelper.java:126)
	at org.springframework.core.env.AbstractPropertyResolver.doResolvePlaceholders(AbstractPropertyResolver.java:239)
	at org.springframework.core.env.AbstractPropertyResolver.resolveRequiredPlaceholders(AbstractPropertyResolver.java:210)
	at org.springframework.context.support.PropertySourcesPlaceholderConfigurer.lambda$processProperties$0(PropertySourcesPlaceholderConfigurer.java:200)
	at org.springframework.beans.factory.support.AbstractBeanFactory.resolveEmbeddedValue(AbstractBeanFactory.java:964)
	at org.springframework.beans.factory.support.DefaultListableBeanFactory.doResolveDependency(DefaultListableBeanFactory.java:1374)
	at org.springframework.beans.factory.support.DefaultListableBeanFactory.resolveDependency(DefaultListableBeanFactory.java:1353)
	at org.springframework.beans.factory.annotation.AutowiredAnnotationBeanPostProcessor$AutowiredFieldElement.resolveFieldValue(AutowiredAnnotationBeanPostProcessor.java:785)
	at org.springframework.beans.factory.annotation.AutowiredAnnotationBeanPostProcessor$AutowiredFieldElement.inject(AutowiredAnnotationBeanPostProcessor.java:768)
	at org.springframework.beans.factory.annotation.InjectionMetadata.inject(InjectionMetadata.java:145)
	at org.springframework.beans.factory.annotation.AutowiredAnnotationBeanPostProcessor.postProcessProperties(AutowiredAnnotationBeanPostProcessor.java:509)
	... 71 common frames omitted
2025-12-27 11:59:23.099 [background-preinit] INFO  o.h.validator.internal.util.Version  - HV000001: Hibernate Validator 8.0.1.Final
2025-12-27 11:59:23.109 [restartedMain] INFO  c.e.c.CodedockBackendApplication  - Starting CodedockBackendApplication using Java 17.0.17 with PID 55992 (/Users/suvechha.bishal/IdeaProjects/codedock-backend/target/classes started by suvechha.bishal in /Users/suvechha.bishal/IdeaProjects/codedock-backend)
2025-12-27 11:59:23.109 [restartedMain] DEBUG c.e.c.CodedockBackendApplication  - Running with Spring Boot v3.3.4, Spring v6.1.13
2025-12-27 11:59:23.109 [restartedMain] INFO  c.e.c.CodedockBackendApplication  - No active profile set, falling back to 1 default profile: "default"
2025-12-27 11:59:23.483 [restartedMain] DEBUG c.e.c.security.JwtAuthFilter  - Filter 'jwtAuthFilter' configured for use
2025-12-27 11:59:23.512 [restartedMain] INFO  o.h.jpa.internal.util.LogHelper  - HHH000204: Processing PersistenceUnitInfo [name: default]
2025-12-27 11:59:23.523 [restartedMain] INFO  org.hibernate.Version  - HHH000412: Hibernate ORM core version 6.5.3.Final
2025-12-27 11:59:23.531 [restartedMain] INFO  o.h.c.i.RegionFactoryInitiator  - HHH000026: Second-level cache disabled
2025-12-27 11:59:23.855 [restartedMain] INFO  o.h.e.t.j.p.i.JtaPlatformInitiator  - HHH000489: No JTA platform available (set 'hibernate.transaction.jta.platform' to enable JTA platform integration)
2025-12-27 11:59:23.962 [restartedMain] WARN  o.s.b.w.s.c.AnnotationConfigServletWebServerApplicationContext  - Exception encountered during context initialization - cancelling refresh attempt: org.springframework.beans.factory.UnsatisfiedDependencyException: Error creating bean with name 'authController' defined in file [/Users/suvechha.bishal/IdeaProjects/codedock-backend/target/classes/com/example/codedockbackend/controller/AuthController.class]: Unsatisfied dependency expressed through constructor parameter 0: Error creating bean with name 'authService' defined in file [/Users/suvechha.bishal/IdeaProjects/codedock-backend/target/classes/com/example/codedockbackend/service/AuthService.class]: Unsatisfied dependency expressed through constructor parameter 1: No qualifying bean of type 'org.springframework.security.crypto.password.PasswordEncoder' available: expected at least 1 bean which qualifies as autowire candidate. Dependency annotations: {}
2025-12-27 11:59:23.996 [restartedMain] ERROR o.s.b.d.LoggingFailureAnalysisReporter  - 

***************************
APPLICATION FAILED TO START
***************************

Description:

Parameter 1 of constructor in com.example.codedockbackend.service.AuthService required a bean of type 'org.springframework.security.crypto.password.PasswordEncoder' that could not be found.


Action:

Consider defining a bean of type 'org.springframework.security.crypto.password.PasswordEncoder' in your configuration.

2025-12-27 12:02:26.188 [background-preinit] INFO  o.h.validator.internal.util.Version  - HV000001: Hibernate Validator 8.0.1.Final
2025-12-27 12:02:26.197 [restartedMain] INFO  c.e.c.CodedockBackendApplication  - Starting CodedockBackendApplication using Java 17.0.17 with PID 56231 (/Users/suvechha.bishal/IdeaProjects/codedock-backend/target/classes started by suvechha.bishal in /Users/suvechha.bishal/IdeaProjects/codedock-backend)
2025-12-27 12:02:26.197 [restartedMain] DEBUG c.e.c.CodedockBackendApplication  - Running with Spring Boot v3.3.4, Spring v6.1.13
2025-12-27 12:02:26.197 [restartedMain] INFO  c.e.c.CodedockBackendApplication  - No active profile set, falling back to 1 default profile: "default"
2025-12-27 12:02:26.566 [restartedMain] DEBUG c.e.c.security.JwtAuthFilter  - Filter 'jwtAuthFilter' configured for use
2025-12-27 12:02:26.593 [restartedMain] INFO  o.h.jpa.internal.util.LogHelper  - HHH000204: Processing PersistenceUnitInfo [name: default]
2025-12-27 12:02:26.605 [restartedMain] INFO  org.hibernate.Version  - HHH000412: Hibernate ORM core version 6.5.3.Final
2025-12-27 12:02:26.613 [restartedMain] INFO  o.h.c.i.RegionFactoryInitiator  - HHH000026: Second-level cache disabled
2025-12-27 12:02:26.934 [restartedMain] INFO  o.h.e.t.j.p.i.JtaPlatformInitiator  - HHH000489: No JTA platform available (set 'hibernate.transaction.jta.platform' to enable JTA platform integration)
2025-12-27 12:02:27.175 [restartedMain] INFO  c.e.c.CodedockBackendApplication  - Started CodedockBackendApplication in 1.085 seconds (process running for 1.195)
2025-12-27 12:06:29.565 [http-nio-8080-exec-2] ERROR c.e.c.e.GlobalExceptionHandler 7757b57d-48f5-4a43-9edf-bf643a298ce1 - Unhandled exception for POST /api/auth/login
org.springframework.web.HttpMediaTypeNotSupportedException: Content-Type 'multipart/form-data;boundary=--------------------------977829066848897721265439;charset=UTF-8' is not supported
	at org.springframework.web.servlet.mvc.method.annotation.AbstractMessageConverterMethodArgumentResolver.readWithMessageConverters(AbstractMessageConverterMethodArgumentResolver.java:213)
	at org.springframework.web.servlet.mvc.method.annotation.RequestResponseBodyMethodProcessor.readWithMessageConverters(RequestResponseBodyMethodProcessor.java:161)
	at org.springframework.web.servlet.mvc.method.annotation.RequestResponseBodyMethodProcessor.resolveArgument(RequestResponseBodyMethodProcessor.java:135)
	at org.springframework.web.method.support.HandlerMethodArgumentResolverComposite.resolveArgument(HandlerMethodArgumentResolverComposite.java:122)
	at org.springframework.web.method.support.InvocableHandlerMethod.getMethodArgumentValues(InvocableHandlerMethod.java:224)
	at org.springframework.web.method.support.InvocableHandlerMethod.invokeForRequest(InvocableHandlerMethod.java:178)
	at org.springframework.web.servlet.mvc.method.annotation.ServletInvocableHandlerMethod.invokeAndHandle(ServletInvocableHandlerMethod.java:118)
	at org.springframework.web.servlet.mvc.method.annotation.RequestMappingHandlerAdapter.invokeHandlerMethod(RequestMappingHandlerAdapter.java:926)
	at org.springframework.web.servlet.mvc.method.annotation.RequestMappingHandlerAdapter.handleInternal(RequestMappingHandlerAdapter.java:831)
	at org.springframework.web.servlet.mvc.method.AbstractHandlerMethodAdapter.handle(AbstractHandlerMethodAdapter.java:87)
	at org.springframework.web.servlet.DispatcherServlet.doDispatch(DispatcherServlet.java:1089)
	at org.springframework.web.servlet.DispatcherServlet.doService(DispatcherServlet.java:979)
	at org.springframework.web.servlet.FrameworkServlet.processRequest(FrameworkServlet.java:1014)
	at org.springframework.web.servlet.FrameworkServlet.doPost(FrameworkServlet.java:914)
	at jakarta.servlet.http.HttpServlet.service(HttpServlet.java:590)
	at org.springframework.web.servlet.FrameworkServlet.service(FrameworkServlet.java:885)
	at jakarta.servlet.http.HttpServlet.service(HttpServlet.java:658)
	at org.apache.catalina.core.ApplicationFilterChain.internalDoFilter(ApplicationFilterChain.java:195)
	at org.apache.catalina.core.ApplicationFilterChain.doFilter(ApplicationFilterChain.java:140)
	at org.apache.tomcat.websocket.server.WsFilter.doFilter(WsFilter.java:51)
	at org.apache.catalina.core.ApplicationFilterChain.internalDoFilter(ApplicationFilterChain.java:164)
	at org.apache.catalina.core.ApplicationFilterChain.doFilter(ApplicationFilterChain.java:140)
	at org.springframework.web.filter.OncePerRequestFilter.doFilter(OncePerRequestFilter.java:110)
	at org.apache.catalina.core.ApplicationFilterChain.internalDoFilter(ApplicationFilterChain.java:164)
	at org.apache.catalina.core.ApplicationFilterChain.doFilter(ApplicationFilterChain.java:140)
	at com.example.codedockbackend.logging.RequestResponseLoggingFilter.doFilter(RequestResponseLoggingFilter.java:34)
	at org.apache.catalina.core.ApplicationFilterChain.internalDoFilter(ApplicationFilterChain.java:164)
	at org.apache.catalina.core.ApplicationFilterChain.doFilter(ApplicationFilterChain.java:140)
	at com.example.codedockbackend.logging.MdcFilter.doFilter(MdcFilter.java:30)
	at org.apache.catalina.core.ApplicationFilterChain.internalDoFilter(ApplicationFilterChain.java:164)
	at org.apache.catalina.core.ApplicationFilterChain.doFilter(ApplicationFilterChain.java:140)
	at org.springframework.web.filter.CompositeFilter$VirtualFilterChain.doFilter(CompositeFilter.java:108)
	at org.springframework.security.web.FilterChainProxy.lambda$doFilterInternal$3(FilterChainProxy.java:231)
	at org.springframework.security.web.FilterChainProxy$VirtualFilterChain.doFilter(FilterChainProxy.java:365)
	at org.springframework.security.web.access.intercept.AuthorizationFilter.doFilter(AuthorizationFilter.java:100)
	at org.springframework.security.web.FilterChainProxy$VirtualFilterChain.doFilter(FilterChainProxy.java:374)
	at org.springframework.security.web.access.ExceptionTranslationFilter.doFilter(ExceptionTranslationFilter.java:126)
	at org.springframework.security.web.access.ExceptionTranslationFilter.doFilter(ExceptionTranslationFilter.java:120)
	at org.springframework.security.web.FilterChainProxy$VirtualFilterChain.doFilter(FilterChainProxy.java:374)
	at org.springframework.security.web.session.SessionManagementFilter.doFilter(SessionManagementFilter.java:131)
	at org.springframework.security.web.session.SessionManagementFilter.doFilter(SessionManagementFilter.java:85)
	at org.springframework.security.web.FilterChainProxy$VirtualFilterChain.doFilter(FilterChainProxy.java:374)
	at org.springframework.security.web.authentication.AnonymousAuthenticationFilter.doFilter(AnonymousAuthenticationFilter.java:100)
	at org.springframework.security.web.FilterChainProxy$VirtualFilterChain.doFilter(FilterChainProxy.java:374)
	at org.springframework.security.web.servletapi.SecurityContextHolderAwareRequestFilter.doFilter(SecurityContextHolderAwareRequestFilter.java:179)
	at org.springframework.security.web.FilterChainProxy$VirtualFilterChain.doFilter(FilterChainProxy.java:374)
	at org.springframework.security.web.savedrequest.RequestCacheAwareFilter.doFilter(RequestCacheAwareFilter.java:63)
	at org.springframework.security.web.FilterChainProxy$VirtualFilterChain.doFilter(FilterChainProxy.java:374)
	at org.springframework.security.web.authentication.www.BasicAuthenticationFilter.doFilterInternal(BasicAuthenticationFilter.java:181)
	at org.springframework.web.filter.OncePerRequestFilter.doFilter(OncePerRequestFilter.java:116)
	at org.springframework.security.web.FilterChainProxy$VirtualFilterChain.doFilter(FilterChainProxy.java:374)
	at com.example.codedockbackend.security.JwtAuthFilter.doFilterInternal(JwtAuthFilter.java:47)
	at org.springframework.web.filter.OncePerRequestFilter.doFilter(OncePerRequestFilter.java:116)
	at org.springframework.security.web.FilterChainProxy$VirtualFilterChain.doFilter(FilterChainProxy.java:374)
	at org.springframework.security.web.authentication.logout.LogoutFilter.doFilter(LogoutFilter.java:107)
	at org.springframework.security.web.authentication.logout.LogoutFilter.doFilter(LogoutFilter.java:93)
	at org.springframework.security.web.FilterChainProxy$VirtualFilterChain.doFilter(FilterChainProxy.java:374)
	at org.springframework.web.filter.CorsFilter.doFilterInternal(CorsFilter.java:91)
	at org.springframework.web.filter.OncePerRequestFilter.doFilter(OncePerRequestFilter.java:116)
	at org.springframework.security.web.FilterChainProxy$VirtualFilterChain.doFilter(FilterChainProxy.java:374)
	at org.springframework.security.web.header.HeaderWriterFilter.doHeadersAfter(HeaderWriterFilter.java:90)
	at org.springframework.security.web.header.HeaderWriterFilter.doFilterInternal(HeaderWriterFilter.java:75)
	at org.springframework.web.filter.OncePerRequestFilter.doFilter(OncePerRequestFilter.java:116)
	at org.springframework.security.web.FilterChainProxy$VirtualFilterChain.doFilter(FilterChainProxy.java:374)
	at org.springframework.security.web.context.SecurityContextHolderFilter.doFilter(SecurityContextHolderFilter.java:82)
	at org.springframework.security.web.context.SecurityContextHolderFilter.doFilter(SecurityContextHolderFilter.java:69)
	at org.springframework.security.web.FilterChainProxy$VirtualFilterChain.doFilter(FilterChainProxy.java:374)
	at org.springframework.security.web.context.request.async.WebAsyncManagerIntegrationFilter.doFilterInternal(WebAsyncManagerIntegrationFilter.java:62)
	at org.springframework.web.filter.OncePerRequestFilter.doFilter(OncePerRequestFilter.java:116)
	at org.springframework.security.web.FilterChainProxy$VirtualFilterChain.doFilter(FilterChainProxy.java:374)
	at org.springframework.security.web.session.DisableEncodeUrlFilter.doFilterInternal(DisableEncodeUrlFilter.java:42)
	at org.springframework.web.filter.OncePerRequestFilter.doFilter(OncePerRequestFilter.java:116)
	at org.springframework.security.web.FilterChainProxy$VirtualFilterChain.doFilter(FilterChainProxy.java:374)
	at org.springframework.security.web.FilterChainProxy.doFilterInternal(FilterChainProxy.java:233)
	at org.springframework.security.web.FilterChainProxy.doFilter(FilterChainProxy.java:191)
	at org.springframework.web.filter.CompositeFilter$VirtualFilterChain.doFilter(CompositeFilter.java:113)
	at org.springframework.web.servlet.handler.HandlerMappingIntrospector.lambda$createCacheFilter$3(HandlerMappingIntrospector.java:195)
	at org.springframework.web.filter.CompositeFilter$VirtualFilterChain.doFilter(CompositeFilter.java:113)
	at org.springframework.web.filter.CompositeFilter.doFilter(CompositeFilter.java:74)
	at org.springframework.security.config.annotation.web.configuration.WebMvcSecurityConfiguration$CompositeFilterChainProxy.doFilter(WebMvcSecurityConfiguration.java:230)
	at org.springframework.web.filter.DelegatingFilterProxy.invokeDelegate(DelegatingFilterProxy.java:352)
	at org.springframework.web.filter.DelegatingFilterProxy.doFilter(DelegatingFilterProxy.java:268)
	at org.apache.catalina.core.ApplicationFilterChain.internalDoFilter(ApplicationFilterChain.java:164)
	at org.apache.catalina.core.ApplicationFilterChain.doFilter(ApplicationFilterChain.java:140)
	at org.springframework.web.filter.RequestContextFilter.doFilterInternal(RequestContextFilter.java:100)
	at org.springframework.web.filter.OncePerRequestFilter.doFilter(OncePerRequestFilter.java:116)
	at org.apache.catalina.core.ApplicationFilterChain.internalDoFilter(ApplicationFilterChain.java:164)
	at org.apache.catalina.core.ApplicationFilterChain.doFilter(ApplicationFilterChain.java:140)
	at org.springframework.web.filter.FormContentFilter.doFilterInternal(FormContentFilter.java:93)
	at org.springframework.web.filter.OncePerRequestFilter.doFilter(OncePerRequestFilter.java:116)
	at org.apache.catalina.core.ApplicationFilterChain.internalDoFilter(ApplicationFilterChain.java:164)
	at org.apache.catalina.core.ApplicationFilterChain.doFilter(ApplicationFilterChain.java:140)
	at org.springframework.web.filter.CharacterEncodingFilter.doFilterInternal(CharacterEncodingFilter.java:201)
	at org.springframework.web.filter.OncePerRequestFilter.doFilter(OncePerRequestFilter.java:116)
	at org.apache.catalina.core.ApplicationFilterChain.internalDoFilter(ApplicationFilterChain.java:164)
	at org.apache.catalina.core.ApplicationFilterChain.doFilter(ApplicationFilterChain.java:140)
	at org.apache.catalina.core.StandardWrapperValve.invoke(StandardWrapperValve.java:167)
	at org.apache.catalina.core.StandardContextValve.invoke(StandardContextValve.java:90)
	at org.apache.catalina.authenticator.AuthenticatorBase.invoke(AuthenticatorBase.java:483)
	at org.apache.catalina.core.StandardHostValve.invoke(StandardHostValve.java:115)
	at org.apache.catalina.valves.ErrorReportValve.invoke(ErrorReportValve.java:93)
	at org.apache.catalina.core.StandardEngineValve.invoke(StandardEngineValve.java:74)
	at org.apache.catalina.connector.CoyoteAdapter.service(CoyoteAdapter.java:344)
	at org.apache.coyote.http11.Http11Processor.service(Http11Processor.java:384)
	at org.apache.coyote.AbstractProcessorLight.process(AbstractProcessorLight.java:63)
	at org.apache.coyote.AbstractProtocol$ConnectionHandler.process(AbstractProtocol.java:905)
	at org.apache.tomcat.util.net.NioEndpoint$SocketProcessor.doRun(NioEndpoint.java:1741)
	at org.apache.tomcat.util.net.SocketProcessorBase.run(SocketProcessorBase.java:52)
	at org.apache.tomcat.util.threads.ThreadPoolExecutor.runWorker(ThreadPoolExecutor.java:1190)
	at org.apache.tomcat.util.threads.ThreadPoolExecutor$Worker.run(ThreadPoolExecutor.java:659)
	at org.apache.tomcat.util.threads.TaskThread$WrappingRunnable.run(TaskThread.java:63)
	at java.base/java.lang.Thread.run(Thread.java:840)
2025-12-27 12:06:29.583 [http-nio-8080-exec-2] WARN  o.s.w.s.m.m.a.ExceptionHandlerExceptionResolver 7757b57d-48f5-4a43-9edf-bf643a298ce1 - Resolved [org.springframework.web.HttpMediaTypeNotSupportedException: Content-Type 'multipart/form-data;boundary=--------------------------977829066848897721265439;charset=UTF-8' is not supported]
2025-12-27 12:06:29.584 [http-nio-8080-exec-2] INFO  c.e.c.l.RequestResponseLoggingFilter 7757b57d-48f5-4a43-9edf-bf643a298ce1 - HTTP POST /api/auth/login | status=500 | duration=34ms | req= | res={"timestamp":"2025-12-27T06:36:29.565215Z","status":500,"error":"Internal Server Error","message":"Something went wrong","path":"/api/auth/login"}
2025-12-27 12:06:57.518 [http-nio-8080-exec-4] ERROR c.e.c.e.GlobalExceptionHandler e0b45a02-69e8-4e90-b128-02a3a3077c2c - Unhandled exception for POST /api/auth/login
java.lang.RuntimeException: Invalid credentials
	at com.example.codedockbackend.service.AuthService.lambda$login$0(AuthService.java:25)
	at java.base/java.util.Optional.orElseThrow(Optional.java:403)
	at com.example.codedockbackend.service.AuthService.login(AuthService.java:24)
	at com.example.codedockbackend.controller.AuthController.login(AuthController.java:21)
	at java.base/jdk.internal.reflect.NativeMethodAccessorImpl.invoke0(Native Method)
	at java.base/jdk.internal.reflect.NativeMethodAccessorImpl.invoke(NativeMethodAccessorImpl.java:77)
	at java.base/jdk.internal.reflect.DelegatingMethodAccessorImpl.invoke(DelegatingMethodAccessorImpl.java:43)
	at java.base/java.lang.reflect.Method.invoke(Method.java:569)
	at org.springframework.web.method.support.InvocableHandlerMethod.doInvoke(InvocableHandlerMethod.java:255)
	at org.springframework.web.method.support.InvocableHandlerMethod.invokeForRequest(InvocableHandlerMethod.java:188)
	at org.springframework.web.servlet.mvc.method.annotation.ServletInvocableHandlerMethod.invokeAndHandle(ServletInvocableHandlerMethod.java:118)
	at org.springframework.web.servlet.mvc.method.annotation.RequestMappingHandlerAdapter.invokeHandlerMethod(RequestMappingHandlerAdapter.java:926)
	at org.springframework.web.servlet.mvc.method.annotation.RequestMappingHandlerAdapter.handleInternal(RequestMappingHandlerAdapter.java:831)
	at org.springframework.web.servlet.mvc.method.AbstractHandlerMethodAdapter.handle(AbstractHandlerMethodAdapter.java:87)
	at org.springframework.web.servlet.DispatcherServlet.doDispatch(DispatcherServlet.java:1089)
	at org.springframework.web.servlet.DispatcherServlet.doService(DispatcherServlet.java:979)
	at org.springframework.web.servlet.FrameworkServlet.processRequest(FrameworkServlet.java:1014)
	at org.springframework.web.servlet.FrameworkServlet.doPost(FrameworkServlet.java:914)
	at jakarta.servlet.http.HttpServlet.service(HttpServlet.java:590)
	at org.springframework.web.servlet.FrameworkServlet.service(FrameworkServlet.java:885)
	at jakarta.servlet.http.HttpServlet.service(HttpServlet.java:658)
	at org.apache.catalina.core.ApplicationFilterChain.internalDoFilter(ApplicationFilterChain.java:195)
	at org.apache.catalina.core.ApplicationFilterChain.doFilter(ApplicationFilterChain.java:140)
	at org.apache.tomcat.websocket.server.WsFilter.doFilter(WsFilter.java:51)
	at org.apache.catalina.core.ApplicationFilterChain.internalDoFilter(ApplicationFilterChain.java:164)
	at org.apache.catalina.core.ApplicationFilterChain.doFilter(ApplicationFilterChain.java:140)
	at org.springframework.web.filter.OncePerRequestFilter.doFilter(OncePerRequestFilter.java:110)
	at org.apache.catalina.core.ApplicationFilterChain.internalDoFilter(ApplicationFilterChain.java:164)
	at org.apache.catalina.core.ApplicationFilterChain.doFilter(ApplicationFilterChain.java:140)
	at com.example.codedockbackend.logging.RequestResponseLoggingFilter.doFilter(RequestResponseLoggingFilter.java:34)
	at org.apache.catalina.core.ApplicationFilterChain.internalDoFilter(ApplicationFilterChain.java:164)
	at org.apache.catalina.core.ApplicationFilterChain.doFilter(ApplicationFilterChain.java:140)
	at com.example.codedockbackend.logging.MdcFilter.doFilter(MdcFilter.java:30)
	at org.apache.catalina.core.ApplicationFilterChain.internalDoFilter(ApplicationFilterChain.java:164)
	at org.apache.catalina.core.ApplicationFilterChain.doFilter(ApplicationFilterChain.java:140)
	at org.springframework.web.filter.CompositeFilter$VirtualFilterChain.doFilter(CompositeFilter.java:108)
	at org.springframework.security.web.FilterChainProxy.lambda$doFilterInternal$3(FilterChainProxy.java:231)
	at org.springframework.security.web.FilterChainProxy$VirtualFilterChain.doFilter(FilterChainProxy.java:365)
	at org.springframework.security.web.access.intercept.AuthorizationFilter.doFilter(AuthorizationFilter.java:100)
	at org.springframework.security.web.FilterChainProxy$VirtualFilterChain.doFilter(FilterChainProxy.java:374)
	at org.springframework.security.web.access.ExceptionTranslationFilter.doFilter(ExceptionTranslationFilter.java:126)
	at org.springframework.security.web.access.ExceptionTranslationFilter.doFilter(ExceptionTranslationFilter.java:120)
	at org.springframework.security.web.FilterChainProxy$VirtualFilterChain.doFilter(FilterChainProxy.java:374)
	at org.springframework.security.web.session.SessionManagementFilter.doFilter(SessionManagementFilter.java:131)
	at org.springframework.security.web.session.SessionManagementFilter.doFilter(SessionManagementFilter.java:85)
	at org.springframework.security.web.FilterChainProxy$VirtualFilterChain.doFilter(FilterChainProxy.java:374)
	at org.springframework.security.web.authentication.AnonymousAuthenticationFilter.doFilter(AnonymousAuthenticationFilter.java:100)
	at org.springframework.security.web.FilterChainProxy$VirtualFilterChain.doFilter(FilterChainProxy.java:374)
	at org.springframework.security.web.servletapi.SecurityContextHolderAwareRequestFilter.doFilter(SecurityContextHolderAwareRequestFilter.java:179)
	at org.springframework.security.web.FilterChainProxy$VirtualFilterChain.doFilter(FilterChainProxy.java:374)
	at org.springframework.security.web.savedrequest.RequestCacheAwareFilter.doFilter(RequestCacheAwareFilter.java:63)
	at org.springframework.security.web.FilterChainProxy$VirtualFilterChain.doFilter(FilterChainProxy.java:374)
	at org.springframework.security.web.authentication.www.BasicAuthenticationFilter.doFilterInternal(BasicAuthenticationFilter.java:181)
	at org.springframework.web.filter.OncePerRequestFilter.doFilter(OncePerRequestFilter.java:116)
	at org.springframework.security.web.FilterChainProxy$VirtualFilterChain.doFilter(FilterChainProxy.java:374)
	at com.example.codedockbackend.security.JwtAuthFilter.doFilterInternal(JwtAuthFilter.java:47)
	at org.springframework.web.filter.OncePerRequestFilter.doFilter(OncePerRequestFilter.java:116)
	at org.springframework.security.web.FilterChainProxy$VirtualFilterChain.doFilter(FilterChainProxy.java:374)
	at org.springframework.security.web.authentication.logout.LogoutFilter.doFilter(LogoutFilter.java:107)
	at org.springframework.security.web.authentication.logout.LogoutFilter.doFilter(LogoutFilter.java:93)
	at org.springframework.security.web.FilterChainProxy$VirtualFilterChain.doFilter(FilterChainProxy.java:374)
	at org.springframework.web.filter.CorsFilter.doFilterInternal(CorsFilter.java:91)
	at org.springframework.web.filter.OncePerRequestFilter.doFilter(OncePerRequestFilter.java:116)
	at org.springframework.security.web.FilterChainProxy$VirtualFilterChain.doFilter(FilterChainProxy.java:374)
	at org.springframework.security.web.header.HeaderWriterFilter.doHeadersAfter(HeaderWriterFilter.java:90)
	at org.springframework.security.web.header.HeaderWriterFilter.doFilterInternal(HeaderWriterFilter.java:75)
	at org.springframework.web.filter.OncePerRequestFilter.doFilter(OncePerRequestFilter.java:116)
	at org.springframework.security.web.FilterChainProxy$VirtualFilterChain.doFilter(FilterChainProxy.java:374)
	at org.springframework.security.web.context.SecurityContextHolderFilter.doFilter(SecurityContextHolderFilter.java:82)
	at org.springframework.security.web.context.SecurityContextHolderFilter.doFilter(SecurityContextHolderFilter.java:69)
	at org.springframework.security.web.FilterChainProxy$VirtualFilterChain.doFilter(FilterChainProxy.java:374)
	at org.springframework.security.web.context.request.async.WebAsyncManagerIntegrationFilter.doFilterInternal(WebAsyncManagerIntegrationFilter.java:62)
	at org.springframework.web.filter.OncePerRequestFilter.doFilter(OncePerRequestFilter.java:116)
	at org.springframework.security.web.FilterChainProxy$VirtualFilterChain.doFilter(FilterChainProxy.java:374)
	at org.springframework.security.web.session.DisableEncodeUrlFilter.doFilterInternal(DisableEncodeUrlFilter.java:42)
	at org.springframework.web.filter.OncePerRequestFilter.doFilter(OncePerRequestFilter.java:116)
	at org.springframework.security.web.FilterChainProxy$VirtualFilterChain.doFilter(FilterChainProxy.java:374)
	at org.springframework.security.web.FilterChainProxy.doFilterInternal(FilterChainProxy.java:233)
	at org.springframework.security.web.FilterChainProxy.doFilter(FilterChainProxy.java:191)
	at org.springframework.web.filter.CompositeFilter$VirtualFilterChain.doFilter(CompositeFilter.java:113)
	at org.springframework.web.servlet.handler.HandlerMappingIntrospector.lambda$createCacheFilter$3(HandlerMappingIntrospector.java:195)
	at org.springframework.web.filter.CompositeFilter$VirtualFilterChain.doFilter(CompositeFilter.java:113)
	at org.springframework.web.filter.CompositeFilter.doFilter(CompositeFilter.java:74)
	at org.springframework.security.config.annotation.web.configuration.WebMvcSecurityConfiguration$CompositeFilterChainProxy.doFilter(WebMvcSecurityConfiguration.java:230)
	at org.springframework.web.filter.DelegatingFilterProxy.invokeDelegate(DelegatingFilterProxy.java:352)
	at org.springframework.web.filter.DelegatingFilterProxy.doFilter(DelegatingFilterProxy.java:268)
	at org.apache.catalina.core.ApplicationFilterChain.internalDoFilter(ApplicationFilterChain.java:164)
	at org.apache.catalina.core.ApplicationFilterChain.doFilter(ApplicationFilterChain.java:140)
	at org.springframework.web.filter.RequestContextFilter.doFilterInternal(RequestContextFilter.java:100)
	at org.springframework.web.filter.OncePerRequestFilter.doFilter(OncePerRequestFilter.java:116)
	at org.apache.catalina.core.ApplicationFilterChain.internalDoFilter(ApplicationFilterChain.java:164)
	at org.apache.catalina.core.ApplicationFilterChain.doFilter(ApplicationFilterChain.java:140)
	at org.springframework.web.filter.FormContentFilter.doFilterInternal(FormContentFilter.java:93)
	at org.springframework.web.filter.OncePerRequestFilter.doFilter(OncePerRequestFilter.java:116)
	at org.apache.catalina.core.ApplicationFilterChain.internalDoFilter(ApplicationFilterChain.java:164)
	at org.apache.catalina.core.ApplicationFilterChain.doFilter(ApplicationFilterChain.java:140)
	at org.springframework.web.filter.CharacterEncodingFilter.doFilterInternal(CharacterEncodingFilter.java:201)
	at org.springframework.web.filter.OncePerRequestFilter.doFilter(OncePerRequestFilter.java:116)
	at org.apache.catalina.core.ApplicationFilterChain.internalDoFilter(ApplicationFilterChain.java:164)
	at org.apache.catalina.core.ApplicationFilterChain.doFilter(ApplicationFilterChain.java:140)
	at org.apache.catalina.core.StandardWrapperValve.invoke(StandardWrapperValve.java:167)
	at org.apache.catalina.core.StandardContextValve.invoke(StandardContextValve.java:90)
	at org.apache.catalina.authenticator.AuthenticatorBase.invoke(AuthenticatorBase.java:483)
	at org.apache.catalina.core.StandardHostValve.invoke(StandardHostValve.java:115)
	at org.apache.catalina.valves.ErrorReportValve.invoke(ErrorReportValve.java:93)
	at org.apache.catalina.core.StandardEngineValve.invoke(StandardEngineValve.java:74)
	at org.apache.catalina.connector.CoyoteAdapter.service(CoyoteAdapter.java:344)
	at org.apache.coyote.http11.Http11Processor.service(Http11Processor.java:384)
	at org.apache.coyote.AbstractProcessorLight.process(AbstractProcessorLight.java:63)
	at org.apache.coyote.AbstractProtocol$ConnectionHandler.process(AbstractProtocol.java:905)
	at org.apache.tomcat.util.net.NioEndpoint$SocketProcessor.doRun(NioEndpoint.java:1741)
	at org.apache.tomcat.util.net.SocketProcessorBase.run(SocketProcessorBase.java:52)
	at org.apache.tomcat.util.threads.ThreadPoolExecutor.runWorker(ThreadPoolExecutor.java:1190)
	at org.apache.tomcat.util.threads.ThreadPoolExecutor$Worker.run(ThreadPoolExecutor.java:659)
	at org.apache.tomcat.util.threads.TaskThread$WrappingRunnable.run(TaskThread.java:63)
	at java.base/java.lang.Thread.run(Thread.java:840)
2025-12-27 12:06:57.519 [http-nio-8080-exec-4] WARN  o.s.w.s.m.m.a.ExceptionHandlerExceptionResolver e0b45a02-69e8-4e90-b128-02a3a3077c2c - Resolved [java.lang.RuntimeException: Invalid credentials]
2025-12-27 12:06:57.520 [http-nio-8080-exec-4] INFO  c.e.c.l.RequestResponseLoggingFilter e0b45a02-69e8-4e90-b128-02a3a3077c2c - HTTP POST /api/auth/login | status=500 | duration=93ms | req={"query":"\n    query IntrospectionQuery {\n      __schema {\n        \n        queryType { name }\n        mutationType { name }\n        subscriptionType { name }\n        types {\n          ...FullType\n        }\n        directives {\n          name\n          description\n          \n          locations\n          args {\n            ...InputValue\n          }\n        }\n      }\n    }\n\n    fragment FullType on __Type {\n      kind\n      name\n      description\n      \n      fields(includeDeprecated: true) {\n        name\n        description\n        args {\n          ...InputValue\n        }\n        type {\n          ...TypeRef\n        }\n        isDeprecated\n        deprecationReason\n      }\n      inputFields {\n        ...InputValue\n      }\n      interfaces {\n        ...TypeRef\n      }\n      enumValues(includeDeprecated: true) {\n        name\n        description\n        isDeprecated\n        deprecationReason\n      }\n      possibleTypes {\n        ...TypeRef\n      }\n    }\n\n    fragment InputValue on __InputValue {\n      name\n      description\n      type { ...TypeRef }\n      defaultValue\n      \n      \n    }\n\n    fragment TypeRef on __Type {\n      kind\n      name\n      ofType {\n        kind\n        name\n        ofType {\n          kind\n          name\n          ofType {\n            kind\n            name\n            ofType {\n              kind\n              name\n              ofType {\n                kind\n                name\n                ofType {\n                  kind\n                  name\n                  ofType {\n                    kind\n                    name\n                  }\n                }\n              }\n            }\n          }\n        }\n      }\n    }\n  "} | res={"timestamp":"2025-12-27T06:36:57.518478Z","status":500,"error":"Internal Server Error","message":"Something went wrong","path":"/api/auth/login"}
2025-12-27 12:06:57.532 [http-nio-8080-exec-6] ERROR c.e.c.e.GlobalExceptionHandler 9dfb9363-b5ed-4d8d-9e05-4a68e86d51d8 - Unhandled exception for POST /api/auth/login
java.lang.RuntimeException: Invalid credentials
	at com.example.codedockbackend.service.AuthService.lambda$login$0(AuthService.java:25)
	at java.base/java.util.Optional.orElseThrow(Optional.java:403)
	at com.example.codedockbackend.service.AuthService.login(AuthService.java:24)
	at com.example.codedockbackend.controller.AuthController.login(AuthController.java:21)
	at java.base/jdk.internal.reflect.NativeMethodAccessorImpl.invoke0(Native Method)
	at java.base/jdk.internal.reflect.NativeMethodAccessorImpl.invoke(NativeMethodAccessorImpl.java:77)
	at java.base/jdk.internal.reflect.DelegatingMethodAccessorImpl.invoke(DelegatingMethodAccessorImpl.java:43)
	at java.base/java.lang.reflect.Method.invoke(Method.java:569)
	at org.springframework.web.method.support.InvocableHandlerMethod.doInvoke(InvocableHandlerMethod.java:255)
	at org.springframework.web.method.support.InvocableHandlerMethod.invokeForRequest(InvocableHandlerMethod.java:188)
	at org.springframework.web.servlet.mvc.method.annotation.ServletInvocableHandlerMethod.invokeAndHandle(ServletInvocableHandlerMethod.java:118)
	at org.springframework.web.servlet.mvc.method.annotation.RequestMappingHandlerAdapter.invokeHandlerMethod(RequestMappingHandlerAdapter.java:926)
	at org.springframework.web.servlet.mvc.method.annotation.RequestMappingHandlerAdapter.handleInternal(RequestMappingHandlerAdapter.java:831)
	at org.springframework.web.servlet.mvc.method.AbstractHandlerMethodAdapter.handle(AbstractHandlerMethodAdapter.java:87)
	at org.springframework.web.servlet.DispatcherServlet.doDispatch(DispatcherServlet.java:1089)
	at org.springframework.web.servlet.DispatcherServlet.doService(DispatcherServlet.java:979)
	at org.springframework.web.servlet.FrameworkServlet.processRequest(FrameworkServlet.java:1014)
	at org.springframework.web.servlet.FrameworkServlet.doPost(FrameworkServlet.java:914)
	at jakarta.servlet.http.HttpServlet.service(HttpServlet.java:590)
	at org.springframework.web.servlet.FrameworkServlet.service(FrameworkServlet.java:885)
	at jakarta.servlet.http.HttpServlet.service(HttpServlet.java:658)
	at org.apache.catalina.core.ApplicationFilterChain.internalDoFilter(ApplicationFilterChain.java:195)
	at org.apache.catalina.core.ApplicationFilterChain.doFilter(ApplicationFilterChain.java:140)
	at org.apache.tomcat.websocket.server.WsFilter.doFilter(WsFilter.java:51)
	at org.apache.catalina.core.ApplicationFilterChain.internalDoFilter(ApplicationFilterChain.java:164)
	at org.apache.catalina.core.ApplicationFilterChain.doFilter(ApplicationFilterChain.java:140)
	at org.springframework.web.filter.OncePerRequestFilter.doFilter(OncePerRequestFilter.java:110)
	at org.apache.catalina.core.ApplicationFilterChain.internalDoFilter(ApplicationFilterChain.java:164)
	at org.apache.catalina.core.ApplicationFilterChain.doFilter(ApplicationFilterChain.java:140)
	at com.example.codedockbackend.logging.RequestResponseLoggingFilter.doFilter(RequestResponseLoggingFilter.java:34)
	at org.apache.catalina.core.ApplicationFilterChain.internalDoFilter(ApplicationFilterChain.java:164)
	at org.apache.catalina.core.ApplicationFilterChain.doFilter(ApplicationFilterChain.java:140)
	at com.example.codedockbackend.logging.MdcFilter.doFilter(MdcFilter.java:30)
	at org.apache.catalina.core.ApplicationFilterChain.internalDoFilter(ApplicationFilterChain.java:164)
	at org.apache.catalina.core.ApplicationFilterChain.doFilter(ApplicationFilterChain.java:140)
	at org.springframework.web.filter.CompositeFilter$VirtualFilterChain.doFilter(CompositeFilter.java:108)
	at org.springframework.security.web.FilterChainProxy.lambda$doFilterInternal$3(FilterChainProxy.java:231)
	at org.springframework.security.web.FilterChainProxy$VirtualFilterChain.doFilter(FilterChainProxy.java:365)
	at org.springframework.security.web.access.intercept.AuthorizationFilter.doFilter(AuthorizationFilter.java:100)
	at org.springframework.security.web.FilterChainProxy$VirtualFilterChain.doFilter(FilterChainProxy.java:374)
	at org.springframework.security.web.access.ExceptionTranslationFilter.doFilter(ExceptionTranslationFilter.java:126)
	at org.springframework.security.web.access.ExceptionTranslationFilter.doFilter(ExceptionTranslationFilter.java:120)
	at org.springframework.security.web.FilterChainProxy$VirtualFilterChain.doFilter(FilterChainProxy.java:374)
	at org.springframework.security.web.session.SessionManagementFilter.doFilter(SessionManagementFilter.java:131)
	at org.springframework.security.web.session.SessionManagementFilter.doFilter(SessionManagementFilter.java:85)
	at org.springframework.security.web.FilterChainProxy$VirtualFilterChain.doFilter(FilterChainProxy.java:374)
	at org.springframework.security.web.authentication.AnonymousAuthenticationFilter.doFilter(AnonymousAuthenticationFilter.java:100)
	at org.springframework.security.web.FilterChainProxy$VirtualFilterChain.doFilter(FilterChainProxy.java:374)
	at org.springframework.security.web.servletapi.SecurityContextHolderAwareRequestFilter.doFilter(SecurityContextHolderAwareRequestFilter.java:179)
	at org.springframework.security.web.FilterChainProxy$VirtualFilterChain.doFilter(FilterChainProxy.java:374)
	at org.springframework.security.web.savedrequest.RequestCacheAwareFilter.doFilter(RequestCacheAwareFilter.java:63)
	at org.springframework.security.web.FilterChainProxy$VirtualFilterChain.doFilter(FilterChainProxy.java:374)
	at org.springframework.security.web.authentication.www.BasicAuthenticationFilter.doFilterInternal(BasicAuthenticationFilter.java:181)
	at org.springframework.web.filter.OncePerRequestFilter.doFilter(OncePerRequestFilter.java:116)
	at org.springframework.security.web.FilterChainProxy$VirtualFilterChain.doFilter(FilterChainProxy.java:374)
	at com.example.codedockbackend.security.JwtAuthFilter.doFilterInternal(JwtAuthFilter.java:47)
	at org.springframework.web.filter.OncePerRequestFilter.doFilter(OncePerRequestFilter.java:116)
	at org.springframework.security.web.FilterChainProxy$VirtualFilterChain.doFilter(FilterChainProxy.java:374)
	at org.springframework.security.web.authentication.logout.LogoutFilter.doFilter(LogoutFilter.java:107)
	at org.springframework.security.web.authentication.logout.LogoutFilter.doFilter(LogoutFilter.java:93)
	at org.springframework.security.web.FilterChainProxy$VirtualFilterChain.doFilter(FilterChainProxy.java:374)
	at org.springframework.web.filter.CorsFilter.doFilterInternal(CorsFilter.java:91)
	at org.springframework.web.filter.OncePerRequestFilter.doFilter(OncePerRequestFilter.java:116)
	at org.springframework.security.web.FilterChainProxy$VirtualFilterChain.doFilter(FilterChainProxy.java:374)
	at org.springframework.security.web.header.HeaderWriterFilter.doHeadersAfter(HeaderWriterFilter.java:90)
	at org.springframework.security.web.header.HeaderWriterFilter.doFilterInternal(HeaderWriterFilter.java:75)
	at org.springframework.web.filter.OncePerRequestFilter.doFilter(OncePerRequestFilter.java:116)
	at org.springframework.security.web.FilterChainProxy$VirtualFilterChain.doFilter(FilterChainProxy.java:374)
	at org.springframework.security.web.context.SecurityContextHolderFilter.doFilter(SecurityContextHolderFilter.java:82)
	at org.springframework.security.web.context.SecurityContextHolderFilter.doFilter(SecurityContextHolderFilter.java:69)
	at org.springframework.security.web.FilterChainProxy$VirtualFilterChain.doFilter(FilterChainProxy.java:374)
	at org.springframework.security.web.context.request.async.WebAsyncManagerIntegrationFilter.doFilterInternal(WebAsyncManagerIntegrationFilter.java:62)
	at org.springframework.web.filter.OncePerRequestFilter.doFilter(OncePerRequestFilter.java:116)
	at org.springframework.security.web.FilterChainProxy$VirtualFilterChain.doFilter(FilterChainProxy.java:374)
	at org.springframework.security.web.session.DisableEncodeUrlFilter.doFilterInternal(DisableEncodeUrlFilter.java:42)
	at org.springframework.web.filter.OncePerRequestFilter.doFilter(OncePerRequestFilter.java:116)
	at org.springframework.security.web.FilterChainProxy$VirtualFilterChain.doFilter(FilterChainProxy.java:374)
	at org.springframework.security.web.FilterChainProxy.doFilterInternal(FilterChainProxy.java:233)
	at org.springframework.security.web.FilterChainProxy.doFilter(FilterChainProxy.java:191)
	at org.springframework.web.filter.CompositeFilter$VirtualFilterChain.doFilter(CompositeFilter.java:113)
	at org.springframework.web.servlet.handler.HandlerMappingIntrospector.lambda$createCacheFilter$3(HandlerMappingIntrospector.java:195)
	at org.springframework.web.filter.CompositeFilter$VirtualFilterChain.doFilter(CompositeFilter.java:113)
	at org.springframework.web.filter.CompositeFilter.doFilter(CompositeFilter.java:74)
	at org.springframework.security.config.annotation.web.configuration.WebMvcSecurityConfiguration$CompositeFilterChainProxy.doFilter(WebMvcSecurityConfiguration.java:230)
	at org.springframework.web.filter.DelegatingFilterProxy.invokeDelegate(DelegatingFilterProxy.java:352)
	at org.springframework.web.filter.DelegatingFilterProxy.doFilter(DelegatingFilterProxy.java:268)
	at org.apache.catalina.core.ApplicationFilterChain.internalDoFilter(ApplicationFilterChain.java:164)
	at org.apache.catalina.core.ApplicationFilterChain.doFilter(ApplicationFilterChain.java:140)
	at org.springframework.web.filter.RequestContextFilter.doFilterInternal(RequestContextFilter.java:100)
	at org.springframework.web.filter.OncePerRequestFilter.doFilter(OncePerRequestFilter.java:116)
	at org.apache.catalina.core.ApplicationFilterChain.internalDoFilter(ApplicationFilterChain.java:164)
	at org.apache.catalina.core.ApplicationFilterChain.doFilter(ApplicationFilterChain.java:140)
	at org.springframework.web.filter.FormContentFilter.doFilterInternal(FormContentFilter.java:93)
	at org.springframework.web.filter.OncePerRequestFilter.doFilter(OncePerRequestFilter.java:116)
	at org.apache.catalina.core.ApplicationFilterChain.internalDoFilter(ApplicationFilterChain.java:164)
	at org.apache.catalina.core.ApplicationFilterChain.doFilter(ApplicationFilterChain.java:140)
	at org.springframework.web.filter.CharacterEncodingFilter.doFilterInternal(CharacterEncodingFilter.java:201)
	at org.springframework.web.filter.OncePerRequestFilter.doFilter(OncePerRequestFilter.java:116)
	at org.apache.catalina.core.ApplicationFilterChain.internalDoFilter(ApplicationFilterChain.java:164)
	at org.apache.catalina.core.ApplicationFilterChain.doFilter(ApplicationFilterChain.java:140)
	at org.apache.catalina.core.StandardWrapperValve.invoke(StandardWrapperValve.java:167)
	at org.apache.catalina.core.StandardContextValve.invoke(StandardContextValve.java:90)
	at org.apache.catalina.authenticator.AuthenticatorBase.invoke(AuthenticatorBase.java:483)
	at org.apache.catalina.core.StandardHostValve.invoke(StandardHostValve.java:115)
	at org.apache.catalina.valves.ErrorReportValve.invoke(ErrorReportValve.java:93)
	at org.apache.catalina.core.StandardEngineValve.invoke(StandardEngineValve.java:74)
	at org.apache.catalina.connector.CoyoteAdapter.service(CoyoteAdapter.java:344)
	at org.apache.coyote.http11.Http11Processor.service(Http11Processor.java:384)
	at org.apache.coyote.AbstractProcessorLight.process(AbstractProcessorLight.java:63)
	at org.apache.coyote.AbstractProtocol$ConnectionHandler.process(AbstractProtocol.java:905)
	at org.apache.tomcat.util.net.NioEndpoint$SocketProcessor.doRun(NioEndpoint.java:1741)
	at org.apache.tomcat.util.net.SocketProcessorBase.run(SocketProcessorBase.java:52)
	at org.apache.tomcat.util.threads.ThreadPoolExecutor.runWorker(ThreadPoolExecutor.java:1190)
	at org.apache.tomcat.util.threads.ThreadPoolExecutor$Worker.run(ThreadPoolExecutor.java:659)
	at org.apache.tomcat.util.threads.TaskThread$WrappingRunnable.run(TaskThread.java:63)
	at java.base/java.lang.Thread.run(Thread.java:840)
2025-12-27 12:06:57.533 [http-nio-8080-exec-6] WARN  o.s.w.s.m.m.a.ExceptionHandlerExceptionResolver 9dfb9363-b5ed-4d8d-9e05-4a68e86d51d8 - Resolved [java.lang.RuntimeException: Invalid credentials]
2025-12-27 12:06:57.534 [http-nio-8080-exec-6] INFO  c.e.c.l.RequestResponseLoggingFilter 9dfb9363-b5ed-4d8d-9e05-4a68e86d51d8 - HTTP POST /api/auth/login | status=500 | duration=3ms | req={"query":"\n    query IntrospectionQuery {\n      __schema {\n        \n        queryType { name }\n        mutationType { name }\n        subscriptionType { name }\n        types {\n          ...FullType\n        }\n        directives {\n          name\n          description\n          \n          locations\n          args {\n            ...InputValue\n          }\n        }\n      }\n    }\n\n    fragment FullType on __Type {\n      kind\n      name\n      description\n      \n      fields(includeDeprecated: true) {\n        name\n        description\n        args {\n          ...InputValue\n        }\n        type {\n          ...TypeRef\n        }\n        isDeprecated\n        deprecationReason\n      }\n      inputFields {\n        ...InputValue\n      }\n      interfaces {\n        ...TypeRef\n      }\n      enumValues(includeDeprecated: true) {\n        name\n        description\n        isDeprecated\n        deprecationReason\n      }\n      possibleTypes {\n        ...TypeRef\n      }\n    }\n\n    fragment InputValue on __InputValue {\n      name\n      description\n      type { ...TypeRef }\n      defaultValue\n      \n      \n    }\n\n    fragment TypeRef on __Type {\n      kind\n      name\n      ofType {\n        kind\n        name\n        ofType {\n          kind\n          name\n          ofType {\n            kind\n            name\n            ofType {\n              kind\n              name\n              ofType {\n                kind\n                name\n                ofType {\n                  kind\n                  name\n                  ofType {\n                    kind\n                    name\n                  }\n                }\n              }\n            }\n          }\n        }\n      }\n    }\n  "} | res={"timestamp":"2025-12-27T06:36:57.532889Z","status":500,"error":"Internal Server Error","message":"Something went wrong","path":"/api/auth/login"}
2025-12-27 12:08:31.405 [http-nio-8080-exec-8] INFO  c.e.c.l.RequestResponseLoggingFilter 6556cd94-5417-4554-87a9-0e3ce37ec3c3 - HTTP POST /api/auth/login | status=200 | duration=126ms | req={
    "email" : "bishal@example.com",
    "password" : "secret123"
} | res={"token":"eyJhbGciOiJIUzI1NiJ9.eyJzdWIiOiJiaXNoYWxAZXhhbXBsZS5jb20iLCJpYXQiOjE3NjY4MTc1MTEsImV4cCI6MTc2NjkwMzkxMX0.8cFqEyK5B-YQSq-qAxW3ntW697kJUM7xN4psno78LDI"}
2025-12-27 12:11:20.956 [http-nio-8080-exec-1] INFO  c.e.c.l.RequestResponseLoggingFilter 112a193e-4189-4fe4-b515-2da1be8e125d - HTTP POST /api/auth/login | status=200 | duration=99ms | req={"email":"bishal@example.com","password":"secret123"} | res={"token":"eyJhbGciOiJIUzI1NiJ9.eyJzdWIiOiJiaXNoYWxAZXhhbXBsZS5jb20iLCJpYXQiOjE3NjY4MTc2ODAsImV4cCI6MTc2NjkwNDA4MH0.axw5TvFyfQKb4iqImcxWO6ggj_WQYl6rzKYTiHUt-Kc"}
2025-12-27 12:11:22.925 [http-nio-8080-exec-2] INFO  c.e.c.l.RequestResponseLoggingFilter 30069fc3-2b27-47c8-ba2a-e95267fe8f29 - HTTP POST /api/auth/login | status=200 | duration=109ms | req={"email":"bishal@example.com","password":"secret123"} | res={"token":"eyJhbGciOiJIUzI1NiJ9.eyJzdWIiOiJiaXNoYWxAZXhhbXBsZS5jb20iLCJpYXQiOjE3NjY4MTc2ODIsImV4cCI6MTc2NjkwNDA4Mn0.GnVbNRDXQ9exulaKnWVj-sHPXTeonbNBmLy0u7E1d1o"}
2025-12-27 12:11:31.625 [http-nio-8080-exec-3] INFO  c.e.c.l.RequestResponseLoggingFilter fb671fd1-df86-4645-99da-f42027f6dc57 - HTTP POST /api/auth/login | status=200 | duration=107ms | req={"email":"bishal@example.com","password":"secret123"} | res={"token":"eyJhbGciOiJIUzI1NiJ9.eyJzdWIiOiJiaXNoYWxAZXhhbXBsZS5jb20iLCJpYXQiOjE3NjY4MTc2OTEsImV4cCI6MTc2NjkwNDA5MX0.zD34dB1d7pAt4djFORoSxjgR4N0oK1DDp3Awse03f0Q"}
2025-12-27 12:11:32.781 [http-nio-8080-exec-4] INFO  c.e.c.l.RequestResponseLoggingFilter 17107345-7d54-4c00-a376-f08c8ce1ed58 - HTTP POST /api/auth/login | status=200 | duration=103ms | req={"email":"bishal@example.com","password":"secret123"} | res={"token":"eyJhbGciOiJIUzI1NiJ9.eyJzdWIiOiJiaXNoYWxAZXhhbXBsZS5jb20iLCJpYXQiOjE3NjY4MTc2OTIsImV4cCI6MTc2NjkwNDA5Mn0.LDe4025wwyfi2StqR941ZMG8VqovN7AAEXLcyxTPD68"}
2025-12-27 12:11:51.480 [http-nio-8080-exec-5] INFO  c.e.c.l.RequestResponseLoggingFilter 55a4299a-2f5c-49fe-bd42-906899a5a246 - HTTP POST /api/auth/login | status=200 | duration=103ms | req={"email":"bishal@example.com","password":"secret123"} | res={"token":"eyJhbGciOiJIUzI1NiJ9.eyJzdWIiOiJiaXNoYWxAZXhhbXBsZS5jb20iLCJpYXQiOjE3NjY4MTc3MTEsImV4cCI6MTc2NjkwNDExMX0.hEb6rx3drJFsH2UjwKQFnS7tyF9qzl4K7UxFUPjVyrY"}
2025-12-27 12:12:16.688 [http-nio-8080-exec-6] INFO  c.e.c.l.RequestResponseLoggingFilter 3362266b-09fc-4b0a-aa81-ae7a66554759 - HTTP POST /api/auth/login | status=200 | duration=103ms | req={"email":"bishal@example.com","password":"secret123"} | res={"token":"eyJhbGciOiJIUzI1NiJ9.eyJzdWIiOiJiaXNoYWxAZXhhbXBsZS5jb20iLCJpYXQiOjE3NjY4MTc3MzYsImV4cCI6MTc2NjkwNDEzNn0.KhrAZPE-_iQj1S41mUtniUyJC7Iotj9llSJ7teKzYkw"}
2025-12-27 12:12:23.580 [http-nio-8080-exec-7] ERROR c.e.c.e.GlobalExceptionHandler 98ec9020-e3c0-463b-9b88-8d839d7a7f36 - Unhandled exception for GET /api/auth/login
org.springframework.web.HttpRequestMethodNotSupportedException: Request method 'GET' is not supported
	at org.springframework.web.servlet.mvc.method.RequestMappingInfoHandlerMapping.handleNoMatch(RequestMappingInfoHandlerMapping.java:267)
	at org.springframework.web.servlet.handler.AbstractHandlerMethodMapping.lookupHandlerMethod(AbstractHandlerMethodMapping.java:441)
	at org.springframework.web.servlet.handler.AbstractHandlerMethodMapping.getHandlerInternal(AbstractHandlerMethodMapping.java:382)
	at org.springframework.web.servlet.mvc.method.RequestMappingInfoHandlerMapping.getHandlerInternal(RequestMappingInfoHandlerMapping.java:127)
	at org.springframework.web.servlet.mvc.method.RequestMappingInfoHandlerMapping.getHandlerInternal(RequestMappingInfoHandlerMapping.java:68)
	at org.springframework.web.servlet.handler.AbstractHandlerMapping.getHandler(AbstractHandlerMapping.java:507)
	at org.springframework.web.servlet.DispatcherServlet.getHandler(DispatcherServlet.java:1284)
	at org.springframework.web.servlet.DispatcherServlet.doDispatch(DispatcherServlet.java:1065)
	at org.springframework.web.servlet.DispatcherServlet.doService(DispatcherServlet.java:979)
	at org.springframework.web.servlet.FrameworkServlet.processRequest(FrameworkServlet.java:1014)
	at org.springframework.web.servlet.FrameworkServlet.doGet(FrameworkServlet.java:903)
	at jakarta.servlet.http.HttpServlet.service(HttpServlet.java:564)
	at org.springframework.web.servlet.FrameworkServlet.service(FrameworkServlet.java:885)
	at jakarta.servlet.http.HttpServlet.service(HttpServlet.java:658)
	at org.apache.catalina.core.ApplicationFilterChain.internalDoFilter(ApplicationFilterChain.java:195)
	at org.apache.catalina.core.ApplicationFilterChain.doFilter(ApplicationFilterChain.java:140)
	at org.apache.tomcat.websocket.server.WsFilter.doFilter(WsFilter.java:51)
	at org.apache.catalina.core.ApplicationFilterChain.internalDoFilter(ApplicationFilterChain.java:164)
	at org.apache.catalina.core.ApplicationFilterChain.doFilter(ApplicationFilterChain.java:140)
	at org.springframework.web.filter.OncePerRequestFilter.doFilter(OncePerRequestFilter.java:110)
	at org.apache.catalina.core.ApplicationFilterChain.internalDoFilter(ApplicationFilterChain.java:164)
	at org.apache.catalina.core.ApplicationFilterChain.doFilter(ApplicationFilterChain.java:140)
	at com.example.codedockbackend.logging.RequestResponseLoggingFilter.doFilter(RequestResponseLoggingFilter.java:34)
	at org.apache.catalina.core.ApplicationFilterChain.internalDoFilter(ApplicationFilterChain.java:164)
	at org.apache.catalina.core.ApplicationFilterChain.doFilter(ApplicationFilterChain.java:140)
	at com.example.codedockbackend.logging.MdcFilter.doFilter(MdcFilter.java:30)
	at org.apache.catalina.core.ApplicationFilterChain.internalDoFilter(ApplicationFilterChain.java:164)
	at org.apache.catalina.core.ApplicationFilterChain.doFilter(ApplicationFilterChain.java:140)
	at org.springframework.web.filter.CompositeFilter$VirtualFilterChain.doFilter(CompositeFilter.java:108)
	at org.springframework.security.web.FilterChainProxy.lambda$doFilterInternal$3(FilterChainProxy.java:231)
	at org.springframework.security.web.FilterChainProxy$VirtualFilterChain.doFilter(FilterChainProxy.java:365)
	at org.springframework.security.web.access.intercept.AuthorizationFilter.doFilter(AuthorizationFilter.java:100)
	at org.springframework.security.web.FilterChainProxy$VirtualFilterChain.doFilter(FilterChainProxy.java:374)
	at org.springframework.security.web.access.ExceptionTranslationFilter.doFilter(ExceptionTranslationFilter.java:126)
	at org.springframework.security.web.access.ExceptionTranslationFilter.doFilter(ExceptionTranslationFilter.java:120)
	at org.springframework.security.web.FilterChainProxy$VirtualFilterChain.doFilter(FilterChainProxy.java:374)
	at org.springframework.security.web.session.SessionManagementFilter.doFilter(SessionManagementFilter.java:131)
	at org.springframework.security.web.session.SessionManagementFilter.doFilter(SessionManagementFilter.java:85)
	at org.springframework.security.web.FilterChainProxy$VirtualFilterChain.doFilter(FilterChainProxy.java:374)
	at org.springframework.security.web.authentication.AnonymousAuthenticationFilter.doFilter(AnonymousAuthenticationFilter.java:100)
	at org.springframework.security.web.FilterChainProxy$VirtualFilterChain.doFilter(FilterChainProxy.java:374)
	at org.springframework.security.web.servletapi.SecurityContextHolderAwareRequestFilter.doFilter(SecurityContextHolderAwareRequestFilter.java:179)
	at org.springframework.security.web.FilterChainProxy$VirtualFilterChain.doFilter(FilterChainProxy.java:374)
	at org.springframework.security.web.savedrequest.RequestCacheAwareFilter.doFilter(RequestCacheAwareFilter.java:63)
	at org.springframework.security.web.FilterChainProxy$VirtualFilterChain.doFilter(FilterChainProxy.java:374)
	at org.springframework.security.web.authentication.www.BasicAuthenticationFilter.doFilterInternal(BasicAuthenticationFilter.java:181)
	at org.springframework.web.filter.OncePerRequestFilter.doFilter(OncePerRequestFilter.java:116)
	at org.springframework.security.web.FilterChainProxy$VirtualFilterChain.doFilter(FilterChainProxy.java:374)
	at com.example.codedockbackend.security.JwtAuthFilter.doFilterInternal(JwtAuthFilter.java:47)
	at org.springframework.web.filter.OncePerRequestFilter.doFilter(OncePerRequestFilter.java:116)
	at org.springframework.security.web.FilterChainProxy$VirtualFilterChain.doFilter(FilterChainProxy.java:374)
	at org.springframework.security.web.authentication.logout.LogoutFilter.doFilter(LogoutFilter.java:107)
	at org.springframework.security.web.authentication.logout.LogoutFilter.doFilter(LogoutFilter.java:93)
	at org.springframework.security.web.FilterChainProxy$VirtualFilterChain.doFilter(FilterChainProxy.java:374)
	at org.springframework.web.filter.CorsFilter.doFilterInternal(CorsFilter.java:91)
	at org.springframework.web.filter.OncePerRequestFilter.doFilter(OncePerRequestFilter.java:116)
	at org.springframework.security.web.FilterChainProxy$VirtualFilterChain.doFilter(FilterChainProxy.java:374)
	at org.springframework.security.web.header.HeaderWriterFilter.doHeadersAfter(HeaderWriterFilter.java:90)
	at org.springframework.security.web.header.HeaderWriterFilter.doFilterInternal(HeaderWriterFilter.java:75)
	at org.springframework.web.filter.OncePerRequestFilter.doFilter(OncePerRequestFilter.java:116)
	at org.springframework.security.web.FilterChainProxy$VirtualFilterChain.doFilter(FilterChainProxy.java:374)
	at org.springframework.security.web.context.SecurityContextHolderFilter.doFilter(SecurityContextHolderFilter.java:82)
	at org.springframework.security.web.context.SecurityContextHolderFilter.doFilter(SecurityContextHolderFilter.java:69)
	at org.springframework.security.web.FilterChainProxy$VirtualFilterChain.doFilter(FilterChainProxy.java:374)
	at org.springframework.security.web.context.request.async.WebAsyncManagerIntegrationFilter.doFilterInternal(WebAsyncManagerIntegrationFilter.java:62)
	at org.springframework.web.filter.OncePerRequestFilter.doFilter(OncePerRequestFilter.java:116)
	at org.springframework.security.web.FilterChainProxy$VirtualFilterChain.doFilter(FilterChainProxy.java:374)
	at org.springframework.security.web.session.DisableEncodeUrlFilter.doFilterInternal(DisableEncodeUrlFilter.java:42)
	at org.springframework.web.filter.OncePerRequestFilter.doFilter(OncePerRequestFilter.java:116)
	at org.springframework.security.web.FilterChainProxy$VirtualFilterChain.doFilter(FilterChainProxy.java:374)
	at org.springframework.security.web.FilterChainProxy.doFilterInternal(FilterChainProxy.java:233)
	at org.springframework.security.web.FilterChainProxy.doFilter(FilterChainProxy.java:191)
	at org.springframework.web.filter.CompositeFilter$VirtualFilterChain.doFilter(CompositeFilter.java:113)
	at org.springframework.web.servlet.handler.HandlerMappingIntrospector.lambda$createCacheFilter$3(HandlerMappingIntrospector.java:195)
	at org.springframework.web.filter.CompositeFilter$VirtualFilterChain.doFilter(CompositeFilter.java:113)
	at org.springframework.web.filter.CompositeFilter.doFilter(CompositeFilter.java:74)
	at org.springframework.security.config.annotation.web.configuration.WebMvcSecurityConfiguration$CompositeFilterChainProxy.doFilter(WebMvcSecurityConfiguration.java:230)
	at org.springframework.web.filter.DelegatingFilterProxy.invokeDelegate(DelegatingFilterProxy.java:352)
	at org.springframework.web.filter.DelegatingFilterProxy.doFilter(DelegatingFilterProxy.java:268)
	at org.apache.catalina.core.ApplicationFilterChain.internalDoFilter(ApplicationFilterChain.java:164)
	at org.apache.catalina.core.ApplicationFilterChain.doFilter(ApplicationFilterChain.java:140)
	at org.springframework.web.filter.RequestContextFilter.doFilterInternal(RequestContextFilter.java:100)
	at org.springframework.web.filter.OncePerRequestFilter.doFilter(OncePerRequestFilter.java:116)
	at org.apache.catalina.core.ApplicationFilterChain.internalDoFilter(ApplicationFilterChain.java:164)
	at org.apache.catalina.core.ApplicationFilterChain.doFilter(ApplicationFilterChain.java:140)
	at org.springframework.web.filter.FormContentFilter.doFilterInternal(FormContentFilter.java:93)
	at org.springframework.web.filter.OncePerRequestFilter.doFilter(OncePerRequestFilter.java:116)
	at org.apache.catalina.core.ApplicationFilterChain.internalDoFilter(ApplicationFilterChain.java:164)
	at org.apache.catalina.core.ApplicationFilterChain.doFilter(ApplicationFilterChain.java:140)
	at org.springframework.web.filter.CharacterEncodingFilter.doFilterInternal(CharacterEncodingFilter.java:201)
	at org.springframework.web.filter.OncePerRequestFilter.doFilter(OncePerRequestFilter.java:116)
	at org.apache.catalina.core.ApplicationFilterChain.internalDoFilter(ApplicationFilterChain.java:164)
	at org.apache.catalina.core.ApplicationFilterChain.doFilter(ApplicationFilterChain.java:140)
	at org.apache.catalina.core.StandardWrapperValve.invoke(StandardWrapperValve.java:167)
	at org.apache.catalina.core.StandardContextValve.invoke(StandardContextValve.java:90)
	at org.apache.catalina.authenticator.AuthenticatorBase.invoke(AuthenticatorBase.java:483)
	at org.apache.catalina.core.StandardHostValve.invoke(StandardHostValve.java:115)
	at org.apache.catalina.valves.ErrorReportValve.invoke(ErrorReportValve.java:93)
	at org.apache.catalina.core.StandardEngineValve.invoke(StandardEngineValve.java:74)
	at org.apache.catalina.connector.CoyoteAdapter.service(CoyoteAdapter.java:344)
	at org.apache.coyote.http11.Http11Processor.service(Http11Processor.java:384)
	at org.apache.coyote.AbstractProcessorLight.process(AbstractProcessorLight.java:63)
	at org.apache.coyote.AbstractProtocol$ConnectionHandler.process(AbstractProtocol.java:905)
	at org.apache.tomcat.util.net.NioEndpoint$SocketProcessor.doRun(NioEndpoint.java:1741)
	at org.apache.tomcat.util.net.SocketProcessorBase.run(SocketProcessorBase.java:52)
	at org.apache.tomcat.util.threads.ThreadPoolExecutor.runWorker(ThreadPoolExecutor.java:1190)
	at org.apache.tomcat.util.threads.ThreadPoolExecutor$Worker.run(ThreadPoolExecutor.java:659)
	at org.apache.tomcat.util.threads.TaskThread$WrappingRunnable.run(TaskThread.java:63)
	at java.base/java.lang.Thread.run(Thread.java:840)
2025-12-27 12:12:23.585 [http-nio-8080-exec-7] WARN  o.s.w.s.m.m.a.ExceptionHandlerExceptionResolver 98ec9020-e3c0-463b-9b88-8d839d7a7f36 - Resolved [org.springframework.web.HttpRequestMethodNotSupportedException: Request method 'GET' is not supported]
2025-12-27 12:12:23.585 [http-nio-8080-exec-7] INFO  c.e.c.l.RequestResponseLoggingFilter 98ec9020-e3c0-463b-9b88-8d839d7a7f36 - HTTP GET /api/auth/login | status=500 | duration=6ms | req= | res={"timestamp":"2025-12-27T06:42:23.580059Z","status":500,"error":"Internal Server Error","message":"Something went wrong","path":"/api/auth/login"}
2025-12-27 12:19:48.017 [http-nio-8080-exec-1] INFO  c.e.c.l.RequestResponseLoggingFilter 75d00c7e-f3f6-4794-8e4d-3ba3e1bc4e66 - HTTP POST /api/auth/login | status=200 | duration=106ms | req={"email":"bishal@example.com","password":"secret123"} | res={"token":"eyJhbGciOiJIUzI1NiJ9.eyJzdWIiOiJiaXNoYWxAZXhhbXBsZS5jb20iLCJpYXQiOjE3NjY4MTgxODgsImV4cCI6MTc2NjkwNDU4OH0.DF-FDHSoUaApOQ5xr8JbmzrRVxr29gigkAEl3kW38Wg"}
2025-12-27 12:37:57.586 [HikariPool-1 housekeeper] WARN  com.zaxxer.hikari.pool.HikariPool  - HikariPool-1 - Thread starvation or clock leap detected (housekeeper delta=15m30s598ms).
2025-12-27 12:39:48.453 [HikariPool-1 housekeeper] WARN  com.zaxxer.hikari.pool.HikariPool  - HikariPool-1 - Thread starvation or clock leap detected (housekeeper delta=46s657ms).
2025-12-27 12:40:45.284 [HikariPool-1 housekeeper] WARN  com.zaxxer.hikari.pool.HikariPool  - HikariPool-1 - Thread starvation or clock leap detected (housekeeper delta=56s830ms).
2025-12-27 12:45:19.846 [HikariPool-1 housekeeper] WARN  com.zaxxer.hikari.pool.HikariPool  - HikariPool-1 - Thread starvation or clock leap detected (housekeeper delta=4m34s563ms).
2025-12-27 12:47:57.971 [HikariPool-1 housekeeper] WARN  com.zaxxer.hikari.pool.HikariPool  - HikariPool-1 - Thread starvation or clock leap detected (housekeeper delta=2m38s124ms).
2025-12-27 12:50:49.592 [HikariPool-1 housekeeper] WARN  com.zaxxer.hikari.pool.HikariPool  - HikariPool-1 - Thread starvation or clock leap detected (housekeeper delta=2m51s622ms).
2025-12-27 12:56:40.783 [HikariPool-1 housekeeper] WARN  com.zaxxer.hikari.pool.HikariPool  - HikariPool-1 - Thread starvation or clock leap detected (housekeeper delta=5m51s191ms).
2025-12-27 12:58:16.829 [HikariPool-1 housekeeper] WARN  com.zaxxer.hikari.pool.HikariPool  - HikariPool-1 - Thread starvation or clock leap detected (housekeeper delta=1m6s35ms).
2025-12-27 12:59:38.739 [HikariPool-1 housekeeper] WARN  com.zaxxer.hikari.pool.HikariPool  - HikariPool-1 - Thread starvation or clock leap detected (housekeeper delta=1m21s910ms).
2025-12-27 13:01:45.700 [HikariPool-1 housekeeper] WARN  com.zaxxer.hikari.pool.HikariPool  - HikariPool-1 - Thread starvation or clock leap detected (housekeeper delta=1m36s955ms).
2025-12-27 13:06:06.129 [HikariPool-1 housekeeper] WARN  com.zaxxer.hikari.pool.HikariPool  - HikariPool-1 - Thread starvation or clock leap detected (housekeeper delta=4m20s429ms).
2025-12-27 13:07:31.880 [HikariPool-1 housekeeper] WARN  com.zaxxer.hikari.pool.HikariPool  - HikariPool-1 - Thread starvation or clock leap detected (housekeeper delta=1m25s751ms).
2025-12-27 13:08:40.109 [HikariPool-1 housekeeper] WARN  com.zaxxer.hikari.pool.HikariPool  - HikariPool-1 - Thread starvation or clock leap detected (housekeeper delta=1m8s229ms).
2025-12-27 13:10:13.649 [HikariPool-1 housekeeper] WARN  com.zaxxer.hikari.pool.HikariPool  - HikariPool-1 - Thread starvation or clock leap detected (housekeeper delta=1m3s534ms).
2025-12-27 13:12:14.242 [HikariPool-1 housekeeper] WARN  com.zaxxer.hikari.pool.HikariPool  - HikariPool-1 - Thread starvation or clock leap detected (housekeeper delta=1m17s92ms).
2025-12-27 13:13:48.565 [HikariPool-1 housekeeper] WARN  com.zaxxer.hikari.pool.HikariPool  - HikariPool-1 - Thread starvation or clock leap detected (housekeeper delta=1m34s323ms).
2025-12-27 13:16:14.499 [HikariPool-1 housekeeper] WARN  com.zaxxer.hikari.pool.HikariPool  - HikariPool-1 - Thread starvation or clock leap detected (housekeeper delta=2m25s934ms).
2025-12-27 13:17:18.676 [HikariPool-1 housekeeper] WARN  com.zaxxer.hikari.pool.HikariPool  - HikariPool-1 - Thread starvation or clock leap detected (housekeeper delta=1m4s177ms).
2025-12-27 13:23:24.531 [HikariPool-1 housekeeper] WARN  com.zaxxer.hikari.pool.HikariPool  - HikariPool-1 - Thread starvation or clock leap detected (housekeeper delta=5m35s853ms).
2025-12-27 13:25:09.371 [HikariPool-1 housekeeper] WARN  com.zaxxer.hikari.pool.HikariPool  - HikariPool-1 - Thread starvation or clock leap detected (housekeeper delta=1m14s832ms).
2025-12-27 13:26:29.947 [HikariPool-1 housekeeper] WARN  com.zaxxer.hikari.pool.HikariPool  - HikariPool-1 - Thread starvation or clock leap detected (housekeeper delta=1m20s575ms).
2025-12-27 13:29:45.732 [HikariPool-1 housekeeper] WARN  com.zaxxer.hikari.pool.HikariPool  - HikariPool-1 - Thread starvation or clock leap detected (housekeeper delta=3m15s786ms).
2025-12-27 13:31:32.626 [HikariPool-1 housekeeper] WARN  com.zaxxer.hikari.pool.HikariPool  - HikariPool-1 - Thread starvation or clock leap detected (housekeeper delta=1m46s894ms).
2025-12-27 13:33:40.705 [HikariPool-1 housekeeper] WARN  com.zaxxer.hikari.pool.HikariPool  - HikariPool-1 - Thread starvation or clock leap detected (housekeeper delta=1m38s77ms).
2025-12-27 13:38:01.183 [HikariPool-1 housekeeper] WARN  com.zaxxer.hikari.pool.HikariPool  - HikariPool-1 - Thread starvation or clock leap detected (housekeeper delta=4m20s478ms).
2025-12-27 13:39:49.963 [HikariPool-1 housekeeper] WARN  com.zaxxer.hikari.pool.HikariPool  - HikariPool-1 - Thread starvation or clock leap detected (housekeeper delta=1m18s776ms).
2025-12-27 13:41:18.753 [HikariPool-1 housekeeper] WARN  com.zaxxer.hikari.pool.HikariPool  - HikariPool-1 - Thread starvation or clock leap detected (housekeeper delta=1m28s790ms).
2025-12-27 13:42:16.028 [HikariPool-1 housekeeper] WARN  com.zaxxer.hikari.pool.HikariPool  - HikariPool-1 - Thread starvation or clock leap detected (housekeeper delta=57s275ms).
2025-12-27 13:43:55.990 [HikariPool-1 housekeeper] WARN  com.zaxxer.hikari.pool.HikariPool  - HikariPool-1 - Thread starvation or clock leap detected (housekeeper delta=1m39s962ms).
2025-12-27 13:45:34.531 [HikariPool-1 housekeeper] WARN  com.zaxxer.hikari.pool.HikariPool  - HikariPool-1 - Thread starvation or clock leap detected (housekeeper delta=1m38s541ms).
2025-12-27 13:47:34.900 [HikariPool-1 housekeeper] WARN  com.zaxxer.hikari.pool.HikariPool  - HikariPool-1 - Thread starvation or clock leap detected (housekeeper delta=1m26s569ms).
2025-12-27 14:07:23.340 [HikariPool-1 housekeeper] WARN  com.zaxxer.hikari.pool.HikariPool  - HikariPool-1 - Thread starvation or clock leap detected (housekeeper delta=19m48s441ms).
2025-12-27 14:23:03.049 [HikariPool-1 housekeeper] WARN  com.zaxxer.hikari.pool.HikariPool  - HikariPool-1 - Thread starvation or clock leap detected (housekeeper delta=15m39s709ms).
2025-12-27 14:24:38.524 [HikariPool-1 housekeeper] WARN  com.zaxxer.hikari.pool.HikariPool  - HikariPool-1 - Thread starvation or clock leap detected (housekeeper delta=1m35s475ms).
2025-12-27 14:26:00.122 [HikariPool-1 housekeeper] WARN  com.zaxxer.hikari.pool.HikariPool  - HikariPool-1 - Thread starvation or clock leap detected (housekeeper delta=1m21s598ms).
2025-12-27 14:31:35.446 [HikariPool-1 housekeeper] WARN  com.zaxxer.hikari.pool.HikariPool  - HikariPool-1 - Thread starvation or clock leap detected (housekeeper delta=5m35s324ms).
2025-12-27 14:33:59.745 [HikariPool-1 housekeeper] WARN  com.zaxxer.hikari.pool.HikariPool  - HikariPool-1 - Thread starvation or clock leap detected (housekeeper delta=2m24s299ms).
2025-12-27 14:40:09.486 [HikariPool-1 housekeeper] WARN  com.zaxxer.hikari.pool.HikariPool  - HikariPool-1 - Thread starvation or clock leap detected (housekeeper delta=6m9s741ms).
2025-12-27 14:45:11.241 [HikariPool-1 housekeeper] WARN  com.zaxxer.hikari.pool.HikariPool  - HikariPool-1 - Thread starvation or clock leap detected (housekeeper delta=5m1s755ms).
2025-12-27 14:46:50.167 [HikariPool-1 housekeeper] WARN  com.zaxxer.hikari.pool.HikariPool  - HikariPool-1 - Thread starvation or clock leap detected (housekeeper delta=1m8s915ms).
2025-12-27 14:47:51.052 [HikariPool-1 housekeeper] WARN  com.zaxxer.hikari.pool.HikariPool  - HikariPool-1 - Thread starvation or clock leap detected (housekeeper delta=1m885ms).
2025-12-27 14:48:43.027 [HikariPool-1 housekeeper] WARN  com.zaxxer.hikari.pool.HikariPool  - HikariPool-1 - Thread starvation or clock leap detected (housekeeper delta=51s975ms).
2025-12-27 14:50:07.618 [HikariPool-1 housekeeper] WARN  com.zaxxer.hikari.pool.HikariPool  - HikariPool-1 - Thread starvation or clock leap detected (housekeeper delta=1m24s591ms).
2025-12-27 15:01:52.652 [HikariPool-1 housekeeper] WARN  com.zaxxer.hikari.pool.HikariPool  - HikariPool-1 - Thread starvation or clock leap detected (housekeeper delta=11m45s34ms).
2025-12-27 15:02:48.382 [HikariPool-1 housekeeper] WARN  com.zaxxer.hikari.pool.HikariPool  - HikariPool-1 - Thread starvation or clock leap detected (housekeeper delta=55s730ms).
2025-12-27 15:23:48.953 [HikariPool-1 housekeeper] WARN  com.zaxxer.hikari.pool.HikariPool  - HikariPool-1 - Thread starvation or clock leap detected (housekeeper delta=21m571ms).
2025-12-27 15:39:19.554 [HikariPool-1 housekeeper] WARN  com.zaxxer.hikari.pool.HikariPool  - HikariPool-1 - Thread starvation or clock leap detected (housekeeper delta=15m30s601ms).
2025-12-27 15:41:58.694 [HikariPool-1 housekeeper] WARN  com.zaxxer.hikari.pool.HikariPool  - HikariPool-1 - Thread starvation or clock leap detected (housekeeper delta=2m39s140ms).
2025-12-27 15:57:32.005 [HikariPool-1 housekeeper] WARN  com.zaxxer.hikari.pool.HikariPool  - HikariPool-1 - Thread starvation or clock leap detected (housekeeper delta=15m33s311ms).
2025-12-27 16:13:42.588 [HikariPool-1 housekeeper] WARN  com.zaxxer.hikari.pool.HikariPool  - HikariPool-1 - Thread starvation or clock leap detected (housekeeper delta=15m40s581ms).
2025-12-27 16:25:05.012 [HikariPool-1 housekeeper] WARN  com.zaxxer.hikari.pool.HikariPool  - HikariPool-1 - Thread starvation or clock leap detected (housekeeper delta=11m22s424ms).
2025-12-27 16:40:36.445 [HikariPool-1 housekeeper] WARN  com.zaxxer.hikari.pool.HikariPool  - HikariPool-1 - Thread starvation or clock leap detected (housekeeper delta=15m31s432ms).
2025-12-27 16:56:08.857 [HikariPool-1 housekeeper] WARN  com.zaxxer.hikari.pool.HikariPool  - HikariPool-1 - Thread starvation or clock leap detected (housekeeper delta=15m32s412ms).
2025-12-27 17:11:40.880 [HikariPool-1 housekeeper] WARN  com.zaxxer.hikari.pool.HikariPool  - HikariPool-1 - Thread starvation or clock leap detected (housekeeper delta=15m32s24ms).
2025-12-27 17:26:06.191 [HikariPool-1 housekeeper] WARN  com.zaxxer.hikari.pool.HikariPool  - HikariPool-1 - Thread starvation or clock leap detected (housekeeper delta=14m25s311ms).
2025-12-27 17:42:07.917 [HikariPool-1 housekeeper] WARN  com.zaxxer.hikari.pool.HikariPool  - HikariPool-1 - Thread starvation or clock leap detected (housekeeper delta=15m31s177ms).
2025-12-27 17:57:40.128 [HikariPool-1 housekeeper] WARN  com.zaxxer.hikari.pool.HikariPool  - HikariPool-1 - Thread starvation or clock leap detected (housekeeper delta=15m32s211ms).
2025-12-27 18:13:10.161 [HikariPool-1 housekeeper] WARN  com.zaxxer.hikari.pool.HikariPool  - HikariPool-1 - Thread starvation or clock leap detected (housekeeper delta=15m30s33ms).
2025-12-27 18:27:03.377 [HikariPool-1 housekeeper] WARN  com.zaxxer.hikari.pool.HikariPool  - HikariPool-1 - Thread starvation or clock leap detected (housekeeper delta=13m53s216ms).
2025-12-27 18:42:34.504 [HikariPool-1 housekeeper] WARN  com.zaxxer.hikari.pool.HikariPool  - HikariPool-1 - Thread starvation or clock leap detected (housekeeper delta=15m31s127ms).
2025-12-27 18:50:17.503 [HikariPool-1 housekeeper] WARN  com.zaxxer.hikari.pool.HikariPool  - HikariPool-1 - Thread starvation or clock leap detected (housekeeper delta=7m42s999ms).
2025-12-27 18:58:22.524 [HikariPool-1 housekeeper] WARN  com.zaxxer.hikari.pool.HikariPool  - HikariPool-1 - Thread starvation or clock leap detected (housekeeper delta=8m5s21ms).
2025-12-27 19:01:12.006 [HikariPool-1 housekeeper] WARN  com.zaxxer.hikari.pool.HikariPool  - HikariPool-1 - Thread starvation or clock leap detected (housekeeper delta=1m46s305ms).
2025-12-27 19:06:04.628 [HikariPool-1 housekeeper] WARN  com.zaxxer.hikari.pool.HikariPool  - HikariPool-1 - Thread starvation or clock leap detected (housekeeper delta=4m52s622ms).
2025-12-27 19:07:21.915 [HikariPool-1 housekeeper] WARN  com.zaxxer.hikari.pool.HikariPool  - HikariPool-1 - Thread starvation or clock leap detected (housekeeper delta=47s285ms).
2025-12-27 19:10:00.082 [HikariPool-1 housekeeper] WARN  com.zaxxer.hikari.pool.HikariPool  - HikariPool-1 - Thread starvation or clock leap detected (housekeeper delta=2m8s155ms).
2025-12-27 19:17:31.282 [HikariPool-1 housekeeper] WARN  com.zaxxer.hikari.pool.HikariPool  - HikariPool-1 - Thread starvation or clock leap detected (housekeeper delta=7m31s200ms).
2025-12-27 19:21:12.881 [http-nio-8080-exec-4] WARN  c.e.c.e.GlobalExceptionHandler 94002cee-64a3-4888-b8ec-a88d2d76aa5f - Auth failure for POST /api/auth/login
2025-12-27 19:21:12.884 [http-nio-8080-exec-4] WARN  o.s.w.s.m.m.a.ExceptionHandlerExceptionResolver 94002cee-64a3-4888-b8ec-a88d2d76aa5f - Resolved [com.example.codedockbackend.exception.InvalidCredentialsException: Invalid email or password]
2025-12-27 19:21:12.885 [http-nio-8080-exec-4] INFO  c.e.c.l.RequestResponseLoggingFilter 94002cee-64a3-4888-b8ec-a88d2d76aa5f - HTTP POST /api/auth/login | status=401 | duration=94ms | req={"email":"bishal@example.com","password":"sectret123"} | res={"timestamp":"2025-12-27T13:51:12.881711Z","status":401,"error":"Unauthorized","message":"Invalid email or password","path":"/api/auth/login"}
2025-12-27 19:21:24.437 [http-nio-8080-exec-5] INFO  c.e.c.l.RequestResponseLoggingFilter 8ed475ea-71b8-4506-8385-59dd4955733a - HTTP POST /api/auth/login | status=200 | duration=105ms | req={"email":"bishal@example.com","password":"secret123"} | res={"token":"eyJhbGciOiJIUzI1NiJ9.eyJzdWIiOiJiaXNoYWxAZXhhbXBsZS5jb20iLCJpYXQiOjE3NjY4NDM0ODQsImV4cCI6MTc2NjkyOTg4NH0.T1SxuRmi-1gYep8aICs4sgTYjlu7m3pStquxtuYUlS8"}
2025-12-27 19:38:37.683 [http-nio-8080-exec-7] INFO  c.e.c.l.RequestResponseLoggingFilter 0b5856d1-2255-4c1b-bbfa-b4013e254798 - HTTP POST /api/auth/login | status=200 | duration=112ms | req={"email":"bishal@example.com","password":"secret123"} | res={"token":"eyJhbGciOiJIUzI1NiJ9.eyJzdWIiOiJiaXNoYWxAZXhhbXBsZS5jb20iLCJpYXQiOjE3NjY4NDQ1MTcsImV4cCI6MTc2NjkzMDkxN30.ouA09E2_gIBDjBiG8RD9r8cNnfMCSNL9n0HnP7ZcorY"}
2025-12-27 19:39:40.762 [http-nio-8080-exec-9] INFO  c.e.c.l.RequestResponseLoggingFilter efa11fd7-d962-41e2-818d-1b21e49aebad - HTTP POST /api/auth/login | status=200 | duration=106ms | req={"email":"bishal@example.com","password":"secret123"} | res={"token":"eyJhbGciOiJIUzI1NiJ9.eyJzdWIiOiJiaXNoYWxAZXhhbXBsZS5jb20iLCJpYXQiOjE3NjY4NDQ1ODAsImV4cCI6MTc2NjkzMDk4MH0.vSO879H1OSvLLw634X-8VT7XWUyCnCvIXYw56Y2H3jQ"}
2025-12-27 19:40:28.204 [http-nio-8080-exec-10] INFO  c.e.c.l.RequestResponseLoggingFilter 9bd8cff9-d218-4924-a541-52467b4d1be8 - HTTP POST /api/auth/login | status=200 | duration=105ms | req={"email":"bishal@example.com","password":"secret123"} | res={"token":"eyJhbGciOiJIUzI1NiJ9.eyJzdWIiOiJiaXNoYWxAZXhhbXBsZS5jb20iLCJpYXQiOjE3NjY4NDQ2MjgsImV4cCI6MTc2NjkzMTAyOH0.fDjFIzldLQr1fKsjTq-Pp2QQqFMcr131m1ldQh91dqo"}
2025-12-27 19:43:27.074 [http-nio-8080-exec-2] INFO  c.e.c.l.RequestResponseLoggingFilter 562687fa-142d-4b43-ae33-c4bd50af386b - HTTP POST /api/auth/login | status=200 | duration=108ms | req={"email":"bishal@example.com","password":"secret123"} | res={"token":"eyJhbGciOiJIUzI1NiJ9.eyJzdWIiOiJiaXNoYWxAZXhhbXBsZS5jb20iLCJpYXQiOjE3NjY4NDQ4MDcsImV4cCI6MTc2NjkzMTIwN30.pZXU--yblUqSHsj8J66B37lcfwrwH1-kAEzJ6NFD08M"}
2025-12-27 19:43:53.388 [http-nio-8080-exec-3] INFO  c.e.c.l.RequestResponseLoggingFilter d9e00f71-4181-4f12-bfd3-b66eab89a090 - HTTP POST /api/auth/login | status=200 | duration=111ms | req={"email":"bishal@example.com","password":"secret123"} | res={"token":"eyJhbGciOiJIUzI1NiJ9.eyJzdWIiOiJiaXNoYWxAZXhhbXBsZS5jb20iLCJpYXQiOjE3NjY4NDQ4MzMsImV4cCI6MTc2NjkzMTIzM30.rc9aMnNeDP-A2nnicRYTA9QGbjIaJwYQlvTUOP99eh8"}
2025-12-27 19:44:38.026 [http-nio-8080-exec-4] INFO  c.e.c.l.RequestResponseLoggingFilter ef488f23-5c3c-4024-985f-c8fd6b5a993e - HTTP POST /api/auth/login | status=200 | duration=108ms | req={"email":"bishal@example.com","password":"secret123"} | res={"token":"eyJhbGciOiJIUzI1NiJ9.eyJzdWIiOiJiaXNoYWxAZXhhbXBsZS5jb20iLCJpYXQiOjE3NjY4NDQ4NzgsImV4cCI6MTc2NjkzMTI3OH0.Zpeg1jcuNd4qHRsjZLJJQIC5-kcHuLUT77svfSKUq5k"}
2025-12-27 19:46:28.293 [http-nio-8080-exec-6] INFO  c.e.c.l.RequestResponseLoggingFilter cd9dbb89-1c69-4af6-abf6-f0cee7f143b8 - HTTP POST /api/auth/login | status=200 | duration=108ms | req={"email":"bishal@example.com","password":"secret123"} | res={"token":"eyJhbGciOiJIUzI1NiJ9.eyJzdWIiOiJiaXNoYWxAZXhhbXBsZS5jb20iLCJpYXQiOjE3NjY4NDQ5ODgsImV4cCI6MTc2NjkzMTM4OH0.RoP4yhWt4xR-TBvbk9JJr3NSa4b4zORIiK1TCOJZnbo"}
2025-12-27 19:57:06.133 [http-nio-8080-exec-8] INFO  c.e.c.l.RequestResponseLoggingFilter 14d6fe73-5e21-41dd-b3e4-abe38f1d4349 - HTTP POST /api/auth/login | status=200 | duration=109ms | req={"email":"bishal@example.com","password":"secret123"} | res={"token":"eyJhbGciOiJIUzI1NiJ9.eyJzdWIiOiJiaXNoYWxAZXhhbXBsZS5jb20iLCJpYXQiOjE3NjY4NDU2MjYsImV4cCI6MTc2NjkzMjAyNn0.5Wqhb4T0Nr3V0Vbs8IJo3OoI-h1pLwHosO0dTTTG5so"}
2025-12-27 19:57:40.714 [http-nio-8080-exec-9] INFO  c.e.c.l.RequestResponseLoggingFilter c233b649-4283-44ef-b2dc-210de24abda0 - HTTP POST /api/auth/login | status=200 | duration=105ms | req={"email":"bishal@example.com","password":"secret123"} | res={"token":"eyJhbGciOiJIUzI1NiJ9.eyJzdWIiOiJiaXNoYWxAZXhhbXBsZS5jb20iLCJpYXQiOjE3NjY4NDU2NjAsImV4cCI6MTc2NjkzMjA2MH0.kSxl76T3bdzHDqaDx7aV3fzBUe-QBl89RG4jiP9hkOM"}
2025-12-27 19:58:48.150 [http-nio-8080-exec-1] INFO  c.e.c.l.RequestResponseLoggingFilter c9fe71dc-fab9-4a25-bcdb-ce8654c9625f - HTTP POST /api/auth/login | status=200 | duration=107ms | req={"email":"bishal@example.com","password":"secret123"} | res={"token":"eyJhbGciOiJIUzI1NiJ9.eyJzdWIiOiJiaXNoYWxAZXhhbXBsZS5jb20iLCJpYXQiOjE3NjY4NDU3MjgsImV4cCI6MTc2NjkzMjEyOH0.T76Jx-PPZVXNe5G1LgUS5dq8s7kzAnTmQAbJkqeIp8Y"}
2025-12-27 20:53:33.358 [HikariPool-1 housekeeper] WARN  com.zaxxer.hikari.pool.HikariPool  - HikariPool-1 - Thread starvation or clock leap detected (housekeeper delta=15m31s460ms).
2025-12-27 21:09:24.394 [HikariPool-1 housekeeper] WARN  com.zaxxer.hikari.pool.HikariPool  - HikariPool-1 - Thread starvation or clock leap detected (housekeeper delta=15m51s36ms).
2025-12-27 21:15:07.419 [HikariPool-1 housekeeper] WARN  com.zaxxer.hikari.pool.HikariPool  - HikariPool-1 - Thread starvation or clock leap detected (housekeeper delta=5m13s24ms).
2025-12-27 22:06:24.000 [HikariPool-1 housekeeper] WARN  com.zaxxer.hikari.pool.HikariPool  - HikariPool-1 - Thread starvation or clock leap detected (housekeeper delta=51m16s581ms).
2025-12-27 22:53:17.994 [HikariPool-1 housekeeper] WARN  com.zaxxer.hikari.pool.HikariPool  - HikariPool-1 - Thread starvation or clock leap detected (housekeeper delta=46m53s994ms).
2025-12-27 22:55:00.792 [HikariPool-1 housekeeper] WARN  com.zaxxer.hikari.pool.HikariPool  - HikariPool-1 - Thread starvation or clock leap detected (housekeeper delta=1m12s796ms).
2025-12-27 22:57:26.449 [HikariPool-1 housekeeper] WARN  com.zaxxer.hikari.pool.HikariPool  - HikariPool-1 - Thread starvation or clock leap detected (housekeeper delta=2m25s657ms).
2025-12-27 22:58:48.765 [HikariPool-1 housekeeper] WARN  com.zaxxer.hikari.pool.HikariPool  - HikariPool-1 - Thread starvation or clock leap detected (housekeeper delta=52s314ms).
2025-12-27 23:02:00.099 [HikariPool-1 housekeeper] WARN  com.zaxxer.hikari.pool.HikariPool  - HikariPool-1 - Thread starvation or clock leap detected (housekeeper delta=3m11s334ms).
2025-12-27 23:05:20.803 [HikariPool-1 housekeeper] WARN  com.zaxxer.hikari.pool.HikariPool  - HikariPool-1 - Thread starvation or clock leap detected (housekeeper delta=2m50s694ms).
2025-12-27 23:09:51.261 [HikariPool-1 housekeeper] WARN  com.zaxxer.hikari.pool.HikariPool  - HikariPool-1 - Thread starvation or clock leap detected (housekeeper delta=4m30s458ms).
2025-12-27 23:15:21.182 [HikariPool-1 housekeeper] WARN  com.zaxxer.hikari.pool.HikariPool  - HikariPool-1 - Thread starvation or clock leap detected (housekeeper delta=4m59s920ms).
2025-12-27 23:16:43.005 [HikariPool-1 housekeeper] WARN  com.zaxxer.hikari.pool.HikariPool  - HikariPool-1 - Thread starvation or clock leap detected (housekeeper delta=51s821ms).
2025-12-27 23:18:24.959 [HikariPool-1 housekeeper] WARN  com.zaxxer.hikari.pool.HikariPool  - HikariPool-1 - Thread starvation or clock leap detected (housekeeper delta=1m41s954ms).
2025-12-27 23:19:57.601 [HikariPool-1 housekeeper] WARN  com.zaxxer.hikari.pool.HikariPool  - HikariPool-1 - Thread starvation or clock leap detected (housekeeper delta=1m2s631ms).
2025-12-27 23:21:48.389 [HikariPool-1 housekeeper] WARN  com.zaxxer.hikari.pool.HikariPool  - HikariPool-1 - Thread starvation or clock leap detected (housekeeper delta=1m50s788ms).
2025-12-27 23:24:29.810 [HikariPool-1 housekeeper] WARN  com.zaxxer.hikari.pool.HikariPool  - HikariPool-1 - Thread starvation or clock leap detected (housekeeper delta=2m11s413ms).
2025-12-27 23:29:20.901 [HikariPool-1 housekeeper] WARN  com.zaxxer.hikari.pool.HikariPool  - HikariPool-1 - Thread starvation or clock leap detected (housekeeper delta=4m51s91ms).
2025-12-27 23:31:21.583 [HikariPool-1 housekeeper] WARN  com.zaxxer.hikari.pool.HikariPool  - HikariPool-1 - Thread starvation or clock leap detected (housekeeper delta=1m30s672ms).
2025-12-27 23:32:33.584 [HikariPool-1 housekeeper] WARN  com.zaxxer.hikari.pool.HikariPool  - HikariPool-1 - Thread starvation or clock leap detected (housekeeper delta=1m12s).
2025-12-27 23:34:07.101 [HikariPool-1 housekeeper] WARN  com.zaxxer.hikari.pool.HikariPool  - HikariPool-1 - Thread starvation or clock leap detected (housekeeper delta=1m3s509ms).
2025-12-27 23:35:27.957 [HikariPool-1 housekeeper] WARN  com.zaxxer.hikari.pool.HikariPool  - HikariPool-1 - Thread starvation or clock leap detected (housekeeper delta=50s852ms).
2025-12-27 23:38:10.829 [HikariPool-1 housekeeper] WARN  com.zaxxer.hikari.pool.HikariPool  - HikariPool-1 - Thread starvation or clock leap detected (housekeeper delta=2m42s872ms).
2025-12-27 23:41:45.856 [HikariPool-1 housekeeper] WARN  com.zaxxer.hikari.pool.HikariPool  - HikariPool-1 - Thread starvation or clock leap detected (housekeeper delta=1m10s494ms).
2025-12-27 23:46:25.683 [HikariPool-1 housekeeper] WARN  com.zaxxer.hikari.pool.HikariPool  - HikariPool-1 - Thread starvation or clock leap detected (housekeeper delta=4m39s827ms).
2025-12-27 23:48:07.642 [HikariPool-1 housekeeper] WARN  com.zaxxer.hikari.pool.HikariPool  - HikariPool-1 - Thread starvation or clock leap detected (housekeeper delta=1m11s955ms).
2025-12-27 23:51:01.349 [HikariPool-1 housekeeper] WARN  com.zaxxer.hikari.pool.HikariPool  - HikariPool-1 - Thread starvation or clock leap detected (housekeeper delta=2m23s698ms).
2025-12-27 23:53:59.915 [HikariPool-1 housekeeper] WARN  com.zaxxer.hikari.pool.HikariPool  - HikariPool-1 - Thread starvation or clock leap detected (housekeeper delta=2m58s566ms).
2025-12-27 23:56:46.436 [HikariPool-1 housekeeper] WARN  com.zaxxer.hikari.pool.HikariPool  - HikariPool-1 - Thread starvation or clock leap detected (housekeeper delta=1m41s407ms).
2025-12-27 23:58:06.344 [HikariPool-1 housekeeper] WARN  com.zaxxer.hikari.pool.HikariPool  - HikariPool-1 - Thread starvation or clock leap detected (housekeeper delta=49s903ms).
