2025-12-14 06:42:05.439 [http-nio-8080-exec-10] INFO  c.e.c.l.RequestResponseLoggingFilter 500d5cbf-eae4-4489-97c1-432229dc1a00 - HTTP POST /api/run/cpp | status=200 | duration=1338ms | req={"language":"cpp","code":"#include <bits/stdc++.h>\nusing namespace std;\n\nint main() {\n    ios::sync_with_stdio(false);\n    cin.tie(nullptr);\n    \n    string s;\n    while (getline(cin, s)) {\n        cout << s << \"\\n\";\n    }\n    return 0;\n}","stdin":""} | res={"exitCode":0,"stdout":"","stderr":""}
2025-12-14 06:42:10.181 [http-nio-8080-exec-2] INFO  c.e.c.l.RequestResponseLoggingFilter 681048cb-621c-4f91-ad06-c4589e3e7379 - HTTP POST /api/run/cpp | status=200 | duration=1082ms | req={"language":"cpp","code":"#include <bits/stdc++.h>\nusing namespace std;\n\nint main() {\n    ios::sync_with_stdio(false);\n    cin.tie(nullptr);\n    \n    string s;\n    while (getline(cin, s)) {\n        cout << s << \"\\n\";\n    }\n    return 0;\n}","stdin":"10"} | res={"exitCode":0,"stdout":"10\n","stderr":""}
2025-12-14 06:43:43.642 [http-nio-8080-exec-4] INFO  c.e.c.l.RequestResponseLoggingFilter bdf56e81-585f-49ee-9f76-a3efff7e6e40 - HTTP POST /api/run/cpp | status=200 | duration=1107ms | req={"language":"cpp","code":"#include <bits/stdc++.h>\nusing namespace std;\n\nint main() {\n    ios::sync_with_stdio(false);\n    cin.tie(nullptr);\n    \n    string s;\n    while (getline(cin, s)) {\n        cout << s << \"\\n\"\n    }\n    return 0;\n}","stdin":"10"} | res={"exitCode":1,"stdout":"Solution.cpp: In function 'int main()':\nSolution.cpp:10:26: error: expected ';' before '}' token\n   10 |         cout << s << \"\\n\"\n      |                          ^\n      |                          ;\n   11 |     }\n      |     ~                     \n","stderr":""}
2025-12-14 07:03:07.516 [background-preinit] INFO  o.h.validator.internal.util.Version  - HV000001: Hibernate Validator 9.0.1.Final
2025-12-14 07:03:07.531 [restartedMain] INFO  c.e.c.CodedockBackendApplication  - Starting CodedockBackendApplication using Java 25.0.1 with PID 2574 (/Users/suvechha.bishal/IdeaProjects/codedock-backend/target/classes started by suvechha.bishal in /Users/suvechha.bishal/IdeaProjects/codedock-backend)
2025-12-14 07:03:07.531 [restartedMain] DEBUG c.e.c.CodedockBackendApplication  - Running with Spring Boot v4.0.0, Spring v7.0.1
2025-12-14 07:03:07.531 [restartedMain] INFO  c.e.c.CodedockBackendApplication  - No active profile set, falling back to 1 default profile: "default"
2025-12-14 07:03:08.030 [restartedMain] INFO  c.e.c.CodedockBackendApplication  - Started CodedockBackendApplication in 0.658 seconds (process running for 0.843)
2025-12-14 07:04:11.821 [background-preinit] INFO  o.h.validator.internal.util.Version  - HV000001: Hibernate Validator 9.0.1.Final
2025-12-14 07:04:11.833 [restartedMain] INFO  c.e.c.CodedockBackendApplication  - Starting CodedockBackendApplication using Java 25.0.1 with PID 2715 (/Users/suvechha.bishal/IdeaProjects/codedock-backend/target/classes started by suvechha.bishal in /Users/suvechha.bishal/IdeaProjects/codedock-backend)
2025-12-14 07:04:11.833 [restartedMain] DEBUG c.e.c.CodedockBackendApplication  - Running with Spring Boot v4.0.0, Spring v7.0.1
2025-12-14 07:04:11.833 [restartedMain] INFO  c.e.c.CodedockBackendApplication  - No active profile set, falling back to 1 default profile: "default"
2025-12-14 07:04:12.288 [restartedMain] INFO  c.e.c.CodedockBackendApplication  - Started CodedockBackendApplication in 0.601 seconds (process running for 0.757)
2025-12-14 07:15:49.994 [background-preinit] INFO  o.h.validator.internal.util.Version  - HV000001: Hibernate Validator 9.0.1.Final
2025-12-14 07:15:50.007 [restartedMain] INFO  c.e.c.CodedockBackendApplication  - Starting CodedockBackendApplication using Java 25.0.1 with PID 7671 (/Users/suvechha.bishal/IdeaProjects/codedock-backend/target/classes started by suvechha.bishal in /Users/suvechha.bishal/IdeaProjects/codedock-backend)
2025-12-14 07:15:50.007 [restartedMain] DEBUG c.e.c.CodedockBackendApplication  - Running with Spring Boot v4.0.0, Spring v7.0.1
2025-12-14 07:15:50.007 [restartedMain] INFO  c.e.c.CodedockBackendApplication  - No active profile set, falling back to 1 default profile: "default"
2025-12-14 07:15:50.476 [restartedMain] INFO  c.e.c.CodedockBackendApplication  - Started CodedockBackendApplication in 0.617 seconds (process running for 0.774)
2025-12-14 07:17:14.679 [background-preinit] INFO  o.h.validator.internal.util.Version  - HV000001: Hibernate Validator 9.0.1.Final
2025-12-14 07:17:14.690 [restartedMain] INFO  c.e.c.CodedockBackendApplication  - Starting CodedockBackendApplication using Java 25.0.1 with PID 7755 (/Users/suvechha.bishal/IdeaProjects/codedock-backend/target/classes started by suvechha.bishal in /Users/suvechha.bishal/IdeaProjects/codedock-backend)
2025-12-14 07:17:14.690 [restartedMain] DEBUG c.e.c.CodedockBackendApplication  - Running with Spring Boot v4.0.0, Spring v7.0.1
2025-12-14 07:17:14.691 [restartedMain] INFO  c.e.c.CodedockBackendApplication  - No active profile set, falling back to 1 default profile: "default"
2025-12-14 07:17:15.141 [restartedMain] INFO  c.e.c.CodedockBackendApplication  - Started CodedockBackendApplication in 0.593 seconds (process running for 0.745)
2025-12-14 07:17:46.648 [background-preinit] INFO  o.h.validator.internal.util.Version  - HV000001: Hibernate Validator 9.0.1.Final
2025-12-14 07:17:46.660 [restartedMain] INFO  c.e.c.CodedockBackendApplication  - Starting CodedockBackendApplication using Java 25.0.1 with PID 7785 (/Users/suvechha.bishal/IdeaProjects/codedock-backend/target/classes started by suvechha.bishal in /Users/suvechha.bishal/IdeaProjects/codedock-backend)
2025-12-14 07:17:46.660 [restartedMain] DEBUG c.e.c.CodedockBackendApplication  - Running with Spring Boot v4.0.0, Spring v7.0.1
2025-12-14 07:17:46.661 [restartedMain] INFO  c.e.c.CodedockBackendApplication  - No active profile set, falling back to 1 default profile: "default"
2025-12-14 07:17:47.081 [restartedMain] INFO  c.e.c.CodedockBackendApplication  - Started CodedockBackendApplication in 0.56 seconds (process running for 0.699)
2025-12-14 07:19:05.237 [background-preinit] INFO  o.h.validator.internal.util.Version  - HV000001: Hibernate Validator 9.0.1.Final
2025-12-14 07:19:05.248 [restartedMain] INFO  c.e.c.CodedockBackendApplication  - Starting CodedockBackendApplication using Java 25.0.1 with PID 7863 (/Users/suvechha.bishal/IdeaProjects/codedock-backend/target/classes started by suvechha.bishal in /Users/suvechha.bishal/IdeaProjects/codedock-backend)
2025-12-14 07:19:05.248 [restartedMain] DEBUG c.e.c.CodedockBackendApplication  - Running with Spring Boot v4.0.0, Spring v7.0.1
2025-12-14 07:19:05.249 [restartedMain] INFO  c.e.c.CodedockBackendApplication  - No active profile set, falling back to 1 default profile: "default"
2025-12-14 07:19:05.686 [restartedMain] INFO  c.e.c.CodedockBackendApplication  - Started CodedockBackendApplication in 0.582 seconds (process running for 0.73)
2025-12-14 07:30:27.457 [restartedMain] INFO  c.e.c.CodedockBackendApplication  - Starting CodedockBackendApplication using Java 25.0.1 with PID 9371 (/Users/suvechha.bishal/IdeaProjects/codedock-backend/target/classes started by suvechha.bishal in /Users/suvechha.bishal/IdeaProjects/codedock-backend)
2025-12-14 07:30:27.458 [restartedMain] DEBUG c.e.c.CodedockBackendApplication  - Running with Spring Boot v4.0.0, Spring v7.0.1
2025-12-14 07:30:27.458 [restartedMain] INFO  c.e.c.CodedockBackendApplication  - No active profile set, falling back to 1 default profile: "default"
2025-12-14 07:30:27.501 [background-preinit] INFO  o.h.validator.internal.util.Version  - HV000001: Hibernate Validator 9.0.1.Final
2025-12-14 07:30:27.930 [restartedMain] INFO  c.e.c.CodedockBackendApplication  - Started CodedockBackendApplication in 0.624 seconds (process running for 0.814)
2025-12-14 07:31:29.969 [restartedMain] INFO  c.e.c.CodedockBackendApplication  - Starting CodedockBackendApplication using Java 25.0.1 with PID 9435 (/Users/suvechha.bishal/IdeaProjects/codedock-backend/target/classes started by suvechha.bishal in /Users/suvechha.bishal/IdeaProjects/codedock-backend)
2025-12-14 07:31:29.970 [restartedMain] DEBUG c.e.c.CodedockBackendApplication  - Running with Spring Boot v4.0.0, Spring v7.0.1
2025-12-14 07:31:29.970 [restartedMain] INFO  c.e.c.CodedockBackendApplication  - No active profile set, falling back to 1 default profile: "default"
2025-12-14 07:31:30.017 [background-preinit] INFO  o.h.validator.internal.util.Version  - HV000001: Hibernate Validator 9.0.1.Final
2025-12-14 07:31:30.436 [restartedMain] INFO  c.e.c.CodedockBackendApplication  - Started CodedockBackendApplication in 0.615 seconds (process running for 0.776)
2025-12-14 07:31:48.479 [restartedMain] INFO  c.e.c.CodedockBackendApplication  - Starting CodedockBackendApplication using Java 25.0.1 with PID 9451 (/Users/suvechha.bishal/IdeaProjects/codedock-backend/target/classes started by suvechha.bishal in /Users/suvechha.bishal/IdeaProjects/codedock-backend)
2025-12-14 07:31:48.479 [restartedMain] DEBUG c.e.c.CodedockBackendApplication  - Running with Spring Boot v4.0.0, Spring v7.0.1
2025-12-14 07:31:48.480 [restartedMain] INFO  c.e.c.CodedockBackendApplication  - No active profile set, falling back to 1 default profile: "default"
2025-12-14 07:31:48.548 [background-preinit] INFO  o.h.validator.internal.util.Version  - HV000001: Hibernate Validator 9.0.1.Final
2025-12-14 07:31:48.928 [restartedMain] INFO  c.e.c.CodedockBackendApplication  - Started CodedockBackendApplication in 0.591 seconds (process running for 0.739)
2025-12-14 07:56:31.170 [restartedMain] INFO  c.e.c.CodedockBackendApplication  - Starting CodedockBackendApplication using Java 25.0.1 with PID 10651 (/Users/suvechha.bishal/IdeaProjects/codedock-backend/target/classes started by suvechha.bishal in /Users/suvechha.bishal/IdeaProjects/codedock-backend)
2025-12-14 07:56:31.170 [restartedMain] DEBUG c.e.c.CodedockBackendApplication  - Running with Spring Boot v4.0.0, Spring v7.0.1
2025-12-14 07:56:31.170 [restartedMain] INFO  c.e.c.CodedockBackendApplication  - No active profile set, falling back to 1 default profile: "default"
2025-12-14 07:56:31.223 [background-preinit] INFO  o.h.validator.internal.util.Version  - HV000001: Hibernate Validator 9.0.1.Final
2025-12-14 07:56:31.648 [restartedMain] INFO  c.e.c.CodedockBackendApplication  - Started CodedockBackendApplication in 0.628 seconds (process running for 0.784)
2025-12-14 07:56:50.766 [restartedMain] INFO  c.e.c.CodedockBackendApplication  - Starting CodedockBackendApplication using Java 25.0.1 with PID 10667 (/Users/suvechha.bishal/IdeaProjects/codedock-backend/target/classes started by suvechha.bishal in /Users/suvechha.bishal/IdeaProjects/codedock-backend)
2025-12-14 07:56:50.767 [restartedMain] DEBUG c.e.c.CodedockBackendApplication  - Running with Spring Boot v4.0.0, Spring v7.0.1
2025-12-14 07:56:50.767 [restartedMain] INFO  c.e.c.CodedockBackendApplication  - No active profile set, falling back to 1 default profile: "default"
2025-12-14 07:56:50.817 [background-preinit] INFO  o.h.validator.internal.util.Version  - HV000001: Hibernate Validator 9.0.1.Final
2025-12-14 07:56:51.195 [restartedMain] INFO  c.e.c.CodedockBackendApplication  - Started CodedockBackendApplication in 0.567 seconds (process running for 0.706)
2025-12-14 07:58:26.685 [main] INFO  c.e.c.CodedockBackendApplicationTests  - Starting CodedockBackendApplicationTests using Java 25.0.1 with PID 11559 (started by suvechha.bishal in /Users/suvechha.bishal/IdeaProjects/codedock-backend)
2025-12-14 07:58:26.686 [main] DEBUG c.e.c.CodedockBackendApplicationTests  - Running with Spring Boot v4.0.0, Spring v7.0.1
2025-12-14 07:58:26.686 [main] INFO  c.e.c.CodedockBackendApplicationTests  - No active profile set, falling back to 1 default profile: "default"
2025-12-14 07:58:26.755 [background-preinit] INFO  o.h.validator.internal.util.Version  - HV000001: Hibernate Validator 9.0.1.Final
2025-12-14 07:58:27.114 [main] INFO  c.e.c.CodedockBackendApplicationTests  - Started CodedockBackendApplicationTests in 0.536 seconds (process running for 0.86)
2025-12-14 07:58:45.633 [restartedMain] INFO  c.e.c.CodedockBackendApplication  - Starting CodedockBackendApplication using Java 25.0.1 with PID 11609 (/Users/suvechha.bishal/IdeaProjects/codedock-backend/target/classes started by suvechha.bishal in /Users/suvechha.bishal/IdeaProjects/codedock-backend)
2025-12-14 07:58:45.633 [restartedMain] DEBUG c.e.c.CodedockBackendApplication  - Running with Spring Boot v4.0.0, Spring v7.0.1
2025-12-14 07:58:45.633 [restartedMain] INFO  c.e.c.CodedockBackendApplication  - No active profile set, falling back to 1 default profile: "default"
2025-12-14 07:58:45.701 [background-preinit] INFO  o.h.validator.internal.util.Version  - HV000001: Hibernate Validator 9.0.1.Final
2025-12-14 07:58:46.164 [restartedMain] INFO  c.e.c.CodedockBackendApplication  - Started CodedockBackendApplication in 0.668 seconds (process running for 0.832)
2025-12-14 08:02:02.125 [restartedMain] INFO  c.e.c.CodedockBackendApplication  - Starting CodedockBackendApplication using Java 25.0.1 with PID 11813 (/Users/suvechha.bishal/IdeaProjects/codedock-backend/target/classes started by suvechha.bishal in /Users/suvechha.bishal/IdeaProjects/codedock-backend)
2025-12-14 08:02:02.126 [restartedMain] DEBUG c.e.c.CodedockBackendApplication  - Running with Spring Boot v4.0.0, Spring v7.0.1
2025-12-14 08:02:02.126 [restartedMain] INFO  c.e.c.CodedockBackendApplication  - No active profile set, falling back to 1 default profile: "default"
2025-12-14 08:02:02.176 [background-preinit] INFO  o.h.validator.internal.util.Version  - HV000001: Hibernate Validator 9.0.1.Final
2025-12-14 08:02:02.573 [restartedMain] INFO  c.e.c.CodedockBackendApplication  - Started CodedockBackendApplication in 0.593 seconds (process running for 0.745)
2025-12-14 08:03:18.684 [main] INFO  c.e.c.CodedockBackendApplicationTests  - Starting CodedockBackendApplicationTests using Java 25.0.1 with PID 11955 (started by suvechha.bishal in /Users/suvechha.bishal/IdeaProjects/codedock-backend)
2025-12-14 08:03:18.685 [main] DEBUG c.e.c.CodedockBackendApplicationTests  - Running with Spring Boot v4.0.0, Spring v7.0.1
2025-12-14 08:03:18.685 [main] INFO  c.e.c.CodedockBackendApplicationTests  - No active profile set, falling back to 1 default profile: "default"
2025-12-14 08:03:18.753 [background-preinit] INFO  o.h.validator.internal.util.Version  - HV000001: Hibernate Validator 9.0.1.Final
2025-12-14 08:03:19.106 [main] INFO  c.e.c.CodedockBackendApplicationTests  - Started CodedockBackendApplicationTests in 0.527 seconds (process running for 0.847)
2025-12-14 08:05:32.175 [restartedMain] INFO  c.e.c.CodedockBackendApplication  - Starting CodedockBackendApplication using Java 25.0.1 with PID 12132 (/Users/suvechha.bishal/IdeaProjects/codedock-backend/target/classes started by suvechha.bishal in /Users/suvechha.bishal/IdeaProjects/codedock-backend)
2025-12-14 08:05:32.176 [restartedMain] DEBUG c.e.c.CodedockBackendApplication  - Running with Spring Boot v4.0.0, Spring v7.0.1
2025-12-14 08:05:32.176 [restartedMain] INFO  c.e.c.CodedockBackendApplication  - No active profile set, falling back to 1 default profile: "default"
2025-12-14 08:05:32.229 [background-preinit] INFO  o.h.validator.internal.util.Version  - HV000001: Hibernate Validator 9.0.1.Final
2025-12-14 08:05:32.651 [restartedMain] INFO  c.e.c.CodedockBackendApplication  - Started CodedockBackendApplication in 0.631 seconds (process running for 0.823)
2025-12-14 08:06:12.207 [restartedMain] INFO  c.e.c.CodedockBackendApplication  - Starting CodedockBackendApplication using Java 25.0.1 with PID 12594 (/Users/suvechha.bishal/IdeaProjects/codedock-backend/target/classes started by suvechha.bishal in /Users/suvechha.bishal/IdeaProjects/codedock-backend)
2025-12-14 08:06:12.208 [restartedMain] DEBUG c.e.c.CodedockBackendApplication  - Running with Spring Boot v4.0.0, Spring v7.0.1
2025-12-14 08:06:12.208 [restartedMain] INFO  c.e.c.CodedockBackendApplication  - No active profile set, falling back to 1 default profile: "default"
2025-12-14 08:06:12.259 [background-preinit] INFO  o.h.validator.internal.util.Version  - HV000001: Hibernate Validator 9.0.1.Final
2025-12-14 08:06:12.678 [restartedMain] INFO  c.e.c.CodedockBackendApplication  - Started CodedockBackendApplication in 0.619 seconds (process running for 0.775)
2025-12-14 08:16:20.616 [background-preinit] INFO  o.h.validator.internal.util.Version  - HV000001: Hibernate Validator 8.0.1.Final
2025-12-14 08:16:20.620 [main] INFO  c.e.c.CodedockBackendApplicationTests  - Starting CodedockBackendApplicationTests using Java 25.0.1 with PID 14198 (started by suvechha.bishal in /Users/suvechha.bishal/IdeaProjects/codedock-backend)
2025-12-14 08:16:20.621 [main] DEBUG c.e.c.CodedockBackendApplicationTests  - Running with Spring Boot v3.3.4, Spring v6.1.13
2025-12-14 08:16:20.621 [main] INFO  c.e.c.CodedockBackendApplicationTests  - No active profile set, falling back to 1 default profile: "default"
2025-12-14 08:16:21.032 [main] INFO  c.e.c.CodedockBackendApplicationTests  - Started CodedockBackendApplicationTests in 0.524 seconds (process running for 0.791)
2025-12-14 08:22:21.445 [background-preinit] INFO  o.h.validator.internal.util.Version  - HV000001: Hibernate Validator 8.0.1.Final
2025-12-14 08:22:21.448 [main] INFO  c.e.c.CodedockBackendApplicationTests  - Starting CodedockBackendApplicationTests using Java 25.0.1 with PID 15359 (started by suvechha.bishal in /Users/suvechha.bishal/IdeaProjects/codedock-backend)
2025-12-14 08:22:21.449 [main] DEBUG c.e.c.CodedockBackendApplicationTests  - Running with Spring Boot v3.3.4, Spring v6.1.13
2025-12-14 08:22:21.449 [main] INFO  c.e.c.CodedockBackendApplicationTests  - No active profile set, falling back to 1 default profile: "default"
2025-12-14 08:22:21.764 [main] INFO  o.h.jpa.internal.util.LogHelper  - HHH000204: Processing PersistenceUnitInfo [name: default]
2025-12-14 08:22:21.783 [main] INFO  org.hibernate.Version  - HHH000412: Hibernate ORM core version 6.5.3.Final
2025-12-14 08:22:21.793 [main] INFO  o.h.c.i.RegionFactoryInitiator  - HHH000026: Second-level cache disabled
2025-12-14 08:22:21.951 [main] WARN  org.hibernate.orm.deprecation  - HHH90000025: PostgreSQLDialect does not need to be specified explicitly using 'hibernate.dialect' (remove the property setting and it will be selected by default)
2025-12-14 08:22:22.062 [main] INFO  o.h.e.t.j.p.i.JtaPlatformInitiator  - HHH000489: No JTA platform available (set 'hibernate.transaction.jta.platform' to enable JTA platform integration)
2025-12-14 08:22:22.087 [main] WARN  o.s.b.a.o.j.JpaBaseConfiguration$JpaWebConfiguration  - spring.jpa.open-in-view is enabled by default. Therefore, database queries may be performed during view rendering. Explicitly configure spring.jpa.open-in-view to disable this warning
2025-12-14 08:22:22.296 [main] INFO  c.e.c.CodedockBackendApplicationTests  - Started CodedockBackendApplicationTests in 0.95 seconds (process running for 1.232)
2025-12-14 08:30:07.402 [background-preinit] INFO  o.h.validator.internal.util.Version  - HV000001: Hibernate Validator 8.0.1.Final
2025-12-14 08:30:07.406 [main] INFO  c.e.c.CodedockBackendApplicationTests  - Starting CodedockBackendApplicationTests using Java 25.0.1 with PID 16655 (started by suvechha.bishal in /Users/suvechha.bishal/IdeaProjects/codedock-backend)
2025-12-14 08:30:07.406 [main] DEBUG c.e.c.CodedockBackendApplicationTests  - Running with Spring Boot v3.3.4, Spring v6.1.13
2025-12-14 08:30:07.407 [main] INFO  c.e.c.CodedockBackendApplicationTests  - No active profile set, falling back to 1 default profile: "default"
2025-12-14 08:30:07.721 [main] INFO  o.h.jpa.internal.util.LogHelper  - HHH000204: Processing PersistenceUnitInfo [name: default]
2025-12-14 08:30:07.740 [main] INFO  org.hibernate.Version  - HHH000412: Hibernate ORM core version 6.5.3.Final
2025-12-14 08:30:07.751 [main] INFO  o.h.c.i.RegionFactoryInitiator  - HHH000026: Second-level cache disabled
2025-12-14 08:30:07.913 [main] WARN  org.hibernate.orm.deprecation  - HHH90000025: PostgreSQLDialect does not need to be specified explicitly using 'hibernate.dialect' (remove the property setting and it will be selected by default)
2025-12-14 08:30:08.013 [main] INFO  o.h.e.t.j.p.i.JtaPlatformInitiator  - HHH000489: No JTA platform available (set 'hibernate.transaction.jta.platform' to enable JTA platform integration)
2025-12-14 08:30:08.034 [main] WARN  o.s.b.a.o.j.JpaBaseConfiguration$JpaWebConfiguration  - spring.jpa.open-in-view is enabled by default. Therefore, database queries may be performed during view rendering. Explicitly configure spring.jpa.open-in-view to disable this warning
2025-12-14 08:30:08.237 [main] INFO  c.e.c.CodedockBackendApplicationTests  - Started CodedockBackendApplicationTests in 0.935 seconds (process running for 1.208)
2025-12-14 08:33:49.554 [background-preinit] INFO  o.h.validator.internal.util.Version  - HV000001: Hibernate Validator 8.0.1.Final
2025-12-14 08:33:49.557 [main] INFO  c.e.c.CodedockBackendApplicationTests  - Starting CodedockBackendApplicationTests using Java 25.0.1 with PID 16921 (started by suvechha.bishal in /Users/suvechha.bishal/IdeaProjects/codedock-backend)
2025-12-14 08:33:49.557 [main] DEBUG c.e.c.CodedockBackendApplicationTests  - Running with Spring Boot v3.3.4, Spring v6.1.13
2025-12-14 08:33:49.557 [main] INFO  c.e.c.CodedockBackendApplicationTests  - No active profile set, falling back to 1 default profile: "default"
2025-12-14 08:33:49.855 [main] INFO  o.h.jpa.internal.util.LogHelper  - HHH000204: Processing PersistenceUnitInfo [name: default]
2025-12-14 08:33:49.868 [main] INFO  org.hibernate.Version  - HHH000412: Hibernate ORM core version 6.5.3.Final
2025-12-14 08:33:49.876 [main] INFO  o.h.c.i.RegionFactoryInitiator  - HHH000026: Second-level cache disabled
2025-12-14 08:33:50.006 [main] WARN  org.hibernate.orm.deprecation  - HHH90000025: PostgreSQLDialect does not need to be specified explicitly using 'hibernate.dialect' (remove the property setting and it will be selected by default)
2025-12-14 08:33:50.086 [main] INFO  o.h.e.t.j.p.i.JtaPlatformInitiator  - HHH000489: No JTA platform available (set 'hibernate.transaction.jta.platform' to enable JTA platform integration)
2025-12-14 08:33:50.107 [main] WARN  o.s.b.a.o.j.JpaBaseConfiguration$JpaWebConfiguration  - spring.jpa.open-in-view is enabled by default. Therefore, database queries may be performed during view rendering. Explicitly configure spring.jpa.open-in-view to disable this warning
2025-12-14 08:33:50.305 [main] INFO  c.e.c.CodedockBackendApplicationTests  - Started CodedockBackendApplicationTests in 0.847 seconds (process running for 1.107)
2025-12-14 08:45:05.463 [background-preinit] INFO  o.h.validator.internal.util.Version  - HV000001: Hibernate Validator 8.0.1.Final
2025-12-14 08:45:05.474 [restartedMain] INFO  c.e.c.CodedockBackendApplication  - Starting CodedockBackendApplication using Java 17.0.17 with PID 18306 (/Users/suvechha.bishal/IdeaProjects/codedock-backend/target/classes started by suvechha.bishal in /Users/suvechha.bishal/IdeaProjects/codedock-backend)
2025-12-14 08:45:05.474 [restartedMain] DEBUG c.e.c.CodedockBackendApplication  - Running with Spring Boot v3.3.4, Spring v6.1.13
2025-12-14 08:45:05.474 [restartedMain] INFO  c.e.c.CodedockBackendApplication  - No active profile set, falling back to 1 default profile: "default"
2025-12-14 08:45:05.943 [restartedMain] INFO  o.h.jpa.internal.util.LogHelper  - HHH000204: Processing PersistenceUnitInfo [name: default]
2025-12-14 08:45:05.962 [restartedMain] INFO  org.hibernate.Version  - HHH000412: Hibernate ORM core version 6.5.3.Final
2025-12-14 08:45:05.973 [restartedMain] INFO  o.h.c.i.RegionFactoryInitiator  - HHH000026: Second-level cache disabled
2025-12-14 08:45:06.113 [restartedMain] WARN  org.hibernate.orm.deprecation  - HHH90000025: PostgreSQLDialect does not need to be specified explicitly using 'hibernate.dialect' (remove the property setting and it will be selected by default)
2025-12-14 08:45:06.218 [restartedMain] INFO  o.h.e.t.j.p.i.JtaPlatformInitiator  - HHH000489: No JTA platform available (set 'hibernate.transaction.jta.platform' to enable JTA platform integration)
2025-12-14 08:45:06.233 [restartedMain] WARN  o.s.b.a.o.j.JpaBaseConfiguration$JpaWebConfiguration  - spring.jpa.open-in-view is enabled by default. Therefore, database queries may be performed during view rendering. Explicitly configure spring.jpa.open-in-view to disable this warning
2025-12-14 08:45:06.398 [restartedMain] INFO  c.e.c.CodedockBackendApplication  - Started CodedockBackendApplication in 1.071 seconds (process running for 1.231)
2025-12-14 08:45:22.568 [background-preinit] INFO  o.h.validator.internal.util.Version  - HV000001: Hibernate Validator 8.0.1.Final
2025-12-14 08:45:22.579 [restartedMain] INFO  c.e.c.CodedockBackendApplication  - Starting CodedockBackendApplication using Java 17.0.17 with PID 18341 (/Users/suvechha.bishal/IdeaProjects/codedock-backend/target/classes started by suvechha.bishal in /Users/suvechha.bishal/IdeaProjects/codedock-backend)
2025-12-14 08:45:22.579 [restartedMain] DEBUG c.e.c.CodedockBackendApplication  - Running with Spring Boot v3.3.4, Spring v6.1.13
2025-12-14 08:45:22.579 [restartedMain] INFO  c.e.c.CodedockBackendApplication  - No active profile set, falling back to 1 default profile: "default"
2025-12-14 08:45:22.964 [restartedMain] INFO  o.h.jpa.internal.util.LogHelper  - HHH000204: Processing PersistenceUnitInfo [name: default]
2025-12-14 08:45:22.976 [restartedMain] INFO  org.hibernate.Version  - HHH000412: Hibernate ORM core version 6.5.3.Final
2025-12-14 08:45:22.983 [restartedMain] INFO  o.h.c.i.RegionFactoryInitiator  - HHH000026: Second-level cache disabled
2025-12-14 08:45:23.088 [restartedMain] WARN  org.hibernate.orm.deprecation  - HHH90000025: PostgreSQLDialect does not need to be specified explicitly using 'hibernate.dialect' (remove the property setting and it will be selected by default)
2025-12-14 08:45:23.161 [restartedMain] INFO  o.h.e.t.j.p.i.JtaPlatformInitiator  - HHH000489: No JTA platform available (set 'hibernate.transaction.jta.platform' to enable JTA platform integration)
2025-12-14 08:45:23.179 [restartedMain] WARN  o.s.b.a.o.j.JpaBaseConfiguration$JpaWebConfiguration  - spring.jpa.open-in-view is enabled by default. Therefore, database queries may be performed during view rendering. Explicitly configure spring.jpa.open-in-view to disable this warning
2025-12-14 08:45:23.328 [restartedMain] INFO  c.e.c.CodedockBackendApplication  - Started CodedockBackendApplication in 0.871 seconds (process running for 0.99)
2025-12-14 08:50:18.107 [background-preinit] INFO  o.h.validator.internal.util.Version  - HV000001: Hibernate Validator 8.0.1.Final
2025-12-14 08:50:18.111 [main] INFO  c.e.c.CodedockBackendApplicationTests  - Starting CodedockBackendApplicationTests using Java 25.0.1 with PID 19111 (started by suvechha.bishal in /Users/suvechha.bishal/IdeaProjects/codedock-backend)
2025-12-14 08:50:18.111 [main] DEBUG c.e.c.CodedockBackendApplicationTests  - Running with Spring Boot v3.3.4, Spring v6.1.13
2025-12-14 08:50:18.111 [main] INFO  c.e.c.CodedockBackendApplicationTests  - No active profile set, falling back to 1 default profile: "default"
2025-12-14 08:50:18.418 [main] INFO  o.h.jpa.internal.util.LogHelper  - HHH000204: Processing PersistenceUnitInfo [name: default]
2025-12-14 08:50:18.437 [main] INFO  org.hibernate.Version  - HHH000412: Hibernate ORM core version 6.5.3.Final
2025-12-14 08:50:18.449 [main] INFO  o.h.c.i.RegionFactoryInitiator  - HHH000026: Second-level cache disabled
2025-12-14 08:50:18.716 [main] INFO  o.h.e.t.j.p.i.JtaPlatformInitiator  - HHH000489: No JTA platform available (set 'hibernate.transaction.jta.platform' to enable JTA platform integration)
2025-12-14 08:50:18.929 [main] INFO  c.e.c.CodedockBackendApplicationTests  - Started CodedockBackendApplicationTests in 0.922 seconds (process running for 1.188)
2025-12-14 08:50:22.383 [background-preinit] INFO  o.h.validator.internal.util.Version  - HV000001: Hibernate Validator 8.0.1.Final
2025-12-14 08:50:22.397 [restartedMain] INFO  c.e.c.CodedockBackendApplication  - Starting CodedockBackendApplication using Java 17.0.17 with PID 19158 (/Users/suvechha.bishal/IdeaProjects/codedock-backend/target/classes started by suvechha.bishal in /Users/suvechha.bishal/IdeaProjects/codedock-backend)
2025-12-14 08:50:22.398 [restartedMain] DEBUG c.e.c.CodedockBackendApplication  - Running with Spring Boot v3.3.4, Spring v6.1.13
2025-12-14 08:50:22.398 [restartedMain] INFO  c.e.c.CodedockBackendApplication  - No active profile set, falling back to 1 default profile: "default"
2025-12-14 08:50:22.829 [restartedMain] INFO  o.h.jpa.internal.util.LogHelper  - HHH000204: Processing PersistenceUnitInfo [name: default]
2025-12-14 08:50:22.841 [restartedMain] INFO  org.hibernate.Version  - HHH000412: Hibernate ORM core version 6.5.3.Final
2025-12-14 08:50:22.848 [restartedMain] INFO  o.h.c.i.RegionFactoryInitiator  - HHH000026: Second-level cache disabled
2025-12-14 08:50:23.042 [restartedMain] INFO  o.h.e.t.j.p.i.JtaPlatformInitiator  - HHH000489: No JTA platform available (set 'hibernate.transaction.jta.platform' to enable JTA platform integration)
2025-12-14 08:50:23.200 [restartedMain] INFO  c.e.c.CodedockBackendApplication  - Started CodedockBackendApplication in 0.938 seconds (process running for 1.063)
2025-12-14 08:52:19.746 [background-preinit] INFO  o.h.validator.internal.util.Version  - HV000001: Hibernate Validator 8.0.1.Final
2025-12-14 08:52:19.750 [main] INFO  c.e.c.CodedockBackendApplicationTests  - Starting CodedockBackendApplicationTests using Java 25.0.1 with PID 20754 (started by suvechha.bishal in /Users/suvechha.bishal/IdeaProjects/codedock-backend)
2025-12-14 08:52:19.750 [main] DEBUG c.e.c.CodedockBackendApplicationTests  - Running with Spring Boot v3.3.4, Spring v6.1.13
2025-12-14 08:52:19.750 [main] INFO  c.e.c.CodedockBackendApplicationTests  - No active profile set, falling back to 1 default profile: "default"
2025-12-14 08:52:20.058 [main] INFO  o.h.jpa.internal.util.LogHelper  - HHH000204: Processing PersistenceUnitInfo [name: default]
2025-12-14 08:52:20.077 [main] INFO  org.hibernate.Version  - HHH000412: Hibernate ORM core version 6.5.3.Final
2025-12-14 08:52:20.088 [main] INFO  o.h.c.i.RegionFactoryInitiator  - HHH000026: Second-level cache disabled
2025-12-14 08:52:20.354 [main] INFO  o.h.e.t.j.p.i.JtaPlatformInitiator  - HHH000489: No JTA platform available (set 'hibernate.transaction.jta.platform' to enable JTA platform integration)
2025-12-14 08:52:20.571 [main] INFO  c.e.c.CodedockBackendApplicationTests  - Started CodedockBackendApplicationTests in 0.922 seconds (process running for 1.181)
2025-12-14 08:53:00.220 [background-preinit] INFO  o.h.validator.internal.util.Version  - HV000001: Hibernate Validator 8.0.1.Final
2025-12-14 08:53:00.234 [restartedMain] INFO  c.e.c.CodedockBackendApplication  - Starting CodedockBackendApplication using Java 17.0.17 with PID 21559 (/Users/suvechha.bishal/IdeaProjects/codedock-backend/target/classes started by suvechha.bishal in /Users/suvechha.bishal/IdeaProjects/codedock-backend)
2025-12-14 08:53:00.234 [restartedMain] DEBUG c.e.c.CodedockBackendApplication  - Running with Spring Boot v3.3.4, Spring v6.1.13
2025-12-14 08:53:00.234 [restartedMain] INFO  c.e.c.CodedockBackendApplication  - No active profile set, falling back to 1 default profile: "default"
2025-12-14 08:53:00.696 [restartedMain] INFO  o.h.jpa.internal.util.LogHelper  - HHH000204: Processing PersistenceUnitInfo [name: default]
2025-12-14 08:53:00.715 [restartedMain] INFO  org.hibernate.Version  - HHH000412: Hibernate ORM core version 6.5.3.Final
2025-12-14 08:53:00.725 [restartedMain] INFO  o.h.c.i.RegionFactoryInitiator  - HHH000026: Second-level cache disabled
2025-12-14 08:53:00.978 [restartedMain] INFO  o.h.e.t.j.p.i.JtaPlatformInitiator  - HHH000489: No JTA platform available (set 'hibernate.transaction.jta.platform' to enable JTA platform integration)
2025-12-14 08:53:01.166 [restartedMain] INFO  c.e.c.CodedockBackendApplication  - Started CodedockBackendApplication in 1.082 seconds (process running for 1.253)
2025-12-14 08:55:55.121 [background-preinit] INFO  o.h.validator.internal.util.Version  - HV000001: Hibernate Validator 8.0.1.Final
2025-12-14 08:55:55.132 [restartedMain] INFO  c.e.c.CodedockBackendApplication  - Starting CodedockBackendApplication using Java 17.0.17 with PID 21740 (/Users/suvechha.bishal/IdeaProjects/codedock-backend/target/classes started by suvechha.bishal in /Users/suvechha.bishal/IdeaProjects/codedock-backend)
2025-12-14 08:55:55.133 [restartedMain] DEBUG c.e.c.CodedockBackendApplication  - Running with Spring Boot v3.3.4, Spring v6.1.13
2025-12-14 08:55:55.133 [restartedMain] INFO  c.e.c.CodedockBackendApplication  - No active profile set, falling back to 1 default profile: "default"
2025-12-14 08:55:55.557 [restartedMain] INFO  o.h.jpa.internal.util.LogHelper  - HHH000204: Processing PersistenceUnitInfo [name: default]
2025-12-14 08:55:55.572 [restartedMain] INFO  org.hibernate.Version  - HHH000412: Hibernate ORM core version 6.5.3.Final
2025-12-14 08:55:55.581 [restartedMain] INFO  o.h.c.i.RegionFactoryInitiator  - HHH000026: Second-level cache disabled
2025-12-14 08:55:55.806 [restartedMain] INFO  o.h.e.t.j.p.i.JtaPlatformInitiator  - HHH000489: No JTA platform available (set 'hibernate.transaction.jta.platform' to enable JTA platform integration)
2025-12-14 08:55:55.964 [restartedMain] INFO  c.e.c.CodedockBackendApplication  - Started CodedockBackendApplication in 0.977 seconds (process running for 1.133)
2025-12-14 08:59:33.029 [background-preinit] INFO  o.h.validator.internal.util.Version  - HV000001: Hibernate Validator 8.0.1.Final
2025-12-14 08:59:33.044 [restartedMain] INFO  c.e.c.CodedockBackendApplication  - Starting CodedockBackendApplication using Java 17.0.17 with PID 22000 (/Users/suvechha.bishal/IdeaProjects/codedock-backend/target/classes started by suvechha.bishal in /Users/suvechha.bishal/IdeaProjects/codedock-backend)
2025-12-14 08:59:33.045 [restartedMain] DEBUG c.e.c.CodedockBackendApplication  - Running with Spring Boot v3.3.4, Spring v6.1.13
2025-12-14 08:59:33.045 [restartedMain] INFO  c.e.c.CodedockBackendApplication  - No active profile set, falling back to 1 default profile: "default"
2025-12-14 08:59:33.479 [restartedMain] INFO  o.h.jpa.internal.util.LogHelper  - HHH000204: Processing PersistenceUnitInfo [name: default]
2025-12-14 08:59:33.495 [restartedMain] INFO  org.hibernate.Version  - HHH000412: Hibernate ORM core version 6.5.3.Final
2025-12-14 08:59:33.504 [restartedMain] INFO  o.h.c.i.RegionFactoryInitiator  - HHH000026: Second-level cache disabled
2025-12-14 08:59:33.741 [restartedMain] INFO  o.h.e.t.j.p.i.JtaPlatformInitiator  - HHH000489: No JTA platform available (set 'hibernate.transaction.jta.platform' to enable JTA platform integration)
2025-12-14 08:59:33.919 [restartedMain] INFO  c.e.c.CodedockBackendApplication  - Started CodedockBackendApplication in 1.008 seconds (process running for 1.147)
2025-12-14 09:03:24.299 [background-preinit] INFO  o.h.validator.internal.util.Version  - HV000001: Hibernate Validator 8.0.1.Final
2025-12-14 09:03:24.309 [restartedMain] INFO  c.e.c.CodedockBackendApplication  - Starting CodedockBackendApplication using Java 17.0.17 with PID 22660 (/Users/suvechha.bishal/IdeaProjects/codedock-backend/target/classes started by suvechha.bishal in /Users/suvechha.bishal/IdeaProjects/codedock-backend)
2025-12-14 09:03:24.309 [restartedMain] DEBUG c.e.c.CodedockBackendApplication  - Running with Spring Boot v3.3.4, Spring v6.1.13
2025-12-14 09:03:24.309 [restartedMain] INFO  c.e.c.CodedockBackendApplication  - No active profile set, falling back to 1 default profile: "default"
2025-12-14 09:03:24.740 [restartedMain] INFO  o.h.jpa.internal.util.LogHelper  - HHH000204: Processing PersistenceUnitInfo [name: default]
2025-12-14 09:03:24.756 [restartedMain] INFO  org.hibernate.Version  - HHH000412: Hibernate ORM core version 6.5.3.Final
2025-12-14 09:03:24.765 [restartedMain] INFO  o.h.c.i.RegionFactoryInitiator  - HHH000026: Second-level cache disabled
2025-12-14 09:03:25.141 [restartedMain] INFO  o.h.e.t.j.p.i.JtaPlatformInitiator  - HHH000489: No JTA platform available (set 'hibernate.transaction.jta.platform' to enable JTA platform integration)
2025-12-14 09:03:25.183 [restartedMain] WARN  o.h.e.jdbc.spi.SqlExceptionHelper  - SQL Warning Code: 0, SQLState: 00000
2025-12-14 09:03:25.183 [restartedMain] WARN  o.h.e.jdbc.spi.SqlExceptionHelper  - constraint "uk6dotkott2kjsp8vw4d0m25fb7" of relation "users" does not exist, skipping
2025-12-14 09:03:25.350 [restartedMain] INFO  c.e.c.CodedockBackendApplication  - Started CodedockBackendApplication in 1.178 seconds (process running for 1.334)
2025-12-14 09:06:03.679 [background-preinit] INFO  o.h.validator.internal.util.Version  - HV000001: Hibernate Validator 8.0.1.Final
2025-12-14 09:06:03.691 [restartedMain] INFO  c.e.c.CodedockBackendApplication  - Starting CodedockBackendApplication using Java 17.0.17 with PID 22852 (/Users/suvechha.bishal/IdeaProjects/codedock-backend/target/classes started by suvechha.bishal in /Users/suvechha.bishal/IdeaProjects/codedock-backend)
2025-12-14 09:06:03.692 [restartedMain] DEBUG c.e.c.CodedockBackendApplication  - Running with Spring Boot v3.3.4, Spring v6.1.13
2025-12-14 09:06:03.692 [restartedMain] INFO  c.e.c.CodedockBackendApplication  - No active profile set, falling back to 1 default profile: "default"
2025-12-14 09:06:04.108 [restartedMain] INFO  o.h.jpa.internal.util.LogHelper  - HHH000204: Processing PersistenceUnitInfo [name: default]
2025-12-14 09:06:04.124 [restartedMain] INFO  org.hibernate.Version  - HHH000412: Hibernate ORM core version 6.5.3.Final
2025-12-14 09:06:04.132 [restartedMain] INFO  o.h.c.i.RegionFactoryInitiator  - HHH000026: Second-level cache disabled
2025-12-14 09:06:04.497 [restartedMain] INFO  o.h.e.t.j.p.i.JtaPlatformInitiator  - HHH000489: No JTA platform available (set 'hibernate.transaction.jta.platform' to enable JTA platform integration)
2025-12-14 09:06:04.528 [restartedMain] WARN  o.h.t.s.i.ExceptionHandlerLoggedImpl  - GenerationTarget encountered exception accepting command : Error executing DDL "alter table if exists users alter column id set data type UUID" via JDBC [ERROR: identity column type must be smallint, integer, or bigint]
org.hibernate.tool.schema.spi.CommandAcceptanceException: Error executing DDL "alter table if exists users alter column id set data type UUID" via JDBC [ERROR: identity column type must be smallint, integer, or bigint]
	at org.hibernate.tool.schema.internal.exec.GenerationTargetToDatabase.accept(GenerationTargetToDatabase.java:94)
	at org.hibernate.tool.schema.internal.AbstractSchemaMigrator.applySqlString(AbstractSchemaMigrator.java:583)
	at org.hibernate.tool.schema.internal.AbstractSchemaMigrator.applySqlStrings(AbstractSchemaMigrator.java:523)
	at org.hibernate.tool.schema.internal.AbstractSchemaMigrator.migrateTable(AbstractSchemaMigrator.java:341)
	at org.hibernate.tool.schema.internal.GroupedSchemaMigratorImpl.performTablesMigration(GroupedSchemaMigratorImpl.java:84)
	at org.hibernate.tool.schema.internal.AbstractSchemaMigrator.performMigration(AbstractSchemaMigrator.java:240)
	at org.hibernate.tool.schema.internal.AbstractSchemaMigrator.doMigration(AbstractSchemaMigrator.java:119)
	at org.hibernate.tool.schema.spi.SchemaManagementToolCoordinator.performDatabaseAction(SchemaManagementToolCoordinator.java:280)
	at org.hibernate.tool.schema.spi.SchemaManagementToolCoordinator.lambda$process$5(SchemaManagementToolCoordinator.java:144)
	at java.base/java.util.HashMap.forEach(HashMap.java:1421)
	at org.hibernate.tool.schema.spi.SchemaManagementToolCoordinator.process(SchemaManagementToolCoordinator.java:141)
	at org.hibernate.boot.internal.SessionFactoryObserverForSchemaExport.sessionFactoryCreated(SessionFactoryObserverForSchemaExport.java:37)
	at org.hibernate.internal.SessionFactoryObserverChain.sessionFactoryCreated(SessionFactoryObserverChain.java:35)
	at org.hibernate.internal.SessionFactoryImpl.<init>(SessionFactoryImpl.java:322)
	at org.hibernate.boot.internal.SessionFactoryBuilderImpl.build(SessionFactoryBuilderImpl.java:457)
	at org.hibernate.jpa.boot.internal.EntityManagerFactoryBuilderImpl.build(EntityManagerFactoryBuilderImpl.java:1506)
	at org.springframework.orm.jpa.vendor.SpringHibernateJpaPersistenceProvider.createContainerEntityManagerFactory(SpringHibernateJpaPersistenceProvider.java:75)
	at org.springframework.orm.jpa.LocalContainerEntityManagerFactoryBean.createNativeEntityManagerFactory(LocalContainerEntityManagerFactoryBean.java:390)
	at org.springframework.orm.jpa.AbstractEntityManagerFactoryBean.buildNativeEntityManagerFactory(AbstractEntityManagerFactoryBean.java:409)
	at org.springframework.orm.jpa.AbstractEntityManagerFactoryBean.afterPropertiesSet(AbstractEntityManagerFactoryBean.java:396)
	at org.springframework.orm.jpa.LocalContainerEntityManagerFactoryBean.afterPropertiesSet(LocalContainerEntityManagerFactoryBean.java:366)
	at org.springframework.beans.factory.support.AbstractAutowireCapableBeanFactory.invokeInitMethods(AbstractAutowireCapableBeanFactory.java:1853)
	at org.springframework.beans.factory.support.AbstractAutowireCapableBeanFactory.initializeBean(AbstractAutowireCapableBeanFactory.java:1802)
	at org.springframework.beans.factory.support.AbstractAutowireCapableBeanFactory.doCreateBean(AbstractAutowireCapableBeanFactory.java:600)
	at org.springframework.beans.factory.support.AbstractAutowireCapableBeanFactory.createBean(AbstractAutowireCapableBeanFactory.java:522)
	at org.springframework.beans.factory.support.AbstractBeanFactory.lambda$doGetBean$0(AbstractBeanFactory.java:337)
	at org.springframework.beans.factory.support.DefaultSingletonBeanRegistry.getSingleton(DefaultSingletonBeanRegistry.java:234)
	at org.springframework.beans.factory.support.AbstractBeanFactory.doGetBean(AbstractBeanFactory.java:335)
	at org.springframework.beans.factory.support.AbstractBeanFactory.getBean(AbstractBeanFactory.java:205)
	at org.springframework.context.support.AbstractApplicationContext.finishBeanFactoryInitialization(AbstractApplicationContext.java:954)
	at org.springframework.context.support.AbstractApplicationContext.refresh(AbstractApplicationContext.java:625)
	at org.springframework.boot.web.servlet.context.ServletWebServerApplicationContext.refresh(ServletWebServerApplicationContext.java:146)
	at org.springframework.boot.SpringApplication.refresh(SpringApplication.java:754)
	at org.springframework.boot.SpringApplication.refreshContext(SpringApplication.java:456)
	at org.springframework.boot.SpringApplication.run(SpringApplication.java:335)
	at org.springframework.boot.SpringApplication.run(SpringApplication.java:1363)
	at org.springframework.boot.SpringApplication.run(SpringApplication.java:1352)
	at com.example.codedockbackend.CodedockBackendApplication.main(CodedockBackendApplication.java:13)
	at java.base/jdk.internal.reflect.NativeMethodAccessorImpl.invoke0(Native Method)
	at java.base/jdk.internal.reflect.NativeMethodAccessorImpl.invoke(NativeMethodAccessorImpl.java:77)
	at java.base/jdk.internal.reflect.DelegatingMethodAccessorImpl.invoke(DelegatingMethodAccessorImpl.java:43)
	at java.base/java.lang.reflect.Method.invoke(Method.java:569)
	at org.springframework.boot.devtools.restart.RestartLauncher.run(RestartLauncher.java:50)
Caused by: org.postgresql.util.PSQLException: ERROR: identity column type must be smallint, integer, or bigint
	at org.postgresql.core.v3.QueryExecutorImpl.receiveErrorResponse(QueryExecutorImpl.java:2733)
	at org.postgresql.core.v3.QueryExecutorImpl.processResults(QueryExecutorImpl.java:2420)
	at org.postgresql.core.v3.QueryExecutorImpl.execute(QueryExecutorImpl.java:372)
	at org.postgresql.jdbc.PgStatement.executeInternal(PgStatement.java:517)
	at org.postgresql.jdbc.PgStatement.execute(PgStatement.java:434)
	at org.postgresql.jdbc.PgStatement.executeWithFlags(PgStatement.java:356)
	at org.postgresql.jdbc.PgStatement.executeCachedSql(PgStatement.java:341)
	at org.postgresql.jdbc.PgStatement.executeWithFlags(PgStatement.java:317)
	at org.postgresql.jdbc.PgStatement.execute(PgStatement.java:312)
	at com.zaxxer.hikari.pool.ProxyStatement.execute(ProxyStatement.java:94)
	at com.zaxxer.hikari.pool.HikariProxyStatement.execute(HikariProxyStatement.java)
	at org.hibernate.tool.schema.internal.exec.GenerationTargetToDatabase.accept(GenerationTargetToDatabase.java:80)
	... 42 common frames omitted
2025-12-14 09:06:04.687 [restartedMain] INFO  c.e.c.CodedockBackendApplication  - Started CodedockBackendApplication in 1.124 seconds (process running for 1.257)
2025-12-14 09:06:37.826 [background-preinit] INFO  o.h.validator.internal.util.Version  - HV000001: Hibernate Validator 8.0.1.Final
2025-12-14 09:06:37.837 [restartedMain] INFO  c.e.c.CodedockBackendApplication  - Starting CodedockBackendApplication using Java 17.0.17 with PID 22912 (/Users/suvechha.bishal/IdeaProjects/codedock-backend/target/classes started by suvechha.bishal in /Users/suvechha.bishal/IdeaProjects/codedock-backend)
2025-12-14 09:06:37.837 [restartedMain] DEBUG c.e.c.CodedockBackendApplication  - Running with Spring Boot v3.3.4, Spring v6.1.13
2025-12-14 09:06:37.837 [restartedMain] INFO  c.e.c.CodedockBackendApplication  - No active profile set, falling back to 1 default profile: "default"
2025-12-14 09:06:38.249 [restartedMain] INFO  o.h.jpa.internal.util.LogHelper  - HHH000204: Processing PersistenceUnitInfo [name: default]
2025-12-14 09:06:38.264 [restartedMain] INFO  org.hibernate.Version  - HHH000412: Hibernate ORM core version 6.5.3.Final
2025-12-14 09:06:38.272 [restartedMain] INFO  o.h.c.i.RegionFactoryInitiator  - HHH000026: Second-level cache disabled
2025-12-14 09:06:38.615 [restartedMain] INFO  o.h.e.t.j.p.i.JtaPlatformInitiator  - HHH000489: No JTA platform available (set 'hibernate.transaction.jta.platform' to enable JTA platform integration)
2025-12-14 09:06:38.643 [restartedMain] WARN  o.h.t.s.i.ExceptionHandlerLoggedImpl  - GenerationTarget encountered exception accepting command : Error executing DDL "alter table if exists users alter column id set data type UUID" via JDBC [ERROR: identity column type must be smallint, integer, or bigint]
org.hibernate.tool.schema.spi.CommandAcceptanceException: Error executing DDL "alter table if exists users alter column id set data type UUID" via JDBC [ERROR: identity column type must be smallint, integer, or bigint]
	at org.hibernate.tool.schema.internal.exec.GenerationTargetToDatabase.accept(GenerationTargetToDatabase.java:94)
	at org.hibernate.tool.schema.internal.AbstractSchemaMigrator.applySqlString(AbstractSchemaMigrator.java:583)
	at org.hibernate.tool.schema.internal.AbstractSchemaMigrator.applySqlStrings(AbstractSchemaMigrator.java:523)
	at org.hibernate.tool.schema.internal.AbstractSchemaMigrator.migrateTable(AbstractSchemaMigrator.java:341)
	at org.hibernate.tool.schema.internal.GroupedSchemaMigratorImpl.performTablesMigration(GroupedSchemaMigratorImpl.java:84)
	at org.hibernate.tool.schema.internal.AbstractSchemaMigrator.performMigration(AbstractSchemaMigrator.java:240)
	at org.hibernate.tool.schema.internal.AbstractSchemaMigrator.doMigration(AbstractSchemaMigrator.java:119)
	at org.hibernate.tool.schema.spi.SchemaManagementToolCoordinator.performDatabaseAction(SchemaManagementToolCoordinator.java:280)
	at org.hibernate.tool.schema.spi.SchemaManagementToolCoordinator.lambda$process$5(SchemaManagementToolCoordinator.java:144)
	at java.base/java.util.HashMap.forEach(HashMap.java:1421)
	at org.hibernate.tool.schema.spi.SchemaManagementToolCoordinator.process(SchemaManagementToolCoordinator.java:141)
	at org.hibernate.boot.internal.SessionFactoryObserverForSchemaExport.sessionFactoryCreated(SessionFactoryObserverForSchemaExport.java:37)
	at org.hibernate.internal.SessionFactoryObserverChain.sessionFactoryCreated(SessionFactoryObserverChain.java:35)
	at org.hibernate.internal.SessionFactoryImpl.<init>(SessionFactoryImpl.java:322)
	at org.hibernate.boot.internal.SessionFactoryBuilderImpl.build(SessionFactoryBuilderImpl.java:457)
	at org.hibernate.jpa.boot.internal.EntityManagerFactoryBuilderImpl.build(EntityManagerFactoryBuilderImpl.java:1506)
	at org.springframework.orm.jpa.vendor.SpringHibernateJpaPersistenceProvider.createContainerEntityManagerFactory(SpringHibernateJpaPersistenceProvider.java:75)
	at org.springframework.orm.jpa.LocalContainerEntityManagerFactoryBean.createNativeEntityManagerFactory(LocalContainerEntityManagerFactoryBean.java:390)
	at org.springframework.orm.jpa.AbstractEntityManagerFactoryBean.buildNativeEntityManagerFactory(AbstractEntityManagerFactoryBean.java:409)
	at org.springframework.orm.jpa.AbstractEntityManagerFactoryBean.afterPropertiesSet(AbstractEntityManagerFactoryBean.java:396)
	at org.springframework.orm.jpa.LocalContainerEntityManagerFactoryBean.afterPropertiesSet(LocalContainerEntityManagerFactoryBean.java:366)
	at org.springframework.beans.factory.support.AbstractAutowireCapableBeanFactory.invokeInitMethods(AbstractAutowireCapableBeanFactory.java:1853)
	at org.springframework.beans.factory.support.AbstractAutowireCapableBeanFactory.initializeBean(AbstractAutowireCapableBeanFactory.java:1802)
	at org.springframework.beans.factory.support.AbstractAutowireCapableBeanFactory.doCreateBean(AbstractAutowireCapableBeanFactory.java:600)
	at org.springframework.beans.factory.support.AbstractAutowireCapableBeanFactory.createBean(AbstractAutowireCapableBeanFactory.java:522)
	at org.springframework.beans.factory.support.AbstractBeanFactory.lambda$doGetBean$0(AbstractBeanFactory.java:337)
	at org.springframework.beans.factory.support.DefaultSingletonBeanRegistry.getSingleton(DefaultSingletonBeanRegistry.java:234)
	at org.springframework.beans.factory.support.AbstractBeanFactory.doGetBean(AbstractBeanFactory.java:335)
	at org.springframework.beans.factory.support.AbstractBeanFactory.getBean(AbstractBeanFactory.java:205)
	at org.springframework.context.support.AbstractApplicationContext.finishBeanFactoryInitialization(AbstractApplicationContext.java:954)
	at org.springframework.context.support.AbstractApplicationContext.refresh(AbstractApplicationContext.java:625)
	at org.springframework.boot.web.servlet.context.ServletWebServerApplicationContext.refresh(ServletWebServerApplicationContext.java:146)
	at org.springframework.boot.SpringApplication.refresh(SpringApplication.java:754)
	at org.springframework.boot.SpringApplication.refreshContext(SpringApplication.java:456)
	at org.springframework.boot.SpringApplication.run(SpringApplication.java:335)
	at org.springframework.boot.SpringApplication.run(SpringApplication.java:1363)
	at org.springframework.boot.SpringApplication.run(SpringApplication.java:1352)
	at com.example.codedockbackend.CodedockBackendApplication.main(CodedockBackendApplication.java:13)
	at java.base/jdk.internal.reflect.NativeMethodAccessorImpl.invoke0(Native Method)
	at java.base/jdk.internal.reflect.NativeMethodAccessorImpl.invoke(NativeMethodAccessorImpl.java:77)
	at java.base/jdk.internal.reflect.DelegatingMethodAccessorImpl.invoke(DelegatingMethodAccessorImpl.java:43)
	at java.base/java.lang.reflect.Method.invoke(Method.java:569)
	at org.springframework.boot.devtools.restart.RestartLauncher.run(RestartLauncher.java:50)
Caused by: org.postgresql.util.PSQLException: ERROR: identity column type must be smallint, integer, or bigint
	at org.postgresql.core.v3.QueryExecutorImpl.receiveErrorResponse(QueryExecutorImpl.java:2733)
	at org.postgresql.core.v3.QueryExecutorImpl.processResults(QueryExecutorImpl.java:2420)
	at org.postgresql.core.v3.QueryExecutorImpl.execute(QueryExecutorImpl.java:372)
	at org.postgresql.jdbc.PgStatement.executeInternal(PgStatement.java:517)
	at org.postgresql.jdbc.PgStatement.execute(PgStatement.java:434)
	at org.postgresql.jdbc.PgStatement.executeWithFlags(PgStatement.java:356)
	at org.postgresql.jdbc.PgStatement.executeCachedSql(PgStatement.java:341)
	at org.postgresql.jdbc.PgStatement.executeWithFlags(PgStatement.java:317)
	at org.postgresql.jdbc.PgStatement.execute(PgStatement.java:312)
	at com.zaxxer.hikari.pool.ProxyStatement.execute(ProxyStatement.java:94)
	at com.zaxxer.hikari.pool.HikariProxyStatement.execute(HikariProxyStatement.java)
	at org.hibernate.tool.schema.internal.exec.GenerationTargetToDatabase.accept(GenerationTargetToDatabase.java:80)
	... 42 common frames omitted
2025-12-14 09:06:38.802 [restartedMain] INFO  c.e.c.CodedockBackendApplication  - Started CodedockBackendApplication in 1.094 seconds (process running for 1.224)
2025-12-14 09:07:40.783 [background-preinit] INFO  o.h.validator.internal.util.Version  - HV000001: Hibernate Validator 8.0.1.Final
2025-12-14 09:07:40.794 [restartedMain] INFO  c.e.c.CodedockBackendApplication  - Starting CodedockBackendApplication using Java 17.0.17 with PID 22988 (/Users/suvechha.bishal/IdeaProjects/codedock-backend/target/classes started by suvechha.bishal in /Users/suvechha.bishal/IdeaProjects/codedock-backend)
2025-12-14 09:07:40.794 [restartedMain] DEBUG c.e.c.CodedockBackendApplication  - Running with Spring Boot v3.3.4, Spring v6.1.13
2025-12-14 09:07:40.795 [restartedMain] INFO  c.e.c.CodedockBackendApplication  - No active profile set, falling back to 1 default profile: "default"
2025-12-14 09:07:41.221 [restartedMain] INFO  o.h.jpa.internal.util.LogHelper  - HHH000204: Processing PersistenceUnitInfo [name: default]
2025-12-14 09:07:41.239 [restartedMain] INFO  org.hibernate.Version  - HHH000412: Hibernate ORM core version 6.5.3.Final
2025-12-14 09:07:41.249 [restartedMain] INFO  o.h.c.i.RegionFactoryInitiator  - HHH000026: Second-level cache disabled
2025-12-14 09:07:41.606 [restartedMain] INFO  o.h.e.t.j.p.i.JtaPlatformInitiator  - HHH000489: No JTA platform available (set 'hibernate.transaction.jta.platform' to enable JTA platform integration)
2025-12-14 09:07:41.759 [restartedMain] INFO  c.e.c.CodedockBackendApplication  - Started CodedockBackendApplication in 1.097 seconds (process running for 1.22)
2025-12-14 09:08:33.608 [background-preinit] INFO  o.h.validator.internal.util.Version  - HV000001: Hibernate Validator 8.0.1.Final
2025-12-14 09:08:33.620 [restartedMain] INFO  c.e.c.CodedockBackendApplication  - Starting CodedockBackendApplication using Java 17.0.17 with PID 23047 (/Users/suvechha.bishal/IdeaProjects/codedock-backend/target/classes started by suvechha.bishal in /Users/suvechha.bishal/IdeaProjects/codedock-backend)
2025-12-14 09:08:33.620 [restartedMain] DEBUG c.e.c.CodedockBackendApplication  - Running with Spring Boot v3.3.4, Spring v6.1.13
2025-12-14 09:08:33.620 [restartedMain] INFO  c.e.c.CodedockBackendApplication  - No active profile set, falling back to 1 default profile: "default"
2025-12-14 09:08:34.041 [restartedMain] INFO  o.h.jpa.internal.util.LogHelper  - HHH000204: Processing PersistenceUnitInfo [name: default]
2025-12-14 09:08:34.056 [restartedMain] INFO  org.hibernate.Version  - HHH000412: Hibernate ORM core version 6.5.3.Final
2025-12-14 09:08:34.065 [restartedMain] INFO  o.h.c.i.RegionFactoryInitiator  - HHH000026: Second-level cache disabled
2025-12-14 09:08:34.407 [restartedMain] INFO  o.h.e.t.j.p.i.JtaPlatformInitiator  - HHH000489: No JTA platform available (set 'hibernate.transaction.jta.platform' to enable JTA platform integration)
2025-12-14 09:08:34.443 [restartedMain] WARN  o.h.e.jdbc.spi.SqlExceptionHelper  - SQL Warning Code: 0, SQLState: 00000
2025-12-14 09:08:34.443 [restartedMain] WARN  o.h.e.jdbc.spi.SqlExceptionHelper  - constraint "uk6dotkott2kjsp8vw4d0m25fb7" of relation "users" does not exist, skipping
2025-12-14 09:08:34.599 [restartedMain] INFO  c.e.c.CodedockBackendApplication  - Started CodedockBackendApplication in 1.111 seconds (process running for 1.235)
2025-12-14 09:09:58.208 [http-nio-8080-exec-2] INFO  c.e.c.l.RequestResponseLoggingFilter 73a1c0d1-0dd7-4179-bb01-bacdb7c92af6 - HTTP POST /api/run/cpp | status=200 | duration=1521ms | req={"language":"cpp","code":"#include <bits/stdc++.h>\nusing namespace std;\n\nint main() {\n    ios::sync_with_stdio(false);\n    cin.tie(nullptr);\n    \n    string s;\n    while (getline(cin, s)) {\n        cout << s << \"\\n\";\n    }\n    return 0;\n}","stdin":""} | res={"exitCode":0,"stdout":"","stderr":""}
2025-12-14 09:10:02.917 [http-nio-8080-exec-3] INFO  c.e.c.l.RequestResponseLoggingFilter ee697a3b-551c-4751-aa16-265b424e8345 - HTTP POST /api/run/cpp | status=200 | duration=1177ms | req={"language":"cpp","code":"#include <bits/stdc++.h>\nusing namespace std;\n\nint main() {\n    ios::sync_with_stdio(false);\n    cin.tie(nullptr);\n    \n    string s;\n    while (getline(cin, s)) {\n        cout << s << \"\\n\";\n    }\n    return 0;\n}","stdin":"hello"} | res={"exitCode":0,"stdout":"hello\n","stderr":""}
2025-12-14 09:17:21.205 [http-nio-8080-exec-6] ERROR c.e.c.e.GlobalExceptionHandler 424bac93-7af9-47b1-9887-a8ac1c1f20a6 - Unhandled exception for POST /api/users/create
org.springframework.web.servlet.resource.NoResourceFoundException: No static resource users/create.
	at org.springframework.web.servlet.resource.ResourceHttpRequestHandler.handleRequest(ResourceHttpRequestHandler.java:585)
	at org.springframework.web.servlet.mvc.HttpRequestHandlerAdapter.handle(HttpRequestHandlerAdapter.java:52)
	at org.springframework.web.servlet.DispatcherServlet.doDispatch(DispatcherServlet.java:1089)
	at org.springframework.web.servlet.DispatcherServlet.doService(DispatcherServlet.java:979)
	at org.springframework.web.servlet.FrameworkServlet.processRequest(FrameworkServlet.java:1014)
	at org.springframework.web.servlet.FrameworkServlet.doPost(FrameworkServlet.java:914)
	at jakarta.servlet.http.HttpServlet.service(HttpServlet.java:590)
	at org.springframework.web.servlet.FrameworkServlet.service(FrameworkServlet.java:885)
	at jakarta.servlet.http.HttpServlet.service(HttpServlet.java:658)
	at org.apache.catalina.core.ApplicationFilterChain.internalDoFilter(ApplicationFilterChain.java:195)
	at org.apache.catalina.core.ApplicationFilterChain.doFilter(ApplicationFilterChain.java:140)
	at org.apache.tomcat.websocket.server.WsFilter.doFilter(WsFilter.java:51)
	at org.apache.catalina.core.ApplicationFilterChain.internalDoFilter(ApplicationFilterChain.java:164)
	at org.apache.catalina.core.ApplicationFilterChain.doFilter(ApplicationFilterChain.java:140)
	at com.example.codedockbackend.logging.RequestResponseLoggingFilter.doFilter(RequestResponseLoggingFilter.java:34)
	at org.apache.catalina.core.ApplicationFilterChain.internalDoFilter(ApplicationFilterChain.java:164)
	at org.apache.catalina.core.ApplicationFilterChain.doFilter(ApplicationFilterChain.java:140)
	at com.example.codedockbackend.logging.MdcFilter.doFilter(MdcFilter.java:30)
	at org.apache.catalina.core.ApplicationFilterChain.internalDoFilter(ApplicationFilterChain.java:164)
	at org.apache.catalina.core.ApplicationFilterChain.doFilter(ApplicationFilterChain.java:140)
	at org.springframework.web.filter.CompositeFilter$VirtualFilterChain.doFilter(CompositeFilter.java:108)
	at org.springframework.security.web.FilterChainProxy.lambda$doFilterInternal$3(FilterChainProxy.java:231)
	at org.springframework.security.web.FilterChainProxy$VirtualFilterChain.doFilter(FilterChainProxy.java:365)
	at org.springframework.security.web.access.intercept.AuthorizationFilter.doFilter(AuthorizationFilter.java:100)
	at org.springframework.security.web.FilterChainProxy$VirtualFilterChain.doFilter(FilterChainProxy.java:374)
	at org.springframework.security.web.access.ExceptionTranslationFilter.doFilter(ExceptionTranslationFilter.java:126)
	at org.springframework.security.web.access.ExceptionTranslationFilter.doFilter(ExceptionTranslationFilter.java:120)
	at org.springframework.security.web.FilterChainProxy$VirtualFilterChain.doFilter(FilterChainProxy.java:374)
	at org.springframework.security.web.authentication.AnonymousAuthenticationFilter.doFilter(AnonymousAuthenticationFilter.java:100)
	at org.springframework.security.web.FilterChainProxy$VirtualFilterChain.doFilter(FilterChainProxy.java:374)
	at org.springframework.security.web.servletapi.SecurityContextHolderAwareRequestFilter.doFilter(SecurityContextHolderAwareRequestFilter.java:179)
	at org.springframework.security.web.FilterChainProxy$VirtualFilterChain.doFilter(FilterChainProxy.java:374)
	at org.springframework.security.web.savedrequest.RequestCacheAwareFilter.doFilter(RequestCacheAwareFilter.java:63)
	at org.springframework.security.web.FilterChainProxy$VirtualFilterChain.doFilter(FilterChainProxy.java:374)
	at org.springframework.security.web.authentication.www.BasicAuthenticationFilter.doFilterInternal(BasicAuthenticationFilter.java:181)
	at org.springframework.web.filter.OncePerRequestFilter.doFilter(OncePerRequestFilter.java:116)
	at org.springframework.security.web.FilterChainProxy$VirtualFilterChain.doFilter(FilterChainProxy.java:374)
	at org.springframework.security.web.authentication.logout.LogoutFilter.doFilter(LogoutFilter.java:107)
	at org.springframework.security.web.authentication.logout.LogoutFilter.doFilter(LogoutFilter.java:93)
	at org.springframework.security.web.FilterChainProxy$VirtualFilterChain.doFilter(FilterChainProxy.java:374)
	at org.springframework.web.filter.CorsFilter.doFilterInternal(CorsFilter.java:91)
	at org.springframework.web.filter.OncePerRequestFilter.doFilter(OncePerRequestFilter.java:116)
	at org.springframework.security.web.FilterChainProxy$VirtualFilterChain.doFilter(FilterChainProxy.java:374)
	at org.springframework.security.web.header.HeaderWriterFilter.doHeadersAfter(HeaderWriterFilter.java:90)
	at org.springframework.security.web.header.HeaderWriterFilter.doFilterInternal(HeaderWriterFilter.java:75)
	at org.springframework.web.filter.OncePerRequestFilter.doFilter(OncePerRequestFilter.java:116)
	at org.springframework.security.web.FilterChainProxy$VirtualFilterChain.doFilter(FilterChainProxy.java:374)
	at org.springframework.security.web.context.SecurityContextHolderFilter.doFilter(SecurityContextHolderFilter.java:82)
	at org.springframework.security.web.context.SecurityContextHolderFilter.doFilter(SecurityContextHolderFilter.java:69)
	at org.springframework.security.web.FilterChainProxy$VirtualFilterChain.doFilter(FilterChainProxy.java:374)
	at org.springframework.security.web.context.request.async.WebAsyncManagerIntegrationFilter.doFilterInternal(WebAsyncManagerIntegrationFilter.java:62)
	at org.springframework.web.filter.OncePerRequestFilter.doFilter(OncePerRequestFilter.java:116)
	at org.springframework.security.web.FilterChainProxy$VirtualFilterChain.doFilter(FilterChainProxy.java:374)
	at org.springframework.security.web.session.DisableEncodeUrlFilter.doFilterInternal(DisableEncodeUrlFilter.java:42)
	at org.springframework.web.filter.OncePerRequestFilter.doFilter(OncePerRequestFilter.java:116)
	at org.springframework.security.web.FilterChainProxy$VirtualFilterChain.doFilter(FilterChainProxy.java:374)
	at org.springframework.security.web.FilterChainProxy.doFilterInternal(FilterChainProxy.java:233)
	at org.springframework.security.web.FilterChainProxy.doFilter(FilterChainProxy.java:191)
	at org.springframework.web.filter.CompositeFilter$VirtualFilterChain.doFilter(CompositeFilter.java:113)
	at org.springframework.web.servlet.handler.HandlerMappingIntrospector.lambda$createCacheFilter$3(HandlerMappingIntrospector.java:195)
	at org.springframework.web.filter.CompositeFilter$VirtualFilterChain.doFilter(CompositeFilter.java:113)
	at org.springframework.web.filter.CompositeFilter.doFilter(CompositeFilter.java:74)
	at org.springframework.security.config.annotation.web.configuration.WebMvcSecurityConfiguration$CompositeFilterChainProxy.doFilter(WebMvcSecurityConfiguration.java:230)
	at org.springframework.web.filter.DelegatingFilterProxy.invokeDelegate(DelegatingFilterProxy.java:352)
	at org.springframework.web.filter.DelegatingFilterProxy.doFilter(DelegatingFilterProxy.java:268)
	at org.apache.catalina.core.ApplicationFilterChain.internalDoFilter(ApplicationFilterChain.java:164)
	at org.apache.catalina.core.ApplicationFilterChain.doFilter(ApplicationFilterChain.java:140)
	at org.springframework.web.filter.RequestContextFilter.doFilterInternal(RequestContextFilter.java:100)
	at org.springframework.web.filter.OncePerRequestFilter.doFilter(OncePerRequestFilter.java:116)
	at org.apache.catalina.core.ApplicationFilterChain.internalDoFilter(ApplicationFilterChain.java:164)
	at org.apache.catalina.core.ApplicationFilterChain.doFilter(ApplicationFilterChain.java:140)
	at org.springframework.web.filter.FormContentFilter.doFilterInternal(FormContentFilter.java:93)
	at org.springframework.web.filter.OncePerRequestFilter.doFilter(OncePerRequestFilter.java:116)
	at org.apache.catalina.core.ApplicationFilterChain.internalDoFilter(ApplicationFilterChain.java:164)
	at org.apache.catalina.core.ApplicationFilterChain.doFilter(ApplicationFilterChain.java:140)
	at org.springframework.web.filter.CharacterEncodingFilter.doFilterInternal(CharacterEncodingFilter.java:201)
	at org.springframework.web.filter.OncePerRequestFilter.doFilter(OncePerRequestFilter.java:116)
	at org.apache.catalina.core.ApplicationFilterChain.internalDoFilter(ApplicationFilterChain.java:164)
	at org.apache.catalina.core.ApplicationFilterChain.doFilter(ApplicationFilterChain.java:140)
	at org.apache.catalina.core.StandardWrapperValve.invoke(StandardWrapperValve.java:167)
	at org.apache.catalina.core.StandardContextValve.invoke(StandardContextValve.java:90)
	at org.apache.catalina.authenticator.AuthenticatorBase.invoke(AuthenticatorBase.java:483)
	at org.apache.catalina.core.StandardHostValve.invoke(StandardHostValve.java:115)
	at org.apache.catalina.valves.ErrorReportValve.invoke(ErrorReportValve.java:93)
	at org.apache.catalina.core.StandardEngineValve.invoke(StandardEngineValve.java:74)
	at org.apache.catalina.connector.CoyoteAdapter.service(CoyoteAdapter.java:344)
	at org.apache.coyote.http11.Http11Processor.service(Http11Processor.java:384)
	at org.apache.coyote.AbstractProcessorLight.process(AbstractProcessorLight.java:63)
	at org.apache.coyote.AbstractProtocol$ConnectionHandler.process(AbstractProtocol.java:905)
	at org.apache.tomcat.util.net.NioEndpoint$SocketProcessor.doRun(NioEndpoint.java:1741)
	at org.apache.tomcat.util.net.SocketProcessorBase.run(SocketProcessorBase.java:52)
	at org.apache.tomcat.util.threads.ThreadPoolExecutor.runWorker(ThreadPoolExecutor.java:1190)
	at org.apache.tomcat.util.threads.ThreadPoolExecutor$Worker.run(ThreadPoolExecutor.java:659)
	at org.apache.tomcat.util.threads.TaskThread$WrappingRunnable.run(TaskThread.java:63)
	at java.base/java.lang.Thread.run(Thread.java:840)
2025-12-14 09:17:21.214 [http-nio-8080-exec-6] WARN  o.s.w.s.m.m.a.ExceptionHandlerExceptionResolver 424bac93-7af9-47b1-9887-a8ac1c1f20a6 - Resolved [org.springframework.web.servlet.resource.NoResourceFoundException: No static resource users/create.]
2025-12-14 09:17:21.215 [http-nio-8080-exec-6] INFO  c.e.c.l.RequestResponseLoggingFilter 424bac93-7af9-47b1-9887-a8ac1c1f20a6 - HTTP POST /api/users/create | status=500 | duration=20ms | req= | res={"timestamp":"2025-12-14T03:47:21.205181Z","status":500,"error":"Internal Server Error","message":"No static resource users/create.","path":"/api/users/create"}
2025-12-14 09:17:46.621 [background-preinit] INFO  o.h.validator.internal.util.Version  - HV000001: Hibernate Validator 8.0.1.Final
2025-12-14 09:17:46.633 [restartedMain] INFO  c.e.c.CodedockBackendApplication  - Starting CodedockBackendApplication using Java 17.0.17 with PID 23811 (/Users/suvechha.bishal/IdeaProjects/codedock-backend/target/classes started by suvechha.bishal in /Users/suvechha.bishal/IdeaProjects/codedock-backend)
2025-12-14 09:17:46.633 [restartedMain] DEBUG c.e.c.CodedockBackendApplication  - Running with Spring Boot v3.3.4, Spring v6.1.13
2025-12-14 09:17:46.634 [restartedMain] INFO  c.e.c.CodedockBackendApplication  - No active profile set, falling back to 1 default profile: "default"
2025-12-14 09:17:47.098 [restartedMain] INFO  o.h.jpa.internal.util.LogHelper  - HHH000204: Processing PersistenceUnitInfo [name: default]
2025-12-14 09:17:47.118 [restartedMain] INFO  org.hibernate.Version  - HHH000412: Hibernate ORM core version 6.5.3.Final
2025-12-14 09:17:47.128 [restartedMain] INFO  o.h.c.i.RegionFactoryInitiator  - HHH000026: Second-level cache disabled
2025-12-14 09:17:47.532 [restartedMain] INFO  o.h.e.t.j.p.i.JtaPlatformInitiator  - HHH000489: No JTA platform available (set 'hibernate.transaction.jta.platform' to enable JTA platform integration)
2025-12-14 09:17:47.802 [restartedMain] INFO  c.e.c.CodedockBackendApplication  - Started CodedockBackendApplication in 1.32 seconds (process running for 1.465)
2025-12-14 09:17:52.579 [http-nio-8080-exec-2] INFO  c.e.c.l.RequestResponseLoggingFilter 85f3bdb5-2f54-4acf-b09f-f3a8edad5e57 - HTTP POST /api/users/create | status=200 | duration=186ms | req={
  "name": "Bishal",
  "email": "bishal@example.com",
  "password": "secret123"
}
 | res={"id":"0a986766-9b1a-18bc-819b-1af8d06d0000","name":"Bishal","email":"bishal@example.com"}
2025-12-14 09:24:46.182 [HikariPool-1 housekeeper] WARN  com.zaxxer.hikari.pool.HikariPool  - HikariPool-1 - Thread starvation or clock leap detected (housekeeper delta=54s984ms).
2025-12-14 09:26:45.276 [HikariPool-1 housekeeper] WARN  com.zaxxer.hikari.pool.HikariPool  - HikariPool-1 - Thread starvation or clock leap detected (housekeeper delta=1m27s46ms).
2025-12-14 09:30:28.005 [HikariPool-1 housekeeper] WARN  com.zaxxer.hikari.pool.HikariPool  - HikariPool-1 - Thread starvation or clock leap detected (housekeeper delta=2m33s338ms).
2025-12-14 09:33:13.943 [HikariPool-1 housekeeper] WARN  com.zaxxer.hikari.pool.HikariPool  - HikariPool-1 - Thread starvation or clock leap detected (housekeeper delta=2m45s938ms).
2025-12-14 09:36:32.683 [HikariPool-1 housekeeper] WARN  com.zaxxer.hikari.pool.HikariPool  - HikariPool-1 - Thread starvation or clock leap detected (housekeeper delta=2m48s738ms).
2025-12-14 10:12:07.113 [HikariPool-1 housekeeper] WARN  com.zaxxer.hikari.pool.HikariPool  - HikariPool-1 - Thread starvation or clock leap detected (housekeeper delta=35m34s430ms).
2025-12-14 10:15:02.863 [HikariPool-1 housekeeper] WARN  com.zaxxer.hikari.pool.HikariPool  - HikariPool-1 - Thread starvation or clock leap detected (housekeeper delta=2m55s750ms).
2025-12-14 10:16:27.847 [HikariPool-1 housekeeper] WARN  com.zaxxer.hikari.pool.HikariPool  - HikariPool-1 - Thread starvation or clock leap detected (housekeeper delta=1m24s984ms).
2025-12-14 10:21:59.697 [HikariPool-1 housekeeper] WARN  com.zaxxer.hikari.pool.HikariPool  - HikariPool-1 - Thread starvation or clock leap detected (housekeeper delta=5m31s850ms).
2025-12-14 10:26:48.179 [HikariPool-1 housekeeper] WARN  com.zaxxer.hikari.pool.HikariPool  - HikariPool-1 - Thread starvation or clock leap detected (housekeeper delta=4m48s482ms).
2025-12-14 10:31:54.649 [HikariPool-1 housekeeper] WARN  com.zaxxer.hikari.pool.HikariPool  - HikariPool-1 - Thread starvation or clock leap detected (housekeeper delta=5m6s470ms).
2025-12-14 10:36:05.220 [HikariPool-1 housekeeper] WARN  com.zaxxer.hikari.pool.HikariPool  - HikariPool-1 - Thread starvation or clock leap detected (housekeeper delta=4m10s571ms).
2025-12-14 10:37:45.711 [HikariPool-1 housekeeper] WARN  com.zaxxer.hikari.pool.HikariPool  - HikariPool-1 - Thread starvation or clock leap detected (housekeeper delta=1m40s491ms).
2025-12-14 10:39:55.247 [HikariPool-1 housekeeper] WARN  com.zaxxer.hikari.pool.HikariPool  - HikariPool-1 - Thread starvation or clock leap detected (housekeeper delta=2m9s536ms).
2025-12-14 10:44:36.168 [HikariPool-1 housekeeper] WARN  com.zaxxer.hikari.pool.HikariPool  - HikariPool-1 - Thread starvation or clock leap detected (housekeeper delta=4m40s921ms).
2025-12-14 10:47:12.665 [HikariPool-1 housekeeper] WARN  com.zaxxer.hikari.pool.HikariPool  - HikariPool-1 - Thread starvation or clock leap detected (housekeeper delta=2m6s488ms).
2025-12-14 10:48:51.157 [HikariPool-1 housekeeper] WARN  com.zaxxer.hikari.pool.HikariPool  - HikariPool-1 - Thread starvation or clock leap detected (housekeeper delta=1m38s492ms).
2025-12-14 10:54:30.174 [HikariPool-1 housekeeper] WARN  com.zaxxer.hikari.pool.HikariPool  - HikariPool-1 - Thread starvation or clock leap detected (housekeeper delta=4m2s903ms).
2025-12-14 10:56:02.610 [HikariPool-1 housekeeper] WARN  com.zaxxer.hikari.pool.HikariPool  - HikariPool-1 - Thread starvation or clock leap detected (housekeeper delta=1m32s436ms).
2025-12-14 10:59:13.034 [HikariPool-1 housekeeper] WARN  com.zaxxer.hikari.pool.HikariPool  - HikariPool-1 - Thread starvation or clock leap detected (housekeeper delta=3m10s424ms).
2025-12-14 11:02:50.560 [HikariPool-1 housekeeper] WARN  com.zaxxer.hikari.pool.HikariPool  - HikariPool-1 - Thread starvation or clock leap detected (housekeeper delta=3m37s526ms).
2025-12-14 11:06:48.235 [HikariPool-1 housekeeper] WARN  com.zaxxer.hikari.pool.HikariPool  - HikariPool-1 - Thread starvation or clock leap detected (housekeeper delta=3m57s675ms).
2025-12-14 11:08:07.934 [HikariPool-1 housekeeper] WARN  com.zaxxer.hikari.pool.HikariPool  - HikariPool-1 - Thread starvation or clock leap detected (housekeeper delta=1m19s699ms).
2025-12-14 11:09:38.498 [HikariPool-1 housekeeper] WARN  com.zaxxer.hikari.pool.HikariPool  - HikariPool-1 - Thread starvation or clock leap detected (housekeeper delta=46s653ms).
2025-12-14 11:10:38.028 [HikariPool-1 housekeeper] WARN  com.zaxxer.hikari.pool.HikariPool  - HikariPool-1 - Thread starvation or clock leap detected (housekeeper delta=59s530ms).
2025-12-14 11:13:54.268 [HikariPool-1 housekeeper] WARN  com.zaxxer.hikari.pool.HikariPool  - HikariPool-1 - Thread starvation or clock leap detected (housekeeper delta=3m16s240ms).
2025-12-14 11:14:43.207 [HikariPool-1 housekeeper] WARN  com.zaxxer.hikari.pool.HikariPool  - HikariPool-1 - Thread starvation or clock leap detected (housekeeper delta=48s939ms).
2025-12-14 11:17:24.770 [HikariPool-1 housekeeper] WARN  com.zaxxer.hikari.pool.HikariPool  - HikariPool-1 - Thread starvation or clock leap detected (housekeeper delta=2m8s81ms).
2025-12-14 11:19:05.390 [HikariPool-1 housekeeper] WARN  com.zaxxer.hikari.pool.HikariPool  - HikariPool-1 - Thread starvation or clock leap detected (housekeeper delta=1m40s620ms).
2025-12-14 11:20:27.625 [HikariPool-1 housekeeper] WARN  com.zaxxer.hikari.pool.HikariPool  - HikariPool-1 - Thread starvation or clock leap detected (housekeeper delta=51s648ms).
2025-12-14 11:22:29.455 [HikariPool-1 housekeeper] WARN  com.zaxxer.hikari.pool.HikariPool  - HikariPool-1 - Thread starvation or clock leap detected (housekeeper delta=1m31s825ms).
2025-12-14 11:23:29.278 [HikariPool-1 housekeeper] WARN  com.zaxxer.hikari.pool.HikariPool  - HikariPool-1 - Thread starvation or clock leap detected (housekeeper delta=59s823ms).
2025-12-14 11:24:21.722 [HikariPool-1 housekeeper] WARN  com.zaxxer.hikari.pool.HikariPool  - HikariPool-1 - Thread starvation or clock leap detected (housekeeper delta=52s444ms).
2025-12-14 11:35:55.820 [HikariPool-1 housekeeper] WARN  com.zaxxer.hikari.pool.HikariPool  - HikariPool-1 - Thread starvation or clock leap detected (housekeeper delta=11m34s98ms).
2025-12-14 11:38:20.729 [HikariPool-1 housekeeper] WARN  com.zaxxer.hikari.pool.HikariPool  - HikariPool-1 - Thread starvation or clock leap detected (housekeeper delta=2m24s909ms).
2025-12-14 11:44:25.168 [HikariPool-1 housekeeper] WARN  com.zaxxer.hikari.pool.HikariPool  - HikariPool-1 - Thread starvation or clock leap detected (housekeeper delta=5m34s427ms).
2025-12-14 11:45:34.018 [HikariPool-1 housekeeper] WARN  com.zaxxer.hikari.pool.HikariPool  - HikariPool-1 - Thread starvation or clock leap detected (housekeeper delta=1m8s850ms).
2025-12-14 11:50:02.020 [HikariPool-1 housekeeper] WARN  com.zaxxer.hikari.pool.HikariPool  - HikariPool-1 - Thread starvation or clock leap detected (housekeeper delta=4m28s2ms).
2025-12-14 11:53:42.445 [HikariPool-1 housekeeper] WARN  com.zaxxer.hikari.pool.HikariPool  - HikariPool-1 - Thread starvation or clock leap detected (housekeeper delta=3m10s418ms).
2025-12-14 11:58:00.650 [HikariPool-1 housekeeper] WARN  com.zaxxer.hikari.pool.HikariPool  - HikariPool-1 - Thread starvation or clock leap detected (housekeeper delta=3m42s852ms).
2025-12-14 12:00:22.002 [HikariPool-1 housekeeper] WARN  com.zaxxer.hikari.pool.HikariPool  - HikariPool-1 - Thread starvation or clock leap detected (housekeeper delta=1m51s349ms).
2025-12-14 12:01:56.864 [HikariPool-1 housekeeper] WARN  com.zaxxer.hikari.pool.HikariPool  - HikariPool-1 - Thread starvation or clock leap detected (housekeeper delta=1m34s862ms).
2025-12-14 12:04:09.123 [HikariPool-1 housekeeper] WARN  com.zaxxer.hikari.pool.HikariPool  - HikariPool-1 - Thread starvation or clock leap detected (housekeeper delta=2m12s259ms).
2025-12-14 12:06:20.915 [HikariPool-1 housekeeper] WARN  com.zaxxer.hikari.pool.HikariPool  - HikariPool-1 - Thread starvation or clock leap detected (housekeeper delta=2m11s792ms).
2025-12-14 12:07:16.693 [HikariPool-1 housekeeper] WARN  com.zaxxer.hikari.pool.HikariPool  - HikariPool-1 - Thread starvation or clock leap detected (housekeeper delta=55s778ms).
2025-12-14 12:10:09.757 [HikariPool-1 housekeeper] WARN  com.zaxxer.hikari.pool.HikariPool  - HikariPool-1 - Thread starvation or clock leap detected (housekeeper delta=2m53s63ms).
2025-12-14 12:13:42.247 [HikariPool-1 housekeeper] WARN  com.zaxxer.hikari.pool.HikariPool  - HikariPool-1 - Thread starvation or clock leap detected (housekeeper delta=2m55s727ms).
2025-12-14 12:15:30.592 [HikariPool-1 housekeeper] WARN  com.zaxxer.hikari.pool.HikariPool  - HikariPool-1 - Thread starvation or clock leap detected (housekeeper delta=1m48s344ms).
2025-12-14 12:17:02.095 [HikariPool-1 housekeeper] WARN  com.zaxxer.hikari.pool.HikariPool  - HikariPool-1 - Thread starvation or clock leap detected (housekeeper delta=1m31s504ms).
2025-12-14 12:18:18.088 [HikariPool-1 housekeeper] WARN  com.zaxxer.hikari.pool.HikariPool  - HikariPool-1 - Thread starvation or clock leap detected (housekeeper delta=1m15s993ms).
2025-12-14 12:19:12.850 [HikariPool-1 housekeeper] WARN  com.zaxxer.hikari.pool.HikariPool  - HikariPool-1 - Thread starvation or clock leap detected (housekeeper delta=54s762ms).
2025-12-14 12:20:51.722 [HikariPool-1 housekeeper] WARN  com.zaxxer.hikari.pool.HikariPool  - HikariPool-1 - Thread starvation or clock leap detected (housekeeper delta=1m38s872ms).
2025-12-14 12:23:10.054 [HikariPool-1 housekeeper] WARN  com.zaxxer.hikari.pool.HikariPool  - HikariPool-1 - Thread starvation or clock leap detected (housekeeper delta=1m36s321ms).
2025-12-14 12:24:50.095 [HikariPool-1 housekeeper] WARN  com.zaxxer.hikari.pool.HikariPool  - HikariPool-1 - Thread starvation or clock leap detected (housekeeper delta=1m40s41ms).
2025-12-14 12:28:48.303 [HikariPool-1 housekeeper] WARN  com.zaxxer.hikari.pool.HikariPool  - HikariPool-1 - Thread starvation or clock leap detected (housekeeper delta=2m16s315ms).
2025-12-14 12:30:26.263 [HikariPool-1 housekeeper] WARN  com.zaxxer.hikari.pool.HikariPool  - HikariPool-1 - Thread starvation or clock leap detected (housekeeper delta=1m7s266ms).
2025-12-14 12:31:59.931 [HikariPool-1 housekeeper] WARN  com.zaxxer.hikari.pool.HikariPool  - HikariPool-1 - Thread starvation or clock leap detected (housekeeper delta=1m33s668ms).
2025-12-14 12:33:03.569 [HikariPool-1 housekeeper] WARN  com.zaxxer.hikari.pool.HikariPool  - HikariPool-1 - Thread starvation or clock leap detected (housekeeper delta=1m3s638ms).
2025-12-14 12:33:58.254 [HikariPool-1 housekeeper] WARN  com.zaxxer.hikari.pool.HikariPool  - HikariPool-1 - Thread starvation or clock leap detected (housekeeper delta=54s685ms).
2025-12-14 12:35:55.086 [HikariPool-1 housekeeper] WARN  com.zaxxer.hikari.pool.HikariPool  - HikariPool-1 - Thread starvation or clock leap detected (housekeeper delta=1m56s832ms).
2025-12-14 12:39:23.506 [HikariPool-1 housekeeper] WARN  com.zaxxer.hikari.pool.HikariPool  - HikariPool-1 - Thread starvation or clock leap detected (housekeeper delta=3m28s420ms).
2025-12-14 12:44:12.539 [HikariPool-1 housekeeper] WARN  com.zaxxer.hikari.pool.HikariPool  - HikariPool-1 - Thread starvation or clock leap detected (housekeeper delta=4m19s34ms).
2025-12-14 12:45:28.268 [HikariPool-1 housekeeper] WARN  com.zaxxer.hikari.pool.HikariPool  - HikariPool-1 - Thread starvation or clock leap detected (housekeeper delta=45s728ms).
2025-12-14 12:48:02.052 [HikariPool-1 housekeeper] WARN  com.zaxxer.hikari.pool.HikariPool  - HikariPool-1 - Thread starvation or clock leap detected (housekeeper delta=2m33s784ms).
2025-12-14 12:50:55.908 [HikariPool-1 housekeeper] WARN  com.zaxxer.hikari.pool.HikariPool  - HikariPool-1 - Thread starvation or clock leap detected (housekeeper delta=2m53s856ms).
2025-12-14 12:53:51.000 [HikariPool-1 housekeeper] WARN  com.zaxxer.hikari.pool.HikariPool  - HikariPool-1 - Thread starvation or clock leap detected (housekeeper delta=2m25s85ms).
2025-12-14 12:55:33.097 [HikariPool-1 housekeeper] WARN  com.zaxxer.hikari.pool.HikariPool  - HikariPool-1 - Thread starvation or clock leap detected (housekeeper delta=1m42s97ms).
2025-12-14 12:56:19.767 [HikariPool-1 housekeeper] WARN  com.zaxxer.hikari.pool.HikariPool  - HikariPool-1 - Thread starvation or clock leap detected (housekeeper delta=46s670ms).
2025-12-14 12:57:06.726 [HikariPool-1 housekeeper] WARN  com.zaxxer.hikari.pool.HikariPool  - HikariPool-1 - Thread starvation or clock leap detected (housekeeper delta=46s959ms).
2025-12-14 13:01:01.472 [HikariPool-1 housekeeper] WARN  com.zaxxer.hikari.pool.HikariPool  - HikariPool-1 - Thread starvation or clock leap detected (housekeeper delta=3m24s741ms).
2025-12-14 13:02:33.356 [HikariPool-1 housekeeper] WARN  com.zaxxer.hikari.pool.HikariPool  - HikariPool-1 - Thread starvation or clock leap detected (housekeeper delta=1m31s884ms).
2025-12-14 13:05:58.035 [HikariPool-1 housekeeper] WARN  com.zaxxer.hikari.pool.HikariPool  - HikariPool-1 - Thread starvation or clock leap detected (housekeeper delta=3m24s679ms).
2025-12-14 13:07:35.831 [HikariPool-1 housekeeper] WARN  com.zaxxer.hikari.pool.HikariPool  - HikariPool-1 - Thread starvation or clock leap detected (housekeeper delta=1m37s796ms).
2025-12-14 13:08:32.694 [HikariPool-1 housekeeper] WARN  com.zaxxer.hikari.pool.HikariPool  - HikariPool-1 - Thread starvation or clock leap detected (housekeeper delta=56s863ms).
2025-12-14 13:13:37.450 [HikariPool-1 housekeeper] WARN  com.zaxxer.hikari.pool.HikariPool  - HikariPool-1 - Thread starvation or clock leap detected (housekeeper delta=4m34s748ms).
2025-12-14 13:15:52.345 [HikariPool-1 housekeeper] WARN  com.zaxxer.hikari.pool.HikariPool  - HikariPool-1 - Thread starvation or clock leap detected (housekeeper delta=2m14s895ms).
2025-12-14 13:17:47.624 [HikariPool-1 housekeeper] WARN  com.zaxxer.hikari.pool.HikariPool  - HikariPool-1 - Thread starvation or clock leap detected (housekeeper delta=1m55s279ms).
2025-12-14 13:20:51.570 [HikariPool-1 housekeeper] WARN  com.zaxxer.hikari.pool.HikariPool  - HikariPool-1 - Thread starvation or clock leap detected (housekeeper delta=3m3s946ms).
2025-12-14 13:22:22.452 [HikariPool-1 housekeeper] WARN  com.zaxxer.hikari.pool.HikariPool  - HikariPool-1 - Thread starvation or clock leap detected (housekeeper delta=1m30s881ms).
2025-12-14 13:23:31.164 [HikariPool-1 housekeeper] WARN  com.zaxxer.hikari.pool.HikariPool  - HikariPool-1 - Thread starvation or clock leap detected (housekeeper delta=1m8s713ms).
2025-12-14 13:26:41.010 [HikariPool-1 housekeeper] WARN  com.zaxxer.hikari.pool.HikariPool  - HikariPool-1 - Thread starvation or clock leap detected (housekeeper delta=3m9s846ms).
2025-12-14 13:27:53.307 [HikariPool-1 housekeeper] WARN  com.zaxxer.hikari.pool.HikariPool  - HikariPool-1 - Thread starvation or clock leap detected (housekeeper delta=1m12s297ms).
2025-12-14 13:28:56.284 [HikariPool-1 housekeeper] WARN  com.zaxxer.hikari.pool.HikariPool  - HikariPool-1 - Thread starvation or clock leap detected (housekeeper delta=1m2s977ms).
2025-12-14 13:30:29.803 [HikariPool-1 housekeeper] WARN  com.zaxxer.hikari.pool.HikariPool  - HikariPool-1 - Thread starvation or clock leap detected (housekeeper delta=1m33s519ms).
2025-12-14 13:32:05.424 [HikariPool-1 housekeeper] WARN  com.zaxxer.hikari.pool.HikariPool  - HikariPool-1 - Thread starvation or clock leap detected (housekeeper delta=1m5s610ms).
2025-12-14 13:33:28.545 [HikariPool-1 housekeeper] WARN  com.zaxxer.hikari.pool.HikariPool  - HikariPool-1 - Thread starvation or clock leap detected (housekeeper delta=1m23s121ms).
2025-12-14 13:36:52.561 [HikariPool-1 housekeeper] WARN  com.zaxxer.hikari.pool.HikariPool  - HikariPool-1 - Thread starvation or clock leap detected (housekeeper delta=2m51s114ms).
2025-12-14 13:38:12.277 [HikariPool-1 housekeeper] WARN  com.zaxxer.hikari.pool.HikariPool  - HikariPool-1 - Thread starvation or clock leap detected (housekeeper delta=1m19s715ms).
2025-12-14 13:42:35.227 [HikariPool-1 housekeeper] WARN  com.zaxxer.hikari.pool.HikariPool  - HikariPool-1 - Thread starvation or clock leap detected (housekeeper delta=3m10s874ms).
2025-12-14 13:45:27.052 [HikariPool-1 housekeeper] WARN  com.zaxxer.hikari.pool.HikariPool  - HikariPool-1 - Thread starvation or clock leap detected (housekeeper delta=2m51s825ms).
2025-12-14 13:49:15.412 [HikariPool-1 housekeeper] WARN  com.zaxxer.hikari.pool.HikariPool  - HikariPool-1 - Thread starvation or clock leap detected (housekeeper delta=3m48s360ms).
2025-12-14 13:51:06.253 [HikariPool-1 housekeeper] WARN  com.zaxxer.hikari.pool.HikariPool  - HikariPool-1 - Thread starvation or clock leap detected (housekeeper delta=1m50s841ms).
2025-12-14 13:52:18.484 [HikariPool-1 housekeeper] WARN  com.zaxxer.hikari.pool.HikariPool  - HikariPool-1 - Thread starvation or clock leap detected (housekeeper delta=1m12s231ms).
2025-12-14 13:53:58.034 [HikariPool-1 housekeeper] WARN  com.zaxxer.hikari.pool.HikariPool  - HikariPool-1 - Thread starvation or clock leap detected (housekeeper delta=1m39s550ms).
2025-12-14 13:56:39.925 [HikariPool-1 housekeeper] WARN  com.zaxxer.hikari.pool.HikariPool  - HikariPool-1 - Thread starvation or clock leap detected (housekeeper delta=2m41s890ms).
2025-12-14 14:12:11.048 [HikariPool-1 housekeeper] WARN  com.zaxxer.hikari.pool.HikariPool  - HikariPool-1 - Thread starvation or clock leap detected (housekeeper delta=15m31s124ms).
2025-12-14 14:24:29.956 [HikariPool-1 housekeeper] WARN  com.zaxxer.hikari.pool.HikariPool  - HikariPool-1 - Thread starvation or clock leap detected (housekeeper delta=12m18s908ms).
2025-12-14 14:39:58.903 [HikariPool-1 housekeeper] WARN  com.zaxxer.hikari.pool.HikariPool  - HikariPool-1 - Thread starvation or clock leap detected (housekeeper delta=15m28s947ms).
2025-12-14 15:11:17.577 [HikariPool-1 housekeeper] WARN  com.zaxxer.hikari.pool.HikariPool  - HikariPool-1 - Thread starvation or clock leap detected (housekeeper delta=31m18s674ms).
2025-12-14 15:25:30.319 [HikariPool-1 housekeeper] WARN  com.zaxxer.hikari.pool.HikariPool  - HikariPool-1 - Thread starvation or clock leap detected (housekeeper delta=14m12s742ms).
2025-12-14 15:41:36.608 [HikariPool-1 housekeeper] WARN  com.zaxxer.hikari.pool.HikariPool  - HikariPool-1 - Thread starvation or clock leap detected (housekeeper delta=15m36s282ms).
2025-12-14 15:56:47.664 [HikariPool-1 housekeeper] WARN  com.zaxxer.hikari.pool.HikariPool  - HikariPool-1 - Thread starvation or clock leap detected (housekeeper delta=15m11s56ms).
2025-12-14 15:59:06.676 [HikariPool-1 housekeeper] WARN  com.zaxxer.hikari.pool.HikariPool  - HikariPool-1 - Thread starvation or clock leap detected (housekeeper delta=2m19s12ms).
2025-12-14 16:00:49.861 [HikariPool-1 housekeeper] WARN  com.zaxxer.hikari.pool.HikariPool  - HikariPool-1 - Thread starvation or clock leap detected (housekeeper delta=1m13s179ms).
2025-12-14 16:01:56.305 [HikariPool-1 housekeeper] WARN  com.zaxxer.hikari.pool.HikariPool  - HikariPool-1 - Thread starvation or clock leap detected (housekeeper delta=1m6s444ms).
2025-12-14 16:10:21.426 [HikariPool-1 housekeeper] WARN  com.zaxxer.hikari.pool.HikariPool  - HikariPool-1 - Thread starvation or clock leap detected (housekeeper delta=8m25s121ms).
2025-12-14 16:11:16.294 [HikariPool-1 housekeeper] WARN  com.zaxxer.hikari.pool.HikariPool  - HikariPool-1 - Thread starvation or clock leap detected (housekeeper delta=54s867ms).
2025-12-14 16:13:03.004 [HikariPool-1 housekeeper] WARN  com.zaxxer.hikari.pool.HikariPool  - HikariPool-1 - Thread starvation or clock leap detected (housekeeper delta=1m46s711ms).
2025-12-14 16:15:04.931 [HikariPool-1 housekeeper] WARN  com.zaxxer.hikari.pool.HikariPool  - HikariPool-1 - Thread starvation or clock leap detected (housekeeper delta=47s221ms).
2025-12-14 16:18:36.605 [HikariPool-1 housekeeper] WARN  com.zaxxer.hikari.pool.HikariPool  - HikariPool-1 - Thread starvation or clock leap detected (housekeeper delta=3m31s674ms).
2025-12-14 16:20:29.829 [HikariPool-1 housekeeper] WARN  com.zaxxer.hikari.pool.HikariPool  - HikariPool-1 - Thread starvation or clock leap detected (housekeeper delta=1m53s225ms).
2025-12-14 16:23:23.267 [HikariPool-1 housekeeper] WARN  com.zaxxer.hikari.pool.HikariPool  - HikariPool-1 - Thread starvation or clock leap detected (housekeeper delta=2m53s438ms).
2025-12-14 16:26:16.204 [HikariPool-1 housekeeper] WARN  com.zaxxer.hikari.pool.HikariPool  - HikariPool-1 - Thread starvation or clock leap detected (housekeeper delta=2m22s926ms).
2025-12-14 16:45:39.968 [HikariPool-1 housekeeper] WARN  com.zaxxer.hikari.pool.HikariPool  - HikariPool-1 - Thread starvation or clock leap detected (housekeeper delta=18m23s635ms).
2025-12-14 17:45:16.827 [HikariPool-1 housekeeper] WARN  com.zaxxer.hikari.pool.HikariPool  - HikariPool-1 - Thread starvation or clock leap detected (housekeeper delta=59m36s860ms).
2025-12-14 18:59:12.453 [HikariPool-1 housekeeper] WARN  com.zaxxer.hikari.pool.HikariPool  - HikariPool-1 - Thread starvation or clock leap detected (housekeeper delta=1h13m55s626ms).
2025-12-14 19:42:39.175 [HikariPool-1 housekeeper] WARN  com.zaxxer.hikari.pool.HikariPool  - HikariPool-1 - Thread starvation or clock leap detected (housekeeper delta=43m26s722ms).
2025-12-14 19:44:59.952 [HikariPool-1 housekeeper] WARN  com.zaxxer.hikari.pool.HikariPool  - HikariPool-1 - Thread starvation or clock leap detected (housekeeper delta=2m20s777ms).
2025-12-14 19:52:08.500 [HikariPool-1 housekeeper] WARN  com.zaxxer.hikari.pool.HikariPool  - HikariPool-1 - Thread starvation or clock leap detected (housekeeper delta=6m31s924ms).
2025-12-14 19:59:30.065 [HikariPool-1 housekeeper] WARN  com.zaxxer.hikari.pool.HikariPool  - HikariPool-1 - Thread starvation or clock leap detected (housekeeper delta=7m21s566ms).
2025-12-14 20:03:59.500 [HikariPool-1 housekeeper] WARN  com.zaxxer.hikari.pool.HikariPool  - HikariPool-1 - Thread starvation or clock leap detected (housekeeper delta=4m29s434ms).
2025-12-14 20:07:36.428 [HikariPool-1 housekeeper] WARN  com.zaxxer.hikari.pool.HikariPool  - HikariPool-1 - Thread starvation or clock leap detected (housekeeper delta=3m6s925ms).
2025-12-14 20:08:38.309 [HikariPool-1 housekeeper] WARN  com.zaxxer.hikari.pool.HikariPool  - HikariPool-1 - Thread starvation or clock leap detected (housekeeper delta=1m1s881ms).
2025-12-14 20:11:10.152 [HikariPool-1 housekeeper] WARN  com.zaxxer.hikari.pool.HikariPool  - HikariPool-1 - Thread starvation or clock leap detected (housekeeper delta=2m31s843ms).
2025-12-14 20:14:31.423 [HikariPool-1 housekeeper] WARN  com.zaxxer.hikari.pool.HikariPool  - HikariPool-1 - Thread starvation or clock leap detected (housekeeper delta=3m21s271ms).
2025-12-14 20:16:52.185 [HikariPool-1 housekeeper] WARN  com.zaxxer.hikari.pool.HikariPool  - HikariPool-1 - Thread starvation or clock leap detected (housekeeper delta=2m20s762ms).
2025-12-14 20:18:32.415 [HikariPool-1 housekeeper] WARN  com.zaxxer.hikari.pool.HikariPool  - HikariPool-1 - Thread starvation or clock leap detected (housekeeper delta=1m40s230ms).
2025-12-14 20:19:28.684 [HikariPool-1 housekeeper] WARN  com.zaxxer.hikari.pool.HikariPool  - HikariPool-1 - Thread starvation or clock leap detected (housekeeper delta=56s269ms).
2025-12-14 20:25:48.046 [HikariPool-1 housekeeper] WARN  com.zaxxer.hikari.pool.HikariPool  - HikariPool-1 - Thread starvation or clock leap detected (housekeeper delta=6m19s362ms).
2025-12-14 20:27:04.939 [HikariPool-1 housekeeper] WARN  com.zaxxer.hikari.pool.HikariPool  - HikariPool-1 - Thread starvation or clock leap detected (housekeeper delta=1m16s892ms).
2025-12-14 20:31:57.418 [HikariPool-1 housekeeper] WARN  com.zaxxer.hikari.pool.HikariPool  - HikariPool-1 - Thread starvation or clock leap detected (housekeeper delta=4m52s480ms).
2025-12-14 20:33:28.568 [HikariPool-1 housekeeper] WARN  com.zaxxer.hikari.pool.HikariPool  - HikariPool-1 - Thread starvation or clock leap detected (housekeeper delta=1m1s147ms).
2025-12-14 20:35:52.259 [HikariPool-1 housekeeper] WARN  com.zaxxer.hikari.pool.HikariPool  - HikariPool-1 - Thread starvation or clock leap detected (housekeeper delta=2m23s691ms).
2025-12-14 20:38:28.059 [HikariPool-1 housekeeper] WARN  com.zaxxer.hikari.pool.HikariPool  - HikariPool-1 - Thread starvation or clock leap detected (housekeeper delta=1m4s561ms).
2025-12-14 20:40:49.080 [HikariPool-1 housekeeper] WARN  com.zaxxer.hikari.pool.HikariPool  - HikariPool-1 - Thread starvation or clock leap detected (housekeeper delta=1m9s23ms).
2025-12-14 20:44:13.695 [HikariPool-1 housekeeper] WARN  com.zaxxer.hikari.pool.HikariPool  - HikariPool-1 - Thread starvation or clock leap detected (housekeeper delta=3m24s614ms).
2025-12-14 20:47:50.953 [HikariPool-1 housekeeper] WARN  com.zaxxer.hikari.pool.HikariPool  - HikariPool-1 - Thread starvation or clock leap detected (housekeeper delta=2m24s781ms).
2025-12-14 20:49:09.916 [HikariPool-1 housekeeper] WARN  com.zaxxer.hikari.pool.HikariPool  - HikariPool-1 - Thread starvation or clock leap detected (housekeeper delta=1m18s963ms).
2025-12-14 20:50:42.451 [HikariPool-1 housekeeper] WARN  com.zaxxer.hikari.pool.HikariPool  - HikariPool-1 - Thread starvation or clock leap detected (housekeeper delta=1m32s535ms).
2025-12-14 20:52:05.685 [HikariPool-1 housekeeper] WARN  com.zaxxer.hikari.pool.HikariPool  - HikariPool-1 - Thread starvation or clock leap detected (housekeeper delta=1m23s234ms).
2025-12-14 20:54:09.844 [HikariPool-1 housekeeper] WARN  com.zaxxer.hikari.pool.HikariPool  - HikariPool-1 - Thread starvation or clock leap detected (housekeeper delta=2m4s158ms).
2025-12-14 20:56:37.931 [HikariPool-1 housekeeper] WARN  com.zaxxer.hikari.pool.HikariPool  - HikariPool-1 - Thread starvation or clock leap detected (housekeeper delta=1m58s77ms).
2025-12-14 20:57:28.270 [HikariPool-1 housekeeper] WARN  com.zaxxer.hikari.pool.HikariPool  - HikariPool-1 - Thread starvation or clock leap detected (housekeeper delta=50s339ms).
2025-12-14 20:59:39.590 [HikariPool-1 housekeeper] WARN  com.zaxxer.hikari.pool.HikariPool  - HikariPool-1 - Thread starvation or clock leap detected (housekeeper delta=2m11s319ms).
2025-12-14 21:01:48.959 [HikariPool-1 housekeeper] WARN  com.zaxxer.hikari.pool.HikariPool  - HikariPool-1 - Thread starvation or clock leap detected (housekeeper delta=2m9s369ms).
2025-12-14 21:04:13.041 [HikariPool-1 housekeeper] WARN  com.zaxxer.hikari.pool.HikariPool  - HikariPool-1 - Thread starvation or clock leap detected (housekeeper delta=1m54s74ms).
2025-12-14 21:05:48.058 [HikariPool-1 housekeeper] WARN  com.zaxxer.hikari.pool.HikariPool  - HikariPool-1 - Thread starvation or clock leap detected (housekeeper delta=1m35s17ms).
2025-12-14 21:08:54.411 [HikariPool-1 housekeeper] WARN  com.zaxxer.hikari.pool.HikariPool  - HikariPool-1 - Thread starvation or clock leap detected (housekeeper delta=3m6s353ms).
2025-12-14 21:10:00.773 [HikariPool-1 housekeeper] WARN  com.zaxxer.hikari.pool.HikariPool  - HikariPool-1 - Thread starvation or clock leap detected (housekeeper delta=1m6s362ms).
2025-12-14 21:10:56.533 [HikariPool-1 housekeeper] WARN  com.zaxxer.hikari.pool.HikariPool  - HikariPool-1 - Thread starvation or clock leap detected (housekeeper delta=55s760ms).
2025-12-14 21:12:14.607 [HikariPool-1 housekeeper] WARN  com.zaxxer.hikari.pool.HikariPool  - HikariPool-1 - Thread starvation or clock leap detected (housekeeper delta=48s67ms).
2025-12-14 21:13:00.942 [HikariPool-1 housekeeper] WARN  com.zaxxer.hikari.pool.HikariPool  - HikariPool-1 - Thread starvation or clock leap detected (housekeeper delta=46s335ms).
2025-12-14 21:15:11.905 [HikariPool-1 housekeeper] WARN  com.zaxxer.hikari.pool.HikariPool  - HikariPool-1 - Thread starvation or clock leap detected (housekeeper delta=1m38s61ms).
2025-12-14 21:21:14.950 [HikariPool-1 housekeeper] WARN  com.zaxxer.hikari.pool.HikariPool  - HikariPool-1 - Thread starvation or clock leap detected (housekeeper delta=6m3s45ms).
2025-12-14 21:23:47.554 [HikariPool-1 housekeeper] WARN  com.zaxxer.hikari.pool.HikariPool  - HikariPool-1 - Thread starvation or clock leap detected (housekeeper delta=2m32s604ms).
2025-12-14 21:25:53.321 [HikariPool-1 housekeeper] WARN  com.zaxxer.hikari.pool.HikariPool  - HikariPool-1 - Thread starvation or clock leap detected (housekeeper delta=59s6ms).
2025-12-14 21:28:15.020 [HikariPool-1 housekeeper] WARN  com.zaxxer.hikari.pool.HikariPool  - HikariPool-1 - Thread starvation or clock leap detected (housekeeper delta=1m51s694ms).
2025-12-14 21:29:07.150 [HikariPool-1 housekeeper] WARN  com.zaxxer.hikari.pool.HikariPool  - HikariPool-1 - Thread starvation or clock leap detected (housekeeper delta=52s130ms).
2025-12-14 21:31:26.953 [HikariPool-1 housekeeper] WARN  com.zaxxer.hikari.pool.HikariPool  - HikariPool-1 - Thread starvation or clock leap detected (housekeeper delta=2m19s803ms).
2025-12-14 21:34:34.937 [HikariPool-1 housekeeper] WARN  com.zaxxer.hikari.pool.HikariPool  - HikariPool-1 - Thread starvation or clock leap detected (housekeeper delta=2m37s970ms).
2025-12-14 21:37:29.989 [HikariPool-1 housekeeper] WARN  com.zaxxer.hikari.pool.HikariPool  - HikariPool-1 - Thread starvation or clock leap detected (housekeeper delta=1m51s223ms).
2025-12-14 21:39:28.798 [HikariPool-1 housekeeper] WARN  com.zaxxer.hikari.pool.HikariPool  - HikariPool-1 - Thread starvation or clock leap detected (housekeeper delta=46s235ms).
2025-12-14 21:40:17.094 [HikariPool-1 housekeeper] WARN  com.zaxxer.hikari.pool.HikariPool  - HikariPool-1 - Thread starvation or clock leap detected (housekeeper delta=48s296ms).
2025-12-14 21:46:06.156 [HikariPool-1 housekeeper] WARN  com.zaxxer.hikari.pool.HikariPool  - HikariPool-1 - Thread starvation or clock leap detected (housekeeper delta=5m49s62ms).
2025-12-14 21:48:14.540 [HikariPool-1 housekeeper] WARN  com.zaxxer.hikari.pool.HikariPool  - HikariPool-1 - Thread starvation or clock leap detected (housekeeper delta=1m38s374ms).
2025-12-14 21:49:59.361 [HikariPool-1 housekeeper] WARN  com.zaxxer.hikari.pool.HikariPool  - HikariPool-1 - Thread starvation or clock leap detected (housekeeper delta=1m44s821ms).
2025-12-14 21:50:54.497 [HikariPool-1 housekeeper] WARN  com.zaxxer.hikari.pool.HikariPool  - HikariPool-1 - Thread starvation or clock leap detected (housekeeper delta=55s136ms).
2025-12-14 21:52:46.710 [HikariPool-1 housekeeper] WARN  com.zaxxer.hikari.pool.HikariPool  - HikariPool-1 - Thread starvation or clock leap detected (housekeeper delta=1m22s203ms).
2025-12-14 21:54:58.033 [HikariPool-1 housekeeper] WARN  com.zaxxer.hikari.pool.HikariPool  - HikariPool-1 - Thread starvation or clock leap detected (housekeeper delta=2m11s323ms).
2025-12-14 21:57:42.319 [HikariPool-1 housekeeper] WARN  com.zaxxer.hikari.pool.HikariPool  - HikariPool-1 - Thread starvation or clock leap detected (housekeeper delta=2m14s275ms).
2025-12-14 22:00:01.771 [HikariPool-1 housekeeper] WARN  com.zaxxer.hikari.pool.HikariPool  - HikariPool-1 - Thread starvation or clock leap detected (housekeeper delta=2m19s451ms).
2025-12-14 22:01:01.342 [HikariPool-1 housekeeper] WARN  com.zaxxer.hikari.pool.HikariPool  - HikariPool-1 - Thread starvation or clock leap detected (housekeeper delta=59s572ms).
2025-12-14 22:01:48.133 [HikariPool-1 housekeeper] WARN  com.zaxxer.hikari.pool.HikariPool  - HikariPool-1 - Thread starvation or clock leap detected (housekeeper delta=46s791ms).
2025-12-14 22:04:49.978 [HikariPool-1 housekeeper] WARN  com.zaxxer.hikari.pool.HikariPool  - HikariPool-1 - Thread starvation or clock leap detected (housekeeper delta=3m1s845ms).
2025-12-14 22:06:31.848 [HikariPool-1 housekeeper] WARN  com.zaxxer.hikari.pool.HikariPool  - HikariPool-1 - Thread starvation or clock leap detected (housekeeper delta=1m11s857ms).
2025-12-14 22:08:33.838 [HikariPool-1 housekeeper] WARN  com.zaxxer.hikari.pool.HikariPool  - HikariPool-1 - Thread starvation or clock leap detected (housekeeper delta=2m1s990ms).
2025-12-14 22:10:47.750 [HikariPool-1 housekeeper] WARN  com.zaxxer.hikari.pool.HikariPool  - HikariPool-1 - Thread starvation or clock leap detected (housekeeper delta=1m43s903ms).
2025-12-14 22:12:59.641 [HikariPool-1 housekeeper] WARN  com.zaxxer.hikari.pool.HikariPool  - HikariPool-1 - Thread starvation or clock leap detected (housekeeper delta=2m11s891ms).
2025-12-14 22:19:31.720 [HikariPool-1 housekeeper] WARN  com.zaxxer.hikari.pool.HikariPool  - HikariPool-1 - Thread starvation or clock leap detected (housekeeper delta=6m32s79ms).
2025-12-14 22:22:16.608 [HikariPool-1 housekeeper] WARN  com.zaxxer.hikari.pool.HikariPool  - HikariPool-1 - Thread starvation or clock leap detected (housekeeper delta=2m44s888ms).
2025-12-14 22:25:39.053 [HikariPool-1 housekeeper] WARN  com.zaxxer.hikari.pool.HikariPool  - HikariPool-1 - Thread starvation or clock leap detected (housekeeper delta=3m22s444ms).
2025-12-14 22:27:13.267 [HikariPool-1 housekeeper] WARN  com.zaxxer.hikari.pool.HikariPool  - HikariPool-1 - Thread starvation or clock leap detected (housekeeper delta=59s779ms).
2025-12-14 22:28:49.155 [HikariPool-1 housekeeper] WARN  com.zaxxer.hikari.pool.HikariPool  - HikariPool-1 - Thread starvation or clock leap detected (housekeeper delta=1m35s888ms).
2025-12-14 22:31:40.341 [HikariPool-1 housekeeper] WARN  com.zaxxer.hikari.pool.HikariPool  - HikariPool-1 - Thread starvation or clock leap detected (housekeeper delta=2m51s186ms).
2025-12-14 22:33:04.175 [HikariPool-1 housekeeper] WARN  com.zaxxer.hikari.pool.HikariPool  - HikariPool-1 - Thread starvation or clock leap detected (housekeeper delta=48s61ms).
2025-12-14 22:38:42.788 [HikariPool-1 housekeeper] WARN  com.zaxxer.hikari.pool.HikariPool  - HikariPool-1 - Thread starvation or clock leap detected (housekeeper delta=4m59s714ms).
2025-12-14 22:41:18.201 [HikariPool-1 housekeeper] WARN  com.zaxxer.hikari.pool.HikariPool  - HikariPool-1 - Thread starvation or clock leap detected (housekeeper delta=2m35s413ms).
2025-12-14 22:43:57.864 [HikariPool-1 housekeeper] WARN  com.zaxxer.hikari.pool.HikariPool  - HikariPool-1 - Thread starvation or clock leap detected (housekeeper delta=2m39s663ms).
2025-12-14 22:45:30.031 [HikariPool-1 housekeeper] WARN  com.zaxxer.hikari.pool.HikariPool  - HikariPool-1 - Thread starvation or clock leap detected (housekeeper delta=1m2s157ms).
2025-12-14 22:50:24.623 [HikariPool-1 housekeeper] WARN  com.zaxxer.hikari.pool.HikariPool  - HikariPool-1 - Thread starvation or clock leap detected (housekeeper delta=4m24s451ms).
2025-12-14 22:53:21.842 [HikariPool-1 housekeeper] WARN  com.zaxxer.hikari.pool.HikariPool  - HikariPool-1 - Thread starvation or clock leap detected (housekeeper delta=2m57s219ms).
2025-12-14 22:55:32.475 [HikariPool-1 housekeeper] WARN  com.zaxxer.hikari.pool.HikariPool  - HikariPool-1 - Thread starvation or clock leap detected (housekeeper delta=2m10s633ms).
2025-12-14 22:56:18.058 [HikariPool-1 housekeeper] WARN  com.zaxxer.hikari.pool.HikariPool  - HikariPool-1 - Thread starvation or clock leap detected (housekeeper delta=45s583ms).
2025-12-14 22:58:57.335 [HikariPool-1 housekeeper] WARN  com.zaxxer.hikari.pool.HikariPool  - HikariPool-1 - Thread starvation or clock leap detected (housekeeper delta=2m2s676ms).
2025-12-14 23:02:27.566 [HikariPool-1 housekeeper] WARN  com.zaxxer.hikari.pool.HikariPool  - HikariPool-1 - Thread starvation or clock leap detected (housekeeper delta=1m51s233ms).
2025-12-14 23:07:33.343 [HikariPool-1 housekeeper] WARN  com.zaxxer.hikari.pool.HikariPool  - HikariPool-1 - Thread starvation or clock leap detected (housekeeper delta=4m35s771ms).
2025-12-14 23:09:06.365 [HikariPool-1 housekeeper] WARN  com.zaxxer.hikari.pool.HikariPool  - HikariPool-1 - Thread starvation or clock leap detected (housekeeper delta=1m3s21ms).
2025-12-14 23:12:43.779 [HikariPool-1 housekeeper] WARN  com.zaxxer.hikari.pool.HikariPool  - HikariPool-1 - Thread starvation or clock leap detected (housekeeper delta=2m57s984ms).
2025-12-14 23:14:28.712 [HikariPool-1 housekeeper] WARN  com.zaxxer.hikari.pool.HikariPool  - HikariPool-1 - Thread starvation or clock leap detected (housekeeper delta=1m44s933ms).
2025-12-14 23:15:32.549 [HikariPool-1 housekeeper] WARN  com.zaxxer.hikari.pool.HikariPool  - HikariPool-1 - Thread starvation or clock leap detected (housekeeper delta=1m3s837ms).
2025-12-14 23:17:42.227 [HikariPool-1 housekeeper] WARN  com.zaxxer.hikari.pool.HikariPool  - HikariPool-1 - Thread starvation or clock leap detected (housekeeper delta=2m9s678ms).
2025-12-14 23:22:33.336 [HikariPool-1 housekeeper] WARN  com.zaxxer.hikari.pool.HikariPool  - HikariPool-1 - Thread starvation or clock leap detected (housekeeper delta=4m21s108ms).
2025-12-14 23:25:27.977 [HikariPool-1 housekeeper] WARN  com.zaxxer.hikari.pool.HikariPool  - HikariPool-1 - Thread starvation or clock leap detected (housekeeper delta=1m18s26ms).
2025-12-14 23:29:19.772 [HikariPool-1 housekeeper] WARN  com.zaxxer.hikari.pool.HikariPool  - HikariPool-1 - Thread starvation or clock leap detected (housekeeper delta=3m51s795ms).
2025-12-14 23:31:20.492 [HikariPool-1 housekeeper] WARN  com.zaxxer.hikari.pool.HikariPool  - HikariPool-1 - Thread starvation or clock leap detected (housekeeper delta=1m30s711ms).
2025-12-14 23:33:58.876 [HikariPool-1 housekeeper] WARN  com.zaxxer.hikari.pool.HikariPool  - HikariPool-1 - Thread starvation or clock leap detected (housekeeper delta=2m38s384ms).
2025-12-14 23:34:48.742 [HikariPool-1 housekeeper] WARN  com.zaxxer.hikari.pool.HikariPool  - HikariPool-1 - Thread starvation or clock leap detected (housekeeper delta=49s866ms).
2025-12-14 23:39:28.035 [HikariPool-1 housekeeper] WARN  com.zaxxer.hikari.pool.HikariPool  - HikariPool-1 - Thread starvation or clock leap detected (housekeeper delta=4m9s280ms).
2025-12-14 23:40:40.591 [HikariPool-1 housekeeper] WARN  com.zaxxer.hikari.pool.HikariPool  - HikariPool-1 - Thread starvation or clock leap detected (housekeeper delta=1m12s556ms).
2025-12-14 23:42:48.569 [HikariPool-1 housekeeper] WARN  com.zaxxer.hikari.pool.HikariPool  - HikariPool-1 - Thread starvation or clock leap detected (housekeeper delta=2m7s978ms).
2025-12-14 23:44:41.090 [HikariPool-1 housekeeper] WARN  com.zaxxer.hikari.pool.HikariPool  - HikariPool-1 - Thread starvation or clock leap detected (housekeeper delta=1m52s521ms).
2025-12-14 23:47:01.827 [HikariPool-1 housekeeper] WARN  com.zaxxer.hikari.pool.HikariPool  - HikariPool-1 - Thread starvation or clock leap detected (housekeeper delta=1m50s726ms).
2025-12-14 23:48:05.694 [HikariPool-1 housekeeper] WARN  com.zaxxer.hikari.pool.HikariPool  - HikariPool-1 - Thread starvation or clock leap detected (housekeeper delta=1m3s867ms).
2025-12-14 23:50:29.896 [HikariPool-1 housekeeper] WARN  com.zaxxer.hikari.pool.HikariPool  - HikariPool-1 - Thread starvation or clock leap detected (housekeeper delta=1m54s198ms).
2025-12-14 23:51:26.177 [HikariPool-1 housekeeper] WARN  com.zaxxer.hikari.pool.HikariPool  - HikariPool-1 - Thread starvation or clock leap detected (housekeeper delta=56s281ms).
2025-12-14 23:54:19.693 [HikariPool-1 housekeeper] WARN  com.zaxxer.hikari.pool.HikariPool  - HikariPool-1 - Thread starvation or clock leap detected (housekeeper delta=2m53s515ms).
