2025-12-28 00:00:40.369 [HikariPool-1 housekeeper] WARN  com.zaxxer.hikari.pool.HikariPool  - HikariPool-1 - Thread starvation or clock leap detected (housekeeper delta=2m34s25ms).
2025-12-28 00:02:22.346 [HikariPool-1 housekeeper] WARN  com.zaxxer.hikari.pool.HikariPool  - HikariPool-1 - Thread starvation or clock leap detected (housekeeper delta=1m11s961ms).
2025-12-28 00:03:34.293 [HikariPool-1 housekeeper] WARN  com.zaxxer.hikari.pool.HikariPool  - HikariPool-1 - Thread starvation or clock leap detected (housekeeper delta=1m11s947ms).
2025-12-28 00:06:22.602 [HikariPool-1 housekeeper] WARN  com.zaxxer.hikari.pool.HikariPool  - HikariPool-1 - Thread starvation or clock leap detected (housekeeper delta=2m18s298ms).
2025-12-28 00:09:59.804 [HikariPool-1 housekeeper] WARN  com.zaxxer.hikari.pool.HikariPool  - HikariPool-1 - Thread starvation or clock leap detected (housekeeper delta=2m31s568ms).
2025-12-28 00:12:41.200 [HikariPool-1 housekeeper] WARN  com.zaxxer.hikari.pool.HikariPool  - HikariPool-1 - Thread starvation or clock leap detected (housekeeper delta=2m11s385ms).
2025-12-28 00:14:52.615 [HikariPool-1 housekeeper] WARN  com.zaxxer.hikari.pool.HikariPool  - HikariPool-1 - Thread starvation or clock leap detected (housekeeper delta=2m11s416ms).
2025-12-28 00:16:21.342 [HikariPool-1 housekeeper] WARN  com.zaxxer.hikari.pool.HikariPool  - HikariPool-1 - Thread starvation or clock leap detected (housekeeper delta=58s721ms).
2025-12-28 00:19:02.278 [HikariPool-1 housekeeper] WARN  com.zaxxer.hikari.pool.HikariPool  - HikariPool-1 - Thread starvation or clock leap detected (housekeeper delta=2m40s936ms).
2025-12-28 00:23:56.189 [HikariPool-1 housekeeper] WARN  com.zaxxer.hikari.pool.HikariPool  - HikariPool-1 - Thread starvation or clock leap detected (housekeeper delta=4m23s906ms).
2025-12-28 00:26:01.000 [HikariPool-1 housekeeper] WARN  com.zaxxer.hikari.pool.HikariPool  - HikariPool-1 - Thread starvation or clock leap detected (housekeeper delta=52s297ms).
2025-12-28 00:27:28.862 [HikariPool-1 housekeeper] WARN  com.zaxxer.hikari.pool.HikariPool  - HikariPool-1 - Thread starvation or clock leap detected (housekeeper delta=57s856ms).
2025-12-28 00:31:44.879 [HikariPool-1 housekeeper] WARN  com.zaxxer.hikari.pool.HikariPool  - HikariPool-1 - Thread starvation or clock leap detected (housekeeper delta=3m12s825ms).
2025-12-28 00:32:46.554 [HikariPool-1 housekeeper] WARN  com.zaxxer.hikari.pool.HikariPool  - HikariPool-1 - Thread starvation or clock leap detected (housekeeper delta=1m1s675ms).
2025-12-28 00:34:58.456 [HikariPool-1 housekeeper] WARN  com.zaxxer.hikari.pool.HikariPool  - HikariPool-1 - Thread starvation or clock leap detected (housekeeper delta=1m41s895ms).
2025-12-28 00:37:56.594 [HikariPool-1 housekeeper] WARN  com.zaxxer.hikari.pool.HikariPool  - HikariPool-1 - Thread starvation or clock leap detected (housekeeper delta=2m28s134ms).
2025-12-28 00:39:38.577 [HikariPool-1 housekeeper] WARN  com.zaxxer.hikari.pool.HikariPool  - HikariPool-1 - Thread starvation or clock leap detected (housekeeper delta=1m41s982ms).
2025-12-28 02:00:30.932 [HikariPool-1 housekeeper] WARN  com.zaxxer.hikari.pool.HikariPool  - HikariPool-1 - Thread starvation or clock leap detected (housekeeper delta=1h20m22s347ms).
2025-12-28 03:30:23.660 [HikariPool-1 housekeeper] WARN  com.zaxxer.hikari.pool.HikariPool  - HikariPool-1 - Thread starvation or clock leap detected (housekeeper delta=1h29m52s728ms).
2025-12-28 04:15:54.364 [HikariPool-1 housekeeper] WARN  com.zaxxer.hikari.pool.HikariPool  - HikariPool-1 - Thread starvation or clock leap detected (housekeeper delta=45m693ms).
2025-12-28 05:20:54.824 [HikariPool-1 housekeeper] WARN  com.zaxxer.hikari.pool.HikariPool  - HikariPool-1 - Thread starvation or clock leap detected (housekeeper delta=1h4m30s456ms).
2025-12-28 05:31:49.625 [HikariPool-1 housekeeper] WARN  com.zaxxer.hikari.pool.HikariPool  - HikariPool-1 - Thread starvation or clock leap detected (housekeeper delta=10m54s801ms).
2025-12-28 06:22:02.263 [HikariPool-1 housekeeper] WARN  com.zaxxer.hikari.pool.HikariPool  - HikariPool-1 - Thread starvation or clock leap detected (housekeeper delta=50m12s638ms).
2025-12-28 06:32:48.058 [HikariPool-1 housekeeper] WARN  com.zaxxer.hikari.pool.HikariPool  - HikariPool-1 - Thread starvation or clock leap detected (housekeeper delta=10m45s795ms).
2025-12-28 07:04:15.899 [HikariPool-1 housekeeper] WARN  com.zaxxer.hikari.pool.HikariPool  - HikariPool-1 - Thread starvation or clock leap detected (housekeeper delta=31m27s841ms).
2025-12-28 07:33:46.517 [HikariPool-1 housekeeper] WARN  com.zaxxer.hikari.pool.HikariPool  - HikariPool-1 - Thread starvation or clock leap detected (housekeeper delta=29m30s618ms).
2025-12-28 08:08:28.401 [HikariPool-1 housekeeper] WARN  com.zaxxer.hikari.pool.HikariPool  - HikariPool-1 - Thread starvation or clock leap detected (housekeeper delta=34m41s884ms).
2025-12-28 08:34:44.967 [HikariPool-1 housekeeper] WARN  com.zaxxer.hikari.pool.HikariPool  - HikariPool-1 - Thread starvation or clock leap detected (housekeeper delta=26m16s566ms).
2025-12-28 08:37:46.981 [HikariPool-1 housekeeper] WARN  com.zaxxer.hikari.pool.HikariPool  - HikariPool-1 - Thread starvation or clock leap detected (housekeeper delta=3m2s14ms).
2025-12-28 08:39:06.327 [HikariPool-1 housekeeper] WARN  com.zaxxer.hikari.pool.HikariPool  - HikariPool-1 - Thread starvation or clock leap detected (housekeeper delta=49s336ms).
2025-12-28 08:40:29.166 [HikariPool-1 housekeeper] WARN  com.zaxxer.hikari.pool.HikariPool  - HikariPool-1 - Thread starvation or clock leap detected (housekeeper delta=52s831ms).
2025-12-28 08:48:00.404 [HikariPool-1 housekeeper] WARN  com.zaxxer.hikari.pool.HikariPool  - HikariPool-1 - Thread starvation or clock leap detected (housekeeper delta=7m31s238ms).
2025-12-28 08:50:42.810 [HikariPool-1 housekeeper] WARN  com.zaxxer.hikari.pool.HikariPool  - HikariPool-1 - Thread starvation or clock leap detected (housekeeper delta=2m12s401ms).
2025-12-28 08:57:34.263 [HikariPool-1 housekeeper] WARN  com.zaxxer.hikari.pool.HikariPool  - HikariPool-1 - Thread starvation or clock leap detected (housekeeper delta=6m51s453ms).
2025-12-28 09:02:46.499 [HikariPool-1 housekeeper] WARN  com.zaxxer.hikari.pool.HikariPool  - HikariPool-1 - Thread starvation or clock leap detected (housekeeper delta=4m42s233ms).
2025-12-28 09:05:08.740 [HikariPool-1 housekeeper] WARN  com.zaxxer.hikari.pool.HikariPool  - HikariPool-1 - Thread starvation or clock leap detected (housekeeper delta=2m22s242ms).
2025-12-28 09:07:46.551 [HikariPool-1 housekeeper] WARN  com.zaxxer.hikari.pool.HikariPool  - HikariPool-1 - Retrograde clock change detected (housekeeper delta=29s726ms), soft-evicting connections from pool.
2025-12-28 09:40:05.525 [http-nio-8080-exec-4] INFO  c.e.c.l.RequestResponseLoggingFilter c29cf6d9-16e8-435b-a71e-71b3d668acfe - HTTP POST /api/auth/login | status=200 | duration=112ms | req={"email":"bishal@example.com","password":"secret123"} | res={"token":"eyJhbGciOiJIUzI1NiJ9.eyJzdWIiOiJiaXNoYWxAZXhhbXBsZS5jb20iLCJpYXQiOjE3NjY4OTUwMDUsImV4cCI6MTc2Njk4MTQwNX0.ilDF7Sll9HBy_Ied2PEW_lKoyZ-FFabxZlAyzP6gqEw"}
2025-12-28 09:43:27.912 [http-nio-8080-exec-6] ERROR c.e.c.e.GlobalExceptionHandler c10f03e9-3afe-4ae5-87d3-8c11f2da97aa - Unhandled exception for POST /api/auth/login
java.lang.RuntimeException: Invalid credentials
	at com.example.codedockbackend.service.AuthService.lambda$login$0(AuthService.java:25)
	at java.base/java.util.Optional.orElseThrow(Optional.java:403)
	at com.example.codedockbackend.service.AuthService.login(AuthService.java:24)
	at com.example.codedockbackend.controller.AuthController.login(AuthController.java:21)
	at jdk.internal.reflect.GeneratedMethodAccessor23.invoke(Unknown Source)
	at java.base/jdk.internal.reflect.DelegatingMethodAccessorImpl.invoke(DelegatingMethodAccessorImpl.java:43)
	at java.base/java.lang.reflect.Method.invoke(Method.java:569)
	at org.springframework.web.method.support.InvocableHandlerMethod.doInvoke(InvocableHandlerMethod.java:255)
	at org.springframework.web.method.support.InvocableHandlerMethod.invokeForRequest(InvocableHandlerMethod.java:188)
	at org.springframework.web.servlet.mvc.method.annotation.ServletInvocableHandlerMethod.invokeAndHandle(ServletInvocableHandlerMethod.java:118)
	at org.springframework.web.servlet.mvc.method.annotation.RequestMappingHandlerAdapter.invokeHandlerMethod(RequestMappingHandlerAdapter.java:926)
	at org.springframework.web.servlet.mvc.method.annotation.RequestMappingHandlerAdapter.handleInternal(RequestMappingHandlerAdapter.java:831)
	at org.springframework.web.servlet.mvc.method.AbstractHandlerMethodAdapter.handle(AbstractHandlerMethodAdapter.java:87)
	at org.springframework.web.servlet.DispatcherServlet.doDispatch(DispatcherServlet.java:1089)
	at org.springframework.web.servlet.DispatcherServlet.doService(DispatcherServlet.java:979)
	at org.springframework.web.servlet.FrameworkServlet.processRequest(FrameworkServlet.java:1014)
	at org.springframework.web.servlet.FrameworkServlet.doPost(FrameworkServlet.java:914)
	at jakarta.servlet.http.HttpServlet.service(HttpServlet.java:590)
	at org.springframework.web.servlet.FrameworkServlet.service(FrameworkServlet.java:885)
	at jakarta.servlet.http.HttpServlet.service(HttpServlet.java:658)
	at org.apache.catalina.core.ApplicationFilterChain.internalDoFilter(ApplicationFilterChain.java:195)
	at org.apache.catalina.core.ApplicationFilterChain.doFilter(ApplicationFilterChain.java:140)
	at org.apache.tomcat.websocket.server.WsFilter.doFilter(WsFilter.java:51)
	at org.apache.catalina.core.ApplicationFilterChain.internalDoFilter(ApplicationFilterChain.java:164)
	at org.apache.catalina.core.ApplicationFilterChain.doFilter(ApplicationFilterChain.java:140)
	at org.springframework.web.filter.OncePerRequestFilter.doFilter(OncePerRequestFilter.java:110)
	at org.apache.catalina.core.ApplicationFilterChain.internalDoFilter(ApplicationFilterChain.java:164)
	at org.apache.catalina.core.ApplicationFilterChain.doFilter(ApplicationFilterChain.java:140)
	at com.example.codedockbackend.logging.RequestResponseLoggingFilter.doFilter(RequestResponseLoggingFilter.java:34)
	at org.apache.catalina.core.ApplicationFilterChain.internalDoFilter(ApplicationFilterChain.java:164)
	at org.apache.catalina.core.ApplicationFilterChain.doFilter(ApplicationFilterChain.java:140)
	at com.example.codedockbackend.logging.MdcFilter.doFilter(MdcFilter.java:30)
	at org.apache.catalina.core.ApplicationFilterChain.internalDoFilter(ApplicationFilterChain.java:164)
	at org.apache.catalina.core.ApplicationFilterChain.doFilter(ApplicationFilterChain.java:140)
	at org.springframework.web.filter.CompositeFilter$VirtualFilterChain.doFilter(CompositeFilter.java:108)
	at org.springframework.security.web.FilterChainProxy.lambda$doFilterInternal$3(FilterChainProxy.java:231)
	at org.springframework.security.web.FilterChainProxy$VirtualFilterChain.doFilter(FilterChainProxy.java:365)
	at org.springframework.security.web.access.intercept.AuthorizationFilter.doFilter(AuthorizationFilter.java:100)
	at org.springframework.security.web.FilterChainProxy$VirtualFilterChain.doFilter(FilterChainProxy.java:374)
	at org.springframework.security.web.access.ExceptionTranslationFilter.doFilter(ExceptionTranslationFilter.java:126)
	at org.springframework.security.web.access.ExceptionTranslationFilter.doFilter(ExceptionTranslationFilter.java:120)
	at org.springframework.security.web.FilterChainProxy$VirtualFilterChain.doFilter(FilterChainProxy.java:374)
	at org.springframework.security.web.session.SessionManagementFilter.doFilter(SessionManagementFilter.java:131)
	at org.springframework.security.web.session.SessionManagementFilter.doFilter(SessionManagementFilter.java:85)
	at org.springframework.security.web.FilterChainProxy$VirtualFilterChain.doFilter(FilterChainProxy.java:374)
	at org.springframework.security.web.authentication.AnonymousAuthenticationFilter.doFilter(AnonymousAuthenticationFilter.java:100)
	at org.springframework.security.web.FilterChainProxy$VirtualFilterChain.doFilter(FilterChainProxy.java:374)
	at org.springframework.security.web.servletapi.SecurityContextHolderAwareRequestFilter.doFilter(SecurityContextHolderAwareRequestFilter.java:179)
	at org.springframework.security.web.FilterChainProxy$VirtualFilterChain.doFilter(FilterChainProxy.java:374)
	at org.springframework.security.web.savedrequest.RequestCacheAwareFilter.doFilter(RequestCacheAwareFilter.java:63)
	at org.springframework.security.web.FilterChainProxy$VirtualFilterChain.doFilter(FilterChainProxy.java:374)
	at org.springframework.security.web.authentication.www.BasicAuthenticationFilter.doFilterInternal(BasicAuthenticationFilter.java:181)
	at org.springframework.web.filter.OncePerRequestFilter.doFilter(OncePerRequestFilter.java:116)
	at org.springframework.security.web.FilterChainProxy$VirtualFilterChain.doFilter(FilterChainProxy.java:374)
	at com.example.codedockbackend.security.JwtAuthFilter.doFilterInternal(JwtAuthFilter.java:47)
	at org.springframework.web.filter.OncePerRequestFilter.doFilter(OncePerRequestFilter.java:116)
	at org.springframework.security.web.FilterChainProxy$VirtualFilterChain.doFilter(FilterChainProxy.java:374)
	at org.springframework.security.web.authentication.logout.LogoutFilter.doFilter(LogoutFilter.java:107)
	at org.springframework.security.web.authentication.logout.LogoutFilter.doFilter(LogoutFilter.java:93)
	at org.springframework.security.web.FilterChainProxy$VirtualFilterChain.doFilter(FilterChainProxy.java:374)
	at org.springframework.web.filter.CorsFilter.doFilterInternal(CorsFilter.java:91)
	at org.springframework.web.filter.OncePerRequestFilter.doFilter(OncePerRequestFilter.java:116)
	at org.springframework.security.web.FilterChainProxy$VirtualFilterChain.doFilter(FilterChainProxy.java:374)
	at org.springframework.security.web.header.HeaderWriterFilter.doHeadersAfter(HeaderWriterFilter.java:90)
	at org.springframework.security.web.header.HeaderWriterFilter.doFilterInternal(HeaderWriterFilter.java:75)
	at org.springframework.web.filter.OncePerRequestFilter.doFilter(OncePerRequestFilter.java:116)
	at org.springframework.security.web.FilterChainProxy$VirtualFilterChain.doFilter(FilterChainProxy.java:374)
	at org.springframework.security.web.context.SecurityContextHolderFilter.doFilter(SecurityContextHolderFilter.java:82)
	at org.springframework.security.web.context.SecurityContextHolderFilter.doFilter(SecurityContextHolderFilter.java:69)
	at org.springframework.security.web.FilterChainProxy$VirtualFilterChain.doFilter(FilterChainProxy.java:374)
	at org.springframework.security.web.context.request.async.WebAsyncManagerIntegrationFilter.doFilterInternal(WebAsyncManagerIntegrationFilter.java:62)
	at org.springframework.web.filter.OncePerRequestFilter.doFilter(OncePerRequestFilter.java:116)
	at org.springframework.security.web.FilterChainProxy$VirtualFilterChain.doFilter(FilterChainProxy.java:374)
	at org.springframework.security.web.session.DisableEncodeUrlFilter.doFilterInternal(DisableEncodeUrlFilter.java:42)
	at org.springframework.web.filter.OncePerRequestFilter.doFilter(OncePerRequestFilter.java:116)
	at org.springframework.security.web.FilterChainProxy$VirtualFilterChain.doFilter(FilterChainProxy.java:374)
	at org.springframework.security.web.FilterChainProxy.doFilterInternal(FilterChainProxy.java:233)
	at org.springframework.security.web.FilterChainProxy.doFilter(FilterChainProxy.java:191)
	at org.springframework.web.filter.CompositeFilter$VirtualFilterChain.doFilter(CompositeFilter.java:113)
	at org.springframework.web.servlet.handler.HandlerMappingIntrospector.lambda$createCacheFilter$3(HandlerMappingIntrospector.java:195)
	at org.springframework.web.filter.CompositeFilter$VirtualFilterChain.doFilter(CompositeFilter.java:113)
	at org.springframework.web.filter.CompositeFilter.doFilter(CompositeFilter.java:74)
	at org.springframework.security.config.annotation.web.configuration.WebMvcSecurityConfiguration$CompositeFilterChainProxy.doFilter(WebMvcSecurityConfiguration.java:230)
	at org.springframework.web.filter.DelegatingFilterProxy.invokeDelegate(DelegatingFilterProxy.java:352)
	at org.springframework.web.filter.DelegatingFilterProxy.doFilter(DelegatingFilterProxy.java:268)
	at org.apache.catalina.core.ApplicationFilterChain.internalDoFilter(ApplicationFilterChain.java:164)
	at org.apache.catalina.core.ApplicationFilterChain.doFilter(ApplicationFilterChain.java:140)
	at org.springframework.web.filter.RequestContextFilter.doFilterInternal(RequestContextFilter.java:100)
	at org.springframework.web.filter.OncePerRequestFilter.doFilter(OncePerRequestFilter.java:116)
	at org.apache.catalina.core.ApplicationFilterChain.internalDoFilter(ApplicationFilterChain.java:164)
	at org.apache.catalina.core.ApplicationFilterChain.doFilter(ApplicationFilterChain.java:140)
	at org.springframework.web.filter.FormContentFilter.doFilterInternal(FormContentFilter.java:93)
	at org.springframework.web.filter.OncePerRequestFilter.doFilter(OncePerRequestFilter.java:116)
	at org.apache.catalina.core.ApplicationFilterChain.internalDoFilter(ApplicationFilterChain.java:164)
	at org.apache.catalina.core.ApplicationFilterChain.doFilter(ApplicationFilterChain.java:140)
	at org.springframework.web.filter.CharacterEncodingFilter.doFilterInternal(CharacterEncodingFilter.java:201)
	at org.springframework.web.filter.OncePerRequestFilter.doFilter(OncePerRequestFilter.java:116)
	at org.apache.catalina.core.ApplicationFilterChain.internalDoFilter(ApplicationFilterChain.java:164)
	at org.apache.catalina.core.ApplicationFilterChain.doFilter(ApplicationFilterChain.java:140)
	at org.apache.catalina.core.StandardWrapperValve.invoke(StandardWrapperValve.java:167)
	at org.apache.catalina.core.StandardContextValve.invoke(StandardContextValve.java:90)
	at org.apache.catalina.authenticator.AuthenticatorBase.invoke(AuthenticatorBase.java:483)
	at org.apache.catalina.core.StandardHostValve.invoke(StandardHostValve.java:115)
	at org.apache.catalina.valves.ErrorReportValve.invoke(ErrorReportValve.java:93)
	at org.apache.catalina.core.StandardEngineValve.invoke(StandardEngineValve.java:74)
	at org.apache.catalina.connector.CoyoteAdapter.service(CoyoteAdapter.java:344)
	at org.apache.coyote.http11.Http11Processor.service(Http11Processor.java:384)
	at org.apache.coyote.AbstractProcessorLight.process(AbstractProcessorLight.java:63)
	at org.apache.coyote.AbstractProtocol$ConnectionHandler.process(AbstractProtocol.java:905)
	at org.apache.tomcat.util.net.NioEndpoint$SocketProcessor.doRun(NioEndpoint.java:1741)
	at org.apache.tomcat.util.net.SocketProcessorBase.run(SocketProcessorBase.java:52)
	at org.apache.tomcat.util.threads.ThreadPoolExecutor.runWorker(ThreadPoolExecutor.java:1190)
	at org.apache.tomcat.util.threads.ThreadPoolExecutor$Worker.run(ThreadPoolExecutor.java:659)
	at org.apache.tomcat.util.threads.TaskThread$WrappingRunnable.run(TaskThread.java:63)
	at java.base/java.lang.Thread.run(Thread.java:840)
2025-12-28 09:43:27.917 [http-nio-8080-exec-6] WARN  o.s.w.s.m.m.a.ExceptionHandlerExceptionResolver c10f03e9-3afe-4ae5-87d3-8c11f2da97aa - Resolved [java.lang.RuntimeException: Invalid credentials]
2025-12-28 09:43:27.917 [http-nio-8080-exec-6] INFO  c.e.c.l.RequestResponseLoggingFilter c10f03e9-3afe-4ae5-87d3-8c11f2da97aa - HTTP POST /api/auth/login | status=500 | duration=10ms | req={"email":"","password":""} | res={"timestamp":"2025-12-28T04:13:27.912666Z","status":500,"error":"Internal Server Error","message":"Something went wrong","path":"/api/auth/login"}
2025-12-28 10:04:28.261 [HikariPool-1 housekeeper] WARN  com.zaxxer.hikari.pool.HikariPool  - HikariPool-1 - Thread starvation or clock leap detected (housekeeper delta=2m41s254ms).
2025-12-28 10:38:08.225 [HikariPool-1 housekeeper] WARN  com.zaxxer.hikari.pool.HikariPool  - HikariPool-1 - Thread starvation or clock leap detected (housekeeper delta=33m39s964ms).
2025-12-28 10:40:56.723 [background-preinit] INFO  o.h.validator.internal.util.Version  - HV000001: Hibernate Validator 8.0.1.Final
2025-12-28 10:40:56.733 [restartedMain] INFO  c.e.c.CodedockBackendApplication  - Starting CodedockBackendApplication using Java 17.0.17 with PID 12080 (/Users/suvechha.bishal/IdeaProjects/codedock-backend/target/classes started by suvechha.bishal in /Users/suvechha.bishal/IdeaProjects/codedock-backend)
2025-12-28 10:40:56.733 [restartedMain] DEBUG c.e.c.CodedockBackendApplication  - Running with Spring Boot v3.3.4, Spring v6.1.13
2025-12-28 10:40:56.733 [restartedMain] INFO  c.e.c.CodedockBackendApplication  - No active profile set, falling back to 1 default profile: "default"
2025-12-28 10:40:57.104 [restartedMain] DEBUG c.e.c.security.JwtAuthFilter  - Filter 'jwtAuthFilter' configured for use
2025-12-28 10:40:57.132 [restartedMain] INFO  o.h.jpa.internal.util.LogHelper  - HHH000204: Processing PersistenceUnitInfo [name: default]
2025-12-28 10:40:57.148 [restartedMain] INFO  org.hibernate.Version  - HHH000412: Hibernate ORM core version 6.5.3.Final
2025-12-28 10:40:57.157 [restartedMain] INFO  o.h.c.i.RegionFactoryInitiator  - HHH000026: Second-level cache disabled
2025-12-28 10:40:57.484 [restartedMain] INFO  o.h.e.t.j.p.i.JtaPlatformInitiator  - HHH000489: No JTA platform available (set 'hibernate.transaction.jta.platform' to enable JTA platform integration)
2025-12-28 10:40:57.733 [restartedMain] INFO  c.e.c.CodedockBackendApplication  - Started CodedockBackendApplication in 1.11 seconds (process running for 1.22)
2025-12-28 10:42:15.868 [http-nio-8080-exec-5] INFO  c.e.c.l.RequestResponseLoggingFilter b7b61d25-5dac-47c9-83a3-5cf3a5dffc36 - HTTP POST /api/auth/login | status=200 | duration=187ms | req={
    "email" : "bishal@example.com",
    "password" : "secret123"
} | res={"token":"eyJhbGciOiJIUzI1NiJ9.eyJzdWIiOiJiaXNoYWxAZXhhbXBsZS5jb20iLCJpYXQiOjE3NjY4OTg3MzUsImV4cCI6MTc2Njk4NTEzNX0.MPPeRtaQk_MyE2fVTheeBOO0VmNQ7UXNh_RIlf1-xM4"}
2025-12-28 10:45:28.416 [background-preinit] INFO  o.h.validator.internal.util.Version  - HV000001: Hibernate Validator 8.0.1.Final
2025-12-28 10:45:28.427 [restartedMain] INFO  c.e.c.CodedockBackendApplication  - Starting CodedockBackendApplication using Java 17.0.17 with PID 12448 (/Users/suvechha.bishal/IdeaProjects/codedock-backend/target/classes started by suvechha.bishal in /Users/suvechha.bishal/IdeaProjects/codedock-backend)
2025-12-28 10:45:28.427 [restartedMain] DEBUG c.e.c.CodedockBackendApplication  - Running with Spring Boot v3.3.4, Spring v6.1.13
2025-12-28 10:45:28.427 [restartedMain] INFO  c.e.c.CodedockBackendApplication  - No active profile set, falling back to 1 default profile: "default"
2025-12-28 10:45:28.836 [restartedMain] DEBUG c.e.c.security.JwtAuthFilter  - Filter 'jwtAuthFilter' configured for use
2025-12-28 10:45:28.863 [restartedMain] INFO  o.h.jpa.internal.util.LogHelper  - HHH000204: Processing PersistenceUnitInfo [name: default]
2025-12-28 10:45:28.878 [restartedMain] INFO  org.hibernate.Version  - HHH000412: Hibernate ORM core version 6.5.3.Final
2025-12-28 10:45:28.885 [restartedMain] INFO  o.h.c.i.RegionFactoryInitiator  - HHH000026: Second-level cache disabled
2025-12-28 10:45:29.213 [restartedMain] INFO  o.h.e.t.j.p.i.JtaPlatformInitiator  - HHH000489: No JTA platform available (set 'hibernate.transaction.jta.platform' to enable JTA platform integration)
2025-12-28 10:45:29.469 [restartedMain] INFO  c.e.c.CodedockBackendApplication  - Started CodedockBackendApplication in 1.181 seconds (process running for 1.32)
2025-12-28 10:45:49.840 [http-nio-8080-exec-1] INFO  c.e.c.l.RequestResponseLoggingFilter f1d641ae-1cfa-46f6-90b3-7e5c37f6c663 - HTTP POST /api/users/create | status=200 | duration=182ms | req={
  "name": "John",
  "email": "john@example.com",
  "password": "123qwe"
}
 | res={"id":"7f000001-9b63-120d-819b-63625ebd0000","name":"John","email":"john@example.com"}
2025-12-28 10:45:51.585 [http-nio-8080-exec-3] ERROR c.e.c.e.GlobalExceptionHandler f01e9c43-7027-429b-941e-a0fa4459866b - Unhandled exception for POST /api/users/create
java.lang.RuntimeException: Email already exists
	at com.example.codedockbackend.service.UserService.createUser(UserService.java:21)
	at com.example.codedockbackend.controller.UserController.createUser(UserController.java:21)
	at java.base/jdk.internal.reflect.NativeMethodAccessorImpl.invoke0(Native Method)
	at java.base/jdk.internal.reflect.NativeMethodAccessorImpl.invoke(NativeMethodAccessorImpl.java:77)
	at java.base/jdk.internal.reflect.DelegatingMethodAccessorImpl.invoke(DelegatingMethodAccessorImpl.java:43)
	at java.base/java.lang.reflect.Method.invoke(Method.java:569)
	at org.springframework.web.method.support.InvocableHandlerMethod.doInvoke(InvocableHandlerMethod.java:255)
	at org.springframework.web.method.support.InvocableHandlerMethod.invokeForRequest(InvocableHandlerMethod.java:188)
	at org.springframework.web.servlet.mvc.method.annotation.ServletInvocableHandlerMethod.invokeAndHandle(ServletInvocableHandlerMethod.java:118)
	at org.springframework.web.servlet.mvc.method.annotation.RequestMappingHandlerAdapter.invokeHandlerMethod(RequestMappingHandlerAdapter.java:926)
	at org.springframework.web.servlet.mvc.method.annotation.RequestMappingHandlerAdapter.handleInternal(RequestMappingHandlerAdapter.java:831)
	at org.springframework.web.servlet.mvc.method.AbstractHandlerMethodAdapter.handle(AbstractHandlerMethodAdapter.java:87)
	at org.springframework.web.servlet.DispatcherServlet.doDispatch(DispatcherServlet.java:1089)
	at org.springframework.web.servlet.DispatcherServlet.doService(DispatcherServlet.java:979)
	at org.springframework.web.servlet.FrameworkServlet.processRequest(FrameworkServlet.java:1014)
	at org.springframework.web.servlet.FrameworkServlet.doPost(FrameworkServlet.java:914)
	at jakarta.servlet.http.HttpServlet.service(HttpServlet.java:590)
	at org.springframework.web.servlet.FrameworkServlet.service(FrameworkServlet.java:885)
	at jakarta.servlet.http.HttpServlet.service(HttpServlet.java:658)
	at org.apache.catalina.core.ApplicationFilterChain.internalDoFilter(ApplicationFilterChain.java:195)
	at org.apache.catalina.core.ApplicationFilterChain.doFilter(ApplicationFilterChain.java:140)
	at org.apache.tomcat.websocket.server.WsFilter.doFilter(WsFilter.java:51)
	at org.apache.catalina.core.ApplicationFilterChain.internalDoFilter(ApplicationFilterChain.java:164)
	at org.apache.catalina.core.ApplicationFilterChain.doFilter(ApplicationFilterChain.java:140)
	at org.springframework.web.filter.OncePerRequestFilter.doFilter(OncePerRequestFilter.java:110)
	at org.apache.catalina.core.ApplicationFilterChain.internalDoFilter(ApplicationFilterChain.java:164)
	at org.apache.catalina.core.ApplicationFilterChain.doFilter(ApplicationFilterChain.java:140)
	at com.example.codedockbackend.logging.RequestResponseLoggingFilter.doFilter(RequestResponseLoggingFilter.java:34)
	at org.apache.catalina.core.ApplicationFilterChain.internalDoFilter(ApplicationFilterChain.java:164)
	at org.apache.catalina.core.ApplicationFilterChain.doFilter(ApplicationFilterChain.java:140)
	at com.example.codedockbackend.logging.MdcFilter.doFilter(MdcFilter.java:30)
	at org.apache.catalina.core.ApplicationFilterChain.internalDoFilter(ApplicationFilterChain.java:164)
	at org.apache.catalina.core.ApplicationFilterChain.doFilter(ApplicationFilterChain.java:140)
	at org.springframework.web.filter.CompositeFilter$VirtualFilterChain.doFilter(CompositeFilter.java:108)
	at org.springframework.security.web.FilterChainProxy.lambda$doFilterInternal$3(FilterChainProxy.java:231)
	at org.springframework.security.web.FilterChainProxy$VirtualFilterChain.doFilter(FilterChainProxy.java:365)
	at org.springframework.security.web.access.intercept.AuthorizationFilter.doFilter(AuthorizationFilter.java:100)
	at org.springframework.security.web.FilterChainProxy$VirtualFilterChain.doFilter(FilterChainProxy.java:374)
	at org.springframework.security.web.access.ExceptionTranslationFilter.doFilter(ExceptionTranslationFilter.java:126)
	at org.springframework.security.web.access.ExceptionTranslationFilter.doFilter(ExceptionTranslationFilter.java:120)
	at org.springframework.security.web.FilterChainProxy$VirtualFilterChain.doFilter(FilterChainProxy.java:374)
	at org.springframework.security.web.session.SessionManagementFilter.doFilter(SessionManagementFilter.java:131)
	at org.springframework.security.web.session.SessionManagementFilter.doFilter(SessionManagementFilter.java:85)
	at org.springframework.security.web.FilterChainProxy$VirtualFilterChain.doFilter(FilterChainProxy.java:374)
	at org.springframework.security.web.authentication.AnonymousAuthenticationFilter.doFilter(AnonymousAuthenticationFilter.java:100)
	at org.springframework.security.web.FilterChainProxy$VirtualFilterChain.doFilter(FilterChainProxy.java:374)
	at org.springframework.security.web.servletapi.SecurityContextHolderAwareRequestFilter.doFilter(SecurityContextHolderAwareRequestFilter.java:179)
	at org.springframework.security.web.FilterChainProxy$VirtualFilterChain.doFilter(FilterChainProxy.java:374)
	at org.springframework.security.web.savedrequest.RequestCacheAwareFilter.doFilter(RequestCacheAwareFilter.java:63)
	at org.springframework.security.web.FilterChainProxy$VirtualFilterChain.doFilter(FilterChainProxy.java:374)
	at org.springframework.security.web.authentication.www.BasicAuthenticationFilter.doFilterInternal(BasicAuthenticationFilter.java:181)
	at org.springframework.web.filter.OncePerRequestFilter.doFilter(OncePerRequestFilter.java:116)
	at org.springframework.security.web.FilterChainProxy$VirtualFilterChain.doFilter(FilterChainProxy.java:374)
	at com.example.codedockbackend.security.JwtAuthFilter.doFilterInternal(JwtAuthFilter.java:47)
	at org.springframework.web.filter.OncePerRequestFilter.doFilter(OncePerRequestFilter.java:116)
	at org.springframework.security.web.FilterChainProxy$VirtualFilterChain.doFilter(FilterChainProxy.java:374)
	at org.springframework.security.web.authentication.logout.LogoutFilter.doFilter(LogoutFilter.java:107)
	at org.springframework.security.web.authentication.logout.LogoutFilter.doFilter(LogoutFilter.java:93)
	at org.springframework.security.web.FilterChainProxy$VirtualFilterChain.doFilter(FilterChainProxy.java:374)
	at org.springframework.web.filter.CorsFilter.doFilterInternal(CorsFilter.java:91)
	at org.springframework.web.filter.OncePerRequestFilter.doFilter(OncePerRequestFilter.java:116)
	at org.springframework.security.web.FilterChainProxy$VirtualFilterChain.doFilter(FilterChainProxy.java:374)
	at org.springframework.security.web.header.HeaderWriterFilter.doHeadersAfter(HeaderWriterFilter.java:90)
	at org.springframework.security.web.header.HeaderWriterFilter.doFilterInternal(HeaderWriterFilter.java:75)
	at org.springframework.web.filter.OncePerRequestFilter.doFilter(OncePerRequestFilter.java:116)
	at org.springframework.security.web.FilterChainProxy$VirtualFilterChain.doFilter(FilterChainProxy.java:374)
	at org.springframework.security.web.context.SecurityContextHolderFilter.doFilter(SecurityContextHolderFilter.java:82)
	at org.springframework.security.web.context.SecurityContextHolderFilter.doFilter(SecurityContextHolderFilter.java:69)
	at org.springframework.security.web.FilterChainProxy$VirtualFilterChain.doFilter(FilterChainProxy.java:374)
	at org.springframework.security.web.context.request.async.WebAsyncManagerIntegrationFilter.doFilterInternal(WebAsyncManagerIntegrationFilter.java:62)
	at org.springframework.web.filter.OncePerRequestFilter.doFilter(OncePerRequestFilter.java:116)
	at org.springframework.security.web.FilterChainProxy$VirtualFilterChain.doFilter(FilterChainProxy.java:374)
	at org.springframework.security.web.session.DisableEncodeUrlFilter.doFilterInternal(DisableEncodeUrlFilter.java:42)
	at org.springframework.web.filter.OncePerRequestFilter.doFilter(OncePerRequestFilter.java:116)
	at org.springframework.security.web.FilterChainProxy$VirtualFilterChain.doFilter(FilterChainProxy.java:374)
	at org.springframework.security.web.FilterChainProxy.doFilterInternal(FilterChainProxy.java:233)
	at org.springframework.security.web.FilterChainProxy.doFilter(FilterChainProxy.java:191)
	at org.springframework.web.filter.CompositeFilter$VirtualFilterChain.doFilter(CompositeFilter.java:113)
	at org.springframework.web.servlet.handler.HandlerMappingIntrospector.lambda$createCacheFilter$3(HandlerMappingIntrospector.java:195)
	at org.springframework.web.filter.CompositeFilter$VirtualFilterChain.doFilter(CompositeFilter.java:113)
	at org.springframework.web.filter.CompositeFilter.doFilter(CompositeFilter.java:74)
	at org.springframework.security.config.annotation.web.configuration.WebMvcSecurityConfiguration$CompositeFilterChainProxy.doFilter(WebMvcSecurityConfiguration.java:230)
	at org.springframework.web.filter.DelegatingFilterProxy.invokeDelegate(DelegatingFilterProxy.java:352)
	at org.springframework.web.filter.DelegatingFilterProxy.doFilter(DelegatingFilterProxy.java:268)
	at org.apache.catalina.core.ApplicationFilterChain.internalDoFilter(ApplicationFilterChain.java:164)
	at org.apache.catalina.core.ApplicationFilterChain.doFilter(ApplicationFilterChain.java:140)
	at org.springframework.web.filter.RequestContextFilter.doFilterInternal(RequestContextFilter.java:100)
	at org.springframework.web.filter.OncePerRequestFilter.doFilter(OncePerRequestFilter.java:116)
	at org.apache.catalina.core.ApplicationFilterChain.internalDoFilter(ApplicationFilterChain.java:164)
	at org.apache.catalina.core.ApplicationFilterChain.doFilter(ApplicationFilterChain.java:140)
	at org.springframework.web.filter.FormContentFilter.doFilterInternal(FormContentFilter.java:93)
	at org.springframework.web.filter.OncePerRequestFilter.doFilter(OncePerRequestFilter.java:116)
	at org.apache.catalina.core.ApplicationFilterChain.internalDoFilter(ApplicationFilterChain.java:164)
	at org.apache.catalina.core.ApplicationFilterChain.doFilter(ApplicationFilterChain.java:140)
	at org.springframework.web.filter.CharacterEncodingFilter.doFilterInternal(CharacterEncodingFilter.java:201)
	at org.springframework.web.filter.OncePerRequestFilter.doFilter(OncePerRequestFilter.java:116)
	at org.apache.catalina.core.ApplicationFilterChain.internalDoFilter(ApplicationFilterChain.java:164)
	at org.apache.catalina.core.ApplicationFilterChain.doFilter(ApplicationFilterChain.java:140)
	at org.apache.catalina.core.StandardWrapperValve.invoke(StandardWrapperValve.java:167)
	at org.apache.catalina.core.StandardContextValve.invoke(StandardContextValve.java:90)
	at org.apache.catalina.authenticator.AuthenticatorBase.invoke(AuthenticatorBase.java:483)
	at org.apache.catalina.core.StandardHostValve.invoke(StandardHostValve.java:115)
	at org.apache.catalina.valves.ErrorReportValve.invoke(ErrorReportValve.java:93)
	at org.apache.catalina.core.StandardEngineValve.invoke(StandardEngineValve.java:74)
	at org.apache.catalina.connector.CoyoteAdapter.service(CoyoteAdapter.java:344)
	at org.apache.coyote.http11.Http11Processor.service(Http11Processor.java:384)
	at org.apache.coyote.AbstractProcessorLight.process(AbstractProcessorLight.java:63)
	at org.apache.coyote.AbstractProtocol$ConnectionHandler.process(AbstractProtocol.java:905)
	at org.apache.tomcat.util.net.NioEndpoint$SocketProcessor.doRun(NioEndpoint.java:1741)
	at org.apache.tomcat.util.net.SocketProcessorBase.run(SocketProcessorBase.java:52)
	at org.apache.tomcat.util.threads.ThreadPoolExecutor.runWorker(ThreadPoolExecutor.java:1190)
	at org.apache.tomcat.util.threads.ThreadPoolExecutor$Worker.run(ThreadPoolExecutor.java:659)
	at org.apache.tomcat.util.threads.TaskThread$WrappingRunnable.run(TaskThread.java:63)
	at java.base/java.lang.Thread.run(Thread.java:840)
2025-12-28 10:45:51.593 [http-nio-8080-exec-3] WARN  o.s.w.s.m.m.a.ExceptionHandlerExceptionResolver f01e9c43-7027-429b-941e-a0fa4459866b - Resolved [java.lang.RuntimeException: Email already exists]
2025-12-28 10:45:51.593 [http-nio-8080-exec-3] INFO  c.e.c.l.RequestResponseLoggingFilter f01e9c43-7027-429b-941e-a0fa4459866b - HTTP POST /api/users/create | status=500 | duration=22ms | req={
  "name": "John",
  "email": "john@example.com",
  "password": "123qwe"
}
 | res={"timestamp":"2025-12-28T05:15:51.585411Z","status":500,"error":"Internal Server Error","message":"Something went wrong","path":"/api/users/create"}
2025-12-28 10:47:32.902 [http-nio-8080-exec-5] INFO  c.e.c.l.RequestResponseLoggingFilter 9f9b5a28-14b6-44bc-9e82-80a4f1bd1fdf - HTTP POST /api/users/create | status=200 | duration=110ms | req={
  "name": "John",
  "email": "john@example.com",
  "password": "123qwe"
}
 | res={"id":"7f000001-9b63-120d-819b-6363f1610001","name":"John","email":"john@example.com"}
2025-12-28 11:08:44.351 [http-nio-8080-exec-8] ERROR c.e.c.e.GlobalExceptionHandler d8ca6582-c8c3-4fa1-b72c-2a71136f535b - Unhandled exception for POST /api/users/create
java.lang.RuntimeException: Email already exists
	at com.example.codedockbackend.service.UserService.createUser(UserService.java:21)
	at com.example.codedockbackend.controller.UserController.createUser(UserController.java:21)
	at java.base/jdk.internal.reflect.NativeMethodAccessorImpl.invoke0(Native Method)
	at java.base/jdk.internal.reflect.NativeMethodAccessorImpl.invoke(NativeMethodAccessorImpl.java:77)
	at java.base/jdk.internal.reflect.DelegatingMethodAccessorImpl.invoke(DelegatingMethodAccessorImpl.java:43)
	at java.base/java.lang.reflect.Method.invoke(Method.java:569)
	at org.springframework.web.method.support.InvocableHandlerMethod.doInvoke(InvocableHandlerMethod.java:255)
	at org.springframework.web.method.support.InvocableHandlerMethod.invokeForRequest(InvocableHandlerMethod.java:188)
	at org.springframework.web.servlet.mvc.method.annotation.ServletInvocableHandlerMethod.invokeAndHandle(ServletInvocableHandlerMethod.java:118)
	at org.springframework.web.servlet.mvc.method.annotation.RequestMappingHandlerAdapter.invokeHandlerMethod(RequestMappingHandlerAdapter.java:926)
	at org.springframework.web.servlet.mvc.method.annotation.RequestMappingHandlerAdapter.handleInternal(RequestMappingHandlerAdapter.java:831)
	at org.springframework.web.servlet.mvc.method.AbstractHandlerMethodAdapter.handle(AbstractHandlerMethodAdapter.java:87)
	at org.springframework.web.servlet.DispatcherServlet.doDispatch(DispatcherServlet.java:1089)
	at org.springframework.web.servlet.DispatcherServlet.doService(DispatcherServlet.java:979)
	at org.springframework.web.servlet.FrameworkServlet.processRequest(FrameworkServlet.java:1014)
	at org.springframework.web.servlet.FrameworkServlet.doPost(FrameworkServlet.java:914)
	at jakarta.servlet.http.HttpServlet.service(HttpServlet.java:590)
	at org.springframework.web.servlet.FrameworkServlet.service(FrameworkServlet.java:885)
	at jakarta.servlet.http.HttpServlet.service(HttpServlet.java:658)
	at org.apache.catalina.core.ApplicationFilterChain.internalDoFilter(ApplicationFilterChain.java:195)
	at org.apache.catalina.core.ApplicationFilterChain.doFilter(ApplicationFilterChain.java:140)
	at org.apache.tomcat.websocket.server.WsFilter.doFilter(WsFilter.java:51)
	at org.apache.catalina.core.ApplicationFilterChain.internalDoFilter(ApplicationFilterChain.java:164)
	at org.apache.catalina.core.ApplicationFilterChain.doFilter(ApplicationFilterChain.java:140)
	at org.springframework.web.filter.OncePerRequestFilter.doFilter(OncePerRequestFilter.java:110)
	at org.apache.catalina.core.ApplicationFilterChain.internalDoFilter(ApplicationFilterChain.java:164)
	at org.apache.catalina.core.ApplicationFilterChain.doFilter(ApplicationFilterChain.java:140)
	at com.example.codedockbackend.logging.RequestResponseLoggingFilter.doFilter(RequestResponseLoggingFilter.java:34)
	at org.apache.catalina.core.ApplicationFilterChain.internalDoFilter(ApplicationFilterChain.java:164)
	at org.apache.catalina.core.ApplicationFilterChain.doFilter(ApplicationFilterChain.java:140)
	at com.example.codedockbackend.logging.MdcFilter.doFilter(MdcFilter.java:30)
	at org.apache.catalina.core.ApplicationFilterChain.internalDoFilter(ApplicationFilterChain.java:164)
	at org.apache.catalina.core.ApplicationFilterChain.doFilter(ApplicationFilterChain.java:140)
	at org.springframework.web.filter.CompositeFilter$VirtualFilterChain.doFilter(CompositeFilter.java:108)
	at org.springframework.security.web.FilterChainProxy.lambda$doFilterInternal$3(FilterChainProxy.java:231)
	at org.springframework.security.web.FilterChainProxy$VirtualFilterChain.doFilter(FilterChainProxy.java:365)
	at org.springframework.security.web.access.intercept.AuthorizationFilter.doFilter(AuthorizationFilter.java:100)
	at org.springframework.security.web.FilterChainProxy$VirtualFilterChain.doFilter(FilterChainProxy.java:374)
	at org.springframework.security.web.access.ExceptionTranslationFilter.doFilter(ExceptionTranslationFilter.java:126)
	at org.springframework.security.web.access.ExceptionTranslationFilter.doFilter(ExceptionTranslationFilter.java:120)
	at org.springframework.security.web.FilterChainProxy$VirtualFilterChain.doFilter(FilterChainProxy.java:374)
	at org.springframework.security.web.session.SessionManagementFilter.doFilter(SessionManagementFilter.java:131)
	at org.springframework.security.web.session.SessionManagementFilter.doFilter(SessionManagementFilter.java:85)
	at org.springframework.security.web.FilterChainProxy$VirtualFilterChain.doFilter(FilterChainProxy.java:374)
	at org.springframework.security.web.authentication.AnonymousAuthenticationFilter.doFilter(AnonymousAuthenticationFilter.java:100)
	at org.springframework.security.web.FilterChainProxy$VirtualFilterChain.doFilter(FilterChainProxy.java:374)
	at org.springframework.security.web.servletapi.SecurityContextHolderAwareRequestFilter.doFilter(SecurityContextHolderAwareRequestFilter.java:179)
	at org.springframework.security.web.FilterChainProxy$VirtualFilterChain.doFilter(FilterChainProxy.java:374)
	at org.springframework.security.web.savedrequest.RequestCacheAwareFilter.doFilter(RequestCacheAwareFilter.java:63)
	at org.springframework.security.web.FilterChainProxy$VirtualFilterChain.doFilter(FilterChainProxy.java:374)
	at org.springframework.security.web.authentication.www.BasicAuthenticationFilter.doFilterInternal(BasicAuthenticationFilter.java:181)
	at org.springframework.web.filter.OncePerRequestFilter.doFilter(OncePerRequestFilter.java:116)
	at org.springframework.security.web.FilterChainProxy$VirtualFilterChain.doFilter(FilterChainProxy.java:374)
	at com.example.codedockbackend.security.JwtAuthFilter.doFilterInternal(JwtAuthFilter.java:47)
	at org.springframework.web.filter.OncePerRequestFilter.doFilter(OncePerRequestFilter.java:116)
	at org.springframework.security.web.FilterChainProxy$VirtualFilterChain.doFilter(FilterChainProxy.java:374)
	at org.springframework.security.web.authentication.logout.LogoutFilter.doFilter(LogoutFilter.java:107)
	at org.springframework.security.web.authentication.logout.LogoutFilter.doFilter(LogoutFilter.java:93)
	at org.springframework.security.web.FilterChainProxy$VirtualFilterChain.doFilter(FilterChainProxy.java:374)
	at org.springframework.web.filter.CorsFilter.doFilterInternal(CorsFilter.java:91)
	at org.springframework.web.filter.OncePerRequestFilter.doFilter(OncePerRequestFilter.java:116)
	at org.springframework.security.web.FilterChainProxy$VirtualFilterChain.doFilter(FilterChainProxy.java:374)
	at org.springframework.security.web.header.HeaderWriterFilter.doHeadersAfter(HeaderWriterFilter.java:90)
	at org.springframework.security.web.header.HeaderWriterFilter.doFilterInternal(HeaderWriterFilter.java:75)
	at org.springframework.web.filter.OncePerRequestFilter.doFilter(OncePerRequestFilter.java:116)
	at org.springframework.security.web.FilterChainProxy$VirtualFilterChain.doFilter(FilterChainProxy.java:374)
	at org.springframework.security.web.context.SecurityContextHolderFilter.doFilter(SecurityContextHolderFilter.java:82)
	at org.springframework.security.web.context.SecurityContextHolderFilter.doFilter(SecurityContextHolderFilter.java:69)
	at org.springframework.security.web.FilterChainProxy$VirtualFilterChain.doFilter(FilterChainProxy.java:374)
	at org.springframework.security.web.context.request.async.WebAsyncManagerIntegrationFilter.doFilterInternal(WebAsyncManagerIntegrationFilter.java:62)
	at org.springframework.web.filter.OncePerRequestFilter.doFilter(OncePerRequestFilter.java:116)
	at org.springframework.security.web.FilterChainProxy$VirtualFilterChain.doFilter(FilterChainProxy.java:374)
	at org.springframework.security.web.session.DisableEncodeUrlFilter.doFilterInternal(DisableEncodeUrlFilter.java:42)
	at org.springframework.web.filter.OncePerRequestFilter.doFilter(OncePerRequestFilter.java:116)
	at org.springframework.security.web.FilterChainProxy$VirtualFilterChain.doFilter(FilterChainProxy.java:374)
	at org.springframework.security.web.FilterChainProxy.doFilterInternal(FilterChainProxy.java:233)
	at org.springframework.security.web.FilterChainProxy.doFilter(FilterChainProxy.java:191)
	at org.springframework.web.filter.CompositeFilter$VirtualFilterChain.doFilter(CompositeFilter.java:113)
	at org.springframework.web.servlet.handler.HandlerMappingIntrospector.lambda$createCacheFilter$3(HandlerMappingIntrospector.java:195)
	at org.springframework.web.filter.CompositeFilter$VirtualFilterChain.doFilter(CompositeFilter.java:113)
	at org.springframework.web.filter.CompositeFilter.doFilter(CompositeFilter.java:74)
	at org.springframework.security.config.annotation.web.configuration.WebMvcSecurityConfiguration$CompositeFilterChainProxy.doFilter(WebMvcSecurityConfiguration.java:230)
	at org.springframework.web.filter.DelegatingFilterProxy.invokeDelegate(DelegatingFilterProxy.java:352)
	at org.springframework.web.filter.DelegatingFilterProxy.doFilter(DelegatingFilterProxy.java:268)
	at org.apache.catalina.core.ApplicationFilterChain.internalDoFilter(ApplicationFilterChain.java:164)
	at org.apache.catalina.core.ApplicationFilterChain.doFilter(ApplicationFilterChain.java:140)
	at org.springframework.web.filter.RequestContextFilter.doFilterInternal(RequestContextFilter.java:100)
	at org.springframework.web.filter.OncePerRequestFilter.doFilter(OncePerRequestFilter.java:116)
	at org.apache.catalina.core.ApplicationFilterChain.internalDoFilter(ApplicationFilterChain.java:164)
	at org.apache.catalina.core.ApplicationFilterChain.doFilter(ApplicationFilterChain.java:140)
	at org.springframework.web.filter.FormContentFilter.doFilterInternal(FormContentFilter.java:93)
	at org.springframework.web.filter.OncePerRequestFilter.doFilter(OncePerRequestFilter.java:116)
	at org.apache.catalina.core.ApplicationFilterChain.internalDoFilter(ApplicationFilterChain.java:164)
	at org.apache.catalina.core.ApplicationFilterChain.doFilter(ApplicationFilterChain.java:140)
	at org.springframework.web.filter.CharacterEncodingFilter.doFilterInternal(CharacterEncodingFilter.java:201)
	at org.springframework.web.filter.OncePerRequestFilter.doFilter(OncePerRequestFilter.java:116)
	at org.apache.catalina.core.ApplicationFilterChain.internalDoFilter(ApplicationFilterChain.java:164)
	at org.apache.catalina.core.ApplicationFilterChain.doFilter(ApplicationFilterChain.java:140)
	at org.apache.catalina.core.StandardWrapperValve.invoke(StandardWrapperValve.java:167)
	at org.apache.catalina.core.StandardContextValve.invoke(StandardContextValve.java:90)
	at org.apache.catalina.authenticator.AuthenticatorBase.invoke(AuthenticatorBase.java:483)
	at org.apache.catalina.core.StandardHostValve.invoke(StandardHostValve.java:115)
	at org.apache.catalina.valves.ErrorReportValve.invoke(ErrorReportValve.java:93)
	at org.apache.catalina.core.StandardEngineValve.invoke(StandardEngineValve.java:74)
	at org.apache.catalina.connector.CoyoteAdapter.service(CoyoteAdapter.java:344)
	at org.apache.coyote.http11.Http11Processor.service(Http11Processor.java:384)
	at org.apache.coyote.AbstractProcessorLight.process(AbstractProcessorLight.java:63)
	at org.apache.coyote.AbstractProtocol$ConnectionHandler.process(AbstractProtocol.java:905)
	at org.apache.tomcat.util.net.NioEndpoint$SocketProcessor.doRun(NioEndpoint.java:1741)
	at org.apache.tomcat.util.net.SocketProcessorBase.run(SocketProcessorBase.java:52)
	at org.apache.tomcat.util.threads.ThreadPoolExecutor.runWorker(ThreadPoolExecutor.java:1190)
	at org.apache.tomcat.util.threads.ThreadPoolExecutor$Worker.run(ThreadPoolExecutor.java:659)
	at org.apache.tomcat.util.threads.TaskThread$WrappingRunnable.run(TaskThread.java:63)
	at java.base/java.lang.Thread.run(Thread.java:840)
2025-12-28 11:08:44.355 [http-nio-8080-exec-8] WARN  o.s.w.s.m.m.a.ExceptionHandlerExceptionResolver d8ca6582-c8c3-4fa1-b72c-2a71136f535b - Resolved [java.lang.RuntimeException: Email already exists]
2025-12-28 11:08:44.355 [http-nio-8080-exec-8] INFO  c.e.c.l.RequestResponseLoggingFilter d8ca6582-c8c3-4fa1-b72c-2a71136f535b - HTTP POST /api/users/create | status=500 | duration=18ms | req={"name":"John","email":"john@example.com","password":"123qwe"} | res={"timestamp":"2025-12-28T05:38:44.351710Z","status":500,"error":"Internal Server Error","message":"Something went wrong","path":"/api/users/create"}
2025-12-28 11:08:51.374 [http-nio-8080-exec-10] ERROR c.e.c.e.GlobalExceptionHandler 68da2049-8f41-436b-ae0d-b3c325960cc5 - Unhandled exception for POST /api/users/create
java.lang.RuntimeException: Email already exists
	at com.example.codedockbackend.service.UserService.createUser(UserService.java:21)
	at com.example.codedockbackend.controller.UserController.createUser(UserController.java:21)
	at java.base/jdk.internal.reflect.NativeMethodAccessorImpl.invoke0(Native Method)
	at java.base/jdk.internal.reflect.NativeMethodAccessorImpl.invoke(NativeMethodAccessorImpl.java:77)
	at java.base/jdk.internal.reflect.DelegatingMethodAccessorImpl.invoke(DelegatingMethodAccessorImpl.java:43)
	at java.base/java.lang.reflect.Method.invoke(Method.java:569)
	at org.springframework.web.method.support.InvocableHandlerMethod.doInvoke(InvocableHandlerMethod.java:255)
	at org.springframework.web.method.support.InvocableHandlerMethod.invokeForRequest(InvocableHandlerMethod.java:188)
	at org.springframework.web.servlet.mvc.method.annotation.ServletInvocableHandlerMethod.invokeAndHandle(ServletInvocableHandlerMethod.java:118)
	at org.springframework.web.servlet.mvc.method.annotation.RequestMappingHandlerAdapter.invokeHandlerMethod(RequestMappingHandlerAdapter.java:926)
	at org.springframework.web.servlet.mvc.method.annotation.RequestMappingHandlerAdapter.handleInternal(RequestMappingHandlerAdapter.java:831)
	at org.springframework.web.servlet.mvc.method.AbstractHandlerMethodAdapter.handle(AbstractHandlerMethodAdapter.java:87)
	at org.springframework.web.servlet.DispatcherServlet.doDispatch(DispatcherServlet.java:1089)
	at org.springframework.web.servlet.DispatcherServlet.doService(DispatcherServlet.java:979)
	at org.springframework.web.servlet.FrameworkServlet.processRequest(FrameworkServlet.java:1014)
	at org.springframework.web.servlet.FrameworkServlet.doPost(FrameworkServlet.java:914)
	at jakarta.servlet.http.HttpServlet.service(HttpServlet.java:590)
	at org.springframework.web.servlet.FrameworkServlet.service(FrameworkServlet.java:885)
	at jakarta.servlet.http.HttpServlet.service(HttpServlet.java:658)
	at org.apache.catalina.core.ApplicationFilterChain.internalDoFilter(ApplicationFilterChain.java:195)
	at org.apache.catalina.core.ApplicationFilterChain.doFilter(ApplicationFilterChain.java:140)
	at org.apache.tomcat.websocket.server.WsFilter.doFilter(WsFilter.java:51)
	at org.apache.catalina.core.ApplicationFilterChain.internalDoFilter(ApplicationFilterChain.java:164)
	at org.apache.catalina.core.ApplicationFilterChain.doFilter(ApplicationFilterChain.java:140)
	at org.springframework.web.filter.OncePerRequestFilter.doFilter(OncePerRequestFilter.java:110)
	at org.apache.catalina.core.ApplicationFilterChain.internalDoFilter(ApplicationFilterChain.java:164)
	at org.apache.catalina.core.ApplicationFilterChain.doFilter(ApplicationFilterChain.java:140)
	at com.example.codedockbackend.logging.RequestResponseLoggingFilter.doFilter(RequestResponseLoggingFilter.java:34)
	at org.apache.catalina.core.ApplicationFilterChain.internalDoFilter(ApplicationFilterChain.java:164)
	at org.apache.catalina.core.ApplicationFilterChain.doFilter(ApplicationFilterChain.java:140)
	at com.example.codedockbackend.logging.MdcFilter.doFilter(MdcFilter.java:30)
	at org.apache.catalina.core.ApplicationFilterChain.internalDoFilter(ApplicationFilterChain.java:164)
	at org.apache.catalina.core.ApplicationFilterChain.doFilter(ApplicationFilterChain.java:140)
	at org.springframework.web.filter.CompositeFilter$VirtualFilterChain.doFilter(CompositeFilter.java:108)
	at org.springframework.security.web.FilterChainProxy.lambda$doFilterInternal$3(FilterChainProxy.java:231)
	at org.springframework.security.web.FilterChainProxy$VirtualFilterChain.doFilter(FilterChainProxy.java:365)
	at org.springframework.security.web.access.intercept.AuthorizationFilter.doFilter(AuthorizationFilter.java:100)
	at org.springframework.security.web.FilterChainProxy$VirtualFilterChain.doFilter(FilterChainProxy.java:374)
	at org.springframework.security.web.access.ExceptionTranslationFilter.doFilter(ExceptionTranslationFilter.java:126)
	at org.springframework.security.web.access.ExceptionTranslationFilter.doFilter(ExceptionTranslationFilter.java:120)
	at org.springframework.security.web.FilterChainProxy$VirtualFilterChain.doFilter(FilterChainProxy.java:374)
	at org.springframework.security.web.session.SessionManagementFilter.doFilter(SessionManagementFilter.java:131)
	at org.springframework.security.web.session.SessionManagementFilter.doFilter(SessionManagementFilter.java:85)
	at org.springframework.security.web.FilterChainProxy$VirtualFilterChain.doFilter(FilterChainProxy.java:374)
	at org.springframework.security.web.authentication.AnonymousAuthenticationFilter.doFilter(AnonymousAuthenticationFilter.java:100)
	at org.springframework.security.web.FilterChainProxy$VirtualFilterChain.doFilter(FilterChainProxy.java:374)
	at org.springframework.security.web.servletapi.SecurityContextHolderAwareRequestFilter.doFilter(SecurityContextHolderAwareRequestFilter.java:179)
	at org.springframework.security.web.FilterChainProxy$VirtualFilterChain.doFilter(FilterChainProxy.java:374)
	at org.springframework.security.web.savedrequest.RequestCacheAwareFilter.doFilter(RequestCacheAwareFilter.java:63)
	at org.springframework.security.web.FilterChainProxy$VirtualFilterChain.doFilter(FilterChainProxy.java:374)
	at org.springframework.security.web.authentication.www.BasicAuthenticationFilter.doFilterInternal(BasicAuthenticationFilter.java:181)
	at org.springframework.web.filter.OncePerRequestFilter.doFilter(OncePerRequestFilter.java:116)
	at org.springframework.security.web.FilterChainProxy$VirtualFilterChain.doFilter(FilterChainProxy.java:374)
	at com.example.codedockbackend.security.JwtAuthFilter.doFilterInternal(JwtAuthFilter.java:47)
	at org.springframework.web.filter.OncePerRequestFilter.doFilter(OncePerRequestFilter.java:116)
	at org.springframework.security.web.FilterChainProxy$VirtualFilterChain.doFilter(FilterChainProxy.java:374)
	at org.springframework.security.web.authentication.logout.LogoutFilter.doFilter(LogoutFilter.java:107)
	at org.springframework.security.web.authentication.logout.LogoutFilter.doFilter(LogoutFilter.java:93)
	at org.springframework.security.web.FilterChainProxy$VirtualFilterChain.doFilter(FilterChainProxy.java:374)
	at org.springframework.web.filter.CorsFilter.doFilterInternal(CorsFilter.java:91)
	at org.springframework.web.filter.OncePerRequestFilter.doFilter(OncePerRequestFilter.java:116)
	at org.springframework.security.web.FilterChainProxy$VirtualFilterChain.doFilter(FilterChainProxy.java:374)
	at org.springframework.security.web.header.HeaderWriterFilter.doHeadersAfter(HeaderWriterFilter.java:90)
	at org.springframework.security.web.header.HeaderWriterFilter.doFilterInternal(HeaderWriterFilter.java:75)
	at org.springframework.web.filter.OncePerRequestFilter.doFilter(OncePerRequestFilter.java:116)
	at org.springframework.security.web.FilterChainProxy$VirtualFilterChain.doFilter(FilterChainProxy.java:374)
	at org.springframework.security.web.context.SecurityContextHolderFilter.doFilter(SecurityContextHolderFilter.java:82)
	at org.springframework.security.web.context.SecurityContextHolderFilter.doFilter(SecurityContextHolderFilter.java:69)
	at org.springframework.security.web.FilterChainProxy$VirtualFilterChain.doFilter(FilterChainProxy.java:374)
	at org.springframework.security.web.context.request.async.WebAsyncManagerIntegrationFilter.doFilterInternal(WebAsyncManagerIntegrationFilter.java:62)
	at org.springframework.web.filter.OncePerRequestFilter.doFilter(OncePerRequestFilter.java:116)
	at org.springframework.security.web.FilterChainProxy$VirtualFilterChain.doFilter(FilterChainProxy.java:374)
	at org.springframework.security.web.session.DisableEncodeUrlFilter.doFilterInternal(DisableEncodeUrlFilter.java:42)
	at org.springframework.web.filter.OncePerRequestFilter.doFilter(OncePerRequestFilter.java:116)
	at org.springframework.security.web.FilterChainProxy$VirtualFilterChain.doFilter(FilterChainProxy.java:374)
	at org.springframework.security.web.FilterChainProxy.doFilterInternal(FilterChainProxy.java:233)
	at org.springframework.security.web.FilterChainProxy.doFilter(FilterChainProxy.java:191)
	at org.springframework.web.filter.CompositeFilter$VirtualFilterChain.doFilter(CompositeFilter.java:113)
	at org.springframework.web.servlet.handler.HandlerMappingIntrospector.lambda$createCacheFilter$3(HandlerMappingIntrospector.java:195)
	at org.springframework.web.filter.CompositeFilter$VirtualFilterChain.doFilter(CompositeFilter.java:113)
	at org.springframework.web.filter.CompositeFilter.doFilter(CompositeFilter.java:74)
	at org.springframework.security.config.annotation.web.configuration.WebMvcSecurityConfiguration$CompositeFilterChainProxy.doFilter(WebMvcSecurityConfiguration.java:230)
	at org.springframework.web.filter.DelegatingFilterProxy.invokeDelegate(DelegatingFilterProxy.java:352)
	at org.springframework.web.filter.DelegatingFilterProxy.doFilter(DelegatingFilterProxy.java:268)
	at org.apache.catalina.core.ApplicationFilterChain.internalDoFilter(ApplicationFilterChain.java:164)
	at org.apache.catalina.core.ApplicationFilterChain.doFilter(ApplicationFilterChain.java:140)
	at org.springframework.web.filter.RequestContextFilter.doFilterInternal(RequestContextFilter.java:100)
	at org.springframework.web.filter.OncePerRequestFilter.doFilter(OncePerRequestFilter.java:116)
	at org.apache.catalina.core.ApplicationFilterChain.internalDoFilter(ApplicationFilterChain.java:164)
	at org.apache.catalina.core.ApplicationFilterChain.doFilter(ApplicationFilterChain.java:140)
	at org.springframework.web.filter.FormContentFilter.doFilterInternal(FormContentFilter.java:93)
	at org.springframework.web.filter.OncePerRequestFilter.doFilter(OncePerRequestFilter.java:116)
	at org.apache.catalina.core.ApplicationFilterChain.internalDoFilter(ApplicationFilterChain.java:164)
	at org.apache.catalina.core.ApplicationFilterChain.doFilter(ApplicationFilterChain.java:140)
	at org.springframework.web.filter.CharacterEncodingFilter.doFilterInternal(CharacterEncodingFilter.java:201)
	at org.springframework.web.filter.OncePerRequestFilter.doFilter(OncePerRequestFilter.java:116)
	at org.apache.catalina.core.ApplicationFilterChain.internalDoFilter(ApplicationFilterChain.java:164)
	at org.apache.catalina.core.ApplicationFilterChain.doFilter(ApplicationFilterChain.java:140)
	at org.apache.catalina.core.StandardWrapperValve.invoke(StandardWrapperValve.java:167)
	at org.apache.catalina.core.StandardContextValve.invoke(StandardContextValve.java:90)
	at org.apache.catalina.authenticator.AuthenticatorBase.invoke(AuthenticatorBase.java:483)
	at org.apache.catalina.core.StandardHostValve.invoke(StandardHostValve.java:115)
	at org.apache.catalina.valves.ErrorReportValve.invoke(ErrorReportValve.java:93)
	at org.apache.catalina.core.StandardEngineValve.invoke(StandardEngineValve.java:74)
	at org.apache.catalina.connector.CoyoteAdapter.service(CoyoteAdapter.java:344)
	at org.apache.coyote.http11.Http11Processor.service(Http11Processor.java:384)
	at org.apache.coyote.AbstractProcessorLight.process(AbstractProcessorLight.java:63)
	at org.apache.coyote.AbstractProtocol$ConnectionHandler.process(AbstractProtocol.java:905)
	at org.apache.tomcat.util.net.NioEndpoint$SocketProcessor.doRun(NioEndpoint.java:1741)
	at org.apache.tomcat.util.net.SocketProcessorBase.run(SocketProcessorBase.java:52)
	at org.apache.tomcat.util.threads.ThreadPoolExecutor.runWorker(ThreadPoolExecutor.java:1190)
	at org.apache.tomcat.util.threads.ThreadPoolExecutor$Worker.run(ThreadPoolExecutor.java:659)
	at org.apache.tomcat.util.threads.TaskThread$WrappingRunnable.run(TaskThread.java:63)
	at java.base/java.lang.Thread.run(Thread.java:840)
2025-12-28 11:08:51.376 [http-nio-8080-exec-10] WARN  o.s.w.s.m.m.a.ExceptionHandlerExceptionResolver 68da2049-8f41-436b-ae0d-b3c325960cc5 - Resolved [java.lang.RuntimeException: Email already exists]
2025-12-28 11:08:51.376 [http-nio-8080-exec-10] INFO  c.e.c.l.RequestResponseLoggingFilter 68da2049-8f41-436b-ae0d-b3c325960cc5 - HTTP POST /api/users/create | status=500 | duration=6ms | req={
  "name": "John",
  "email": "john@example.com",
  "password": "123qwe"
}
 | res={"timestamp":"2025-12-28T05:38:51.374097Z","status":500,"error":"Internal Server Error","message":"Something went wrong","path":"/api/users/create"}
2025-12-28 11:12:20.350 [background-preinit] INFO  o.h.validator.internal.util.Version  - HV000001: Hibernate Validator 8.0.1.Final
2025-12-28 11:12:20.361 [restartedMain] INFO  c.e.c.CodedockBackendApplication  - Starting CodedockBackendApplication using Java 17.0.17 with PID 14316 (/Users/suvechha.bishal/IdeaProjects/codedock-backend/target/classes started by suvechha.bishal in /Users/suvechha.bishal/IdeaProjects/codedock-backend)
2025-12-28 11:12:20.361 [restartedMain] DEBUG c.e.c.CodedockBackendApplication  - Running with Spring Boot v3.3.4, Spring v6.1.13
2025-12-28 11:12:20.361 [restartedMain] INFO  c.e.c.CodedockBackendApplication  - No active profile set, falling back to 1 default profile: "default"
2025-12-28 11:12:20.766 [restartedMain] DEBUG c.e.c.security.JwtAuthFilter  - Filter 'jwtAuthFilter' configured for use
2025-12-28 11:12:20.794 [restartedMain] INFO  o.h.jpa.internal.util.LogHelper  - HHH000204: Processing PersistenceUnitInfo [name: default]
2025-12-28 11:12:20.809 [restartedMain] INFO  org.hibernate.Version  - HHH000412: Hibernate ORM core version 6.5.3.Final
2025-12-28 11:12:20.817 [restartedMain] INFO  o.h.c.i.RegionFactoryInitiator  - HHH000026: Second-level cache disabled
2025-12-28 11:12:21.152 [restartedMain] INFO  o.h.e.t.j.p.i.JtaPlatformInitiator  - HHH000489: No JTA platform available (set 'hibernate.transaction.jta.platform' to enable JTA platform integration)
2025-12-28 11:12:21.401 [restartedMain] INFO  c.e.c.CodedockBackendApplication  - Started CodedockBackendApplication in 1.171 seconds (process running for 1.31)
2025-12-28 11:12:24.241 [http-nio-8080-exec-1] ERROR c.e.c.e.GlobalExceptionHandler 1e86dfb0-681c-46b9-b1e4-a62107b1c4ea - Unhandled exception for POST /api/users/create
java.lang.RuntimeException: Email already exists
	at com.example.codedockbackend.service.UserService.createUser(UserService.java:21)
	at com.example.codedockbackend.controller.UserController.createUser(UserController.java:21)
	at java.base/jdk.internal.reflect.NativeMethodAccessorImpl.invoke0(Native Method)
	at java.base/jdk.internal.reflect.NativeMethodAccessorImpl.invoke(NativeMethodAccessorImpl.java:77)
	at java.base/jdk.internal.reflect.DelegatingMethodAccessorImpl.invoke(DelegatingMethodAccessorImpl.java:43)
	at java.base/java.lang.reflect.Method.invoke(Method.java:569)
	at org.springframework.web.method.support.InvocableHandlerMethod.doInvoke(InvocableHandlerMethod.java:255)
	at org.springframework.web.method.support.InvocableHandlerMethod.invokeForRequest(InvocableHandlerMethod.java:188)
	at org.springframework.web.servlet.mvc.method.annotation.ServletInvocableHandlerMethod.invokeAndHandle(ServletInvocableHandlerMethod.java:118)
	at org.springframework.web.servlet.mvc.method.annotation.RequestMappingHandlerAdapter.invokeHandlerMethod(RequestMappingHandlerAdapter.java:926)
	at org.springframework.web.servlet.mvc.method.annotation.RequestMappingHandlerAdapter.handleInternal(RequestMappingHandlerAdapter.java:831)
	at org.springframework.web.servlet.mvc.method.AbstractHandlerMethodAdapter.handle(AbstractHandlerMethodAdapter.java:87)
	at org.springframework.web.servlet.DispatcherServlet.doDispatch(DispatcherServlet.java:1089)
	at org.springframework.web.servlet.DispatcherServlet.doService(DispatcherServlet.java:979)
	at org.springframework.web.servlet.FrameworkServlet.processRequest(FrameworkServlet.java:1014)
	at org.springframework.web.servlet.FrameworkServlet.doPost(FrameworkServlet.java:914)
	at jakarta.servlet.http.HttpServlet.service(HttpServlet.java:590)
	at org.springframework.web.servlet.FrameworkServlet.service(FrameworkServlet.java:885)
	at jakarta.servlet.http.HttpServlet.service(HttpServlet.java:658)
	at org.apache.catalina.core.ApplicationFilterChain.internalDoFilter(ApplicationFilterChain.java:195)
	at org.apache.catalina.core.ApplicationFilterChain.doFilter(ApplicationFilterChain.java:140)
	at org.apache.tomcat.websocket.server.WsFilter.doFilter(WsFilter.java:51)
	at org.apache.catalina.core.ApplicationFilterChain.internalDoFilter(ApplicationFilterChain.java:164)
	at org.apache.catalina.core.ApplicationFilterChain.doFilter(ApplicationFilterChain.java:140)
	at org.springframework.web.filter.OncePerRequestFilter.doFilter(OncePerRequestFilter.java:110)
	at org.apache.catalina.core.ApplicationFilterChain.internalDoFilter(ApplicationFilterChain.java:164)
	at org.apache.catalina.core.ApplicationFilterChain.doFilter(ApplicationFilterChain.java:140)
	at com.example.codedockbackend.logging.RequestResponseLoggingFilter.doFilter(RequestResponseLoggingFilter.java:34)
	at org.apache.catalina.core.ApplicationFilterChain.internalDoFilter(ApplicationFilterChain.java:164)
	at org.apache.catalina.core.ApplicationFilterChain.doFilter(ApplicationFilterChain.java:140)
	at com.example.codedockbackend.logging.MdcFilter.doFilter(MdcFilter.java:30)
	at org.apache.catalina.core.ApplicationFilterChain.internalDoFilter(ApplicationFilterChain.java:164)
	at org.apache.catalina.core.ApplicationFilterChain.doFilter(ApplicationFilterChain.java:140)
	at org.springframework.web.filter.CompositeFilter$VirtualFilterChain.doFilter(CompositeFilter.java:108)
	at org.springframework.security.web.FilterChainProxy.lambda$doFilterInternal$3(FilterChainProxy.java:231)
	at org.springframework.security.web.FilterChainProxy$VirtualFilterChain.doFilter(FilterChainProxy.java:365)
	at org.springframework.security.web.access.intercept.AuthorizationFilter.doFilter(AuthorizationFilter.java:100)
	at org.springframework.security.web.FilterChainProxy$VirtualFilterChain.doFilter(FilterChainProxy.java:374)
	at org.springframework.security.web.access.ExceptionTranslationFilter.doFilter(ExceptionTranslationFilter.java:126)
	at org.springframework.security.web.access.ExceptionTranslationFilter.doFilter(ExceptionTranslationFilter.java:120)
	at org.springframework.security.web.FilterChainProxy$VirtualFilterChain.doFilter(FilterChainProxy.java:374)
	at org.springframework.security.web.session.SessionManagementFilter.doFilter(SessionManagementFilter.java:131)
	at org.springframework.security.web.session.SessionManagementFilter.doFilter(SessionManagementFilter.java:85)
	at org.springframework.security.web.FilterChainProxy$VirtualFilterChain.doFilter(FilterChainProxy.java:374)
	at org.springframework.security.web.authentication.AnonymousAuthenticationFilter.doFilter(AnonymousAuthenticationFilter.java:100)
	at org.springframework.security.web.FilterChainProxy$VirtualFilterChain.doFilter(FilterChainProxy.java:374)
	at org.springframework.security.web.servletapi.SecurityContextHolderAwareRequestFilter.doFilter(SecurityContextHolderAwareRequestFilter.java:179)
	at org.springframework.security.web.FilterChainProxy$VirtualFilterChain.doFilter(FilterChainProxy.java:374)
	at org.springframework.security.web.savedrequest.RequestCacheAwareFilter.doFilter(RequestCacheAwareFilter.java:63)
	at org.springframework.security.web.FilterChainProxy$VirtualFilterChain.doFilter(FilterChainProxy.java:374)
	at org.springframework.security.web.authentication.www.BasicAuthenticationFilter.doFilterInternal(BasicAuthenticationFilter.java:181)
	at org.springframework.web.filter.OncePerRequestFilter.doFilter(OncePerRequestFilter.java:116)
	at org.springframework.security.web.FilterChainProxy$VirtualFilterChain.doFilter(FilterChainProxy.java:374)
	at com.example.codedockbackend.security.JwtAuthFilter.doFilterInternal(JwtAuthFilter.java:47)
	at org.springframework.web.filter.OncePerRequestFilter.doFilter(OncePerRequestFilter.java:116)
	at org.springframework.security.web.FilterChainProxy$VirtualFilterChain.doFilter(FilterChainProxy.java:374)
	at org.springframework.security.web.authentication.logout.LogoutFilter.doFilter(LogoutFilter.java:107)
	at org.springframework.security.web.authentication.logout.LogoutFilter.doFilter(LogoutFilter.java:93)
	at org.springframework.security.web.FilterChainProxy$VirtualFilterChain.doFilter(FilterChainProxy.java:374)
	at org.springframework.web.filter.CorsFilter.doFilterInternal(CorsFilter.java:91)
	at org.springframework.web.filter.OncePerRequestFilter.doFilter(OncePerRequestFilter.java:116)
	at org.springframework.security.web.FilterChainProxy$VirtualFilterChain.doFilter(FilterChainProxy.java:374)
	at org.springframework.security.web.header.HeaderWriterFilter.doHeadersAfter(HeaderWriterFilter.java:90)
	at org.springframework.security.web.header.HeaderWriterFilter.doFilterInternal(HeaderWriterFilter.java:75)
	at org.springframework.web.filter.OncePerRequestFilter.doFilter(OncePerRequestFilter.java:116)
	at org.springframework.security.web.FilterChainProxy$VirtualFilterChain.doFilter(FilterChainProxy.java:374)
	at org.springframework.security.web.context.SecurityContextHolderFilter.doFilter(SecurityContextHolderFilter.java:82)
	at org.springframework.security.web.context.SecurityContextHolderFilter.doFilter(SecurityContextHolderFilter.java:69)
	at org.springframework.security.web.FilterChainProxy$VirtualFilterChain.doFilter(FilterChainProxy.java:374)
	at org.springframework.security.web.context.request.async.WebAsyncManagerIntegrationFilter.doFilterInternal(WebAsyncManagerIntegrationFilter.java:62)
	at org.springframework.web.filter.OncePerRequestFilter.doFilter(OncePerRequestFilter.java:116)
	at org.springframework.security.web.FilterChainProxy$VirtualFilterChain.doFilter(FilterChainProxy.java:374)
	at org.springframework.security.web.session.DisableEncodeUrlFilter.doFilterInternal(DisableEncodeUrlFilter.java:42)
	at org.springframework.web.filter.OncePerRequestFilter.doFilter(OncePerRequestFilter.java:116)
	at org.springframework.security.web.FilterChainProxy$VirtualFilterChain.doFilter(FilterChainProxy.java:374)
	at org.springframework.security.web.FilterChainProxy.doFilterInternal(FilterChainProxy.java:233)
	at org.springframework.security.web.FilterChainProxy.doFilter(FilterChainProxy.java:191)
	at org.springframework.web.filter.CompositeFilter$VirtualFilterChain.doFilter(CompositeFilter.java:113)
	at org.springframework.web.servlet.handler.HandlerMappingIntrospector.lambda$createCacheFilter$3(HandlerMappingIntrospector.java:195)
	at org.springframework.web.filter.CompositeFilter$VirtualFilterChain.doFilter(CompositeFilter.java:113)
	at org.springframework.web.filter.CompositeFilter.doFilter(CompositeFilter.java:74)
	at org.springframework.security.config.annotation.web.configuration.WebMvcSecurityConfiguration$CompositeFilterChainProxy.doFilter(WebMvcSecurityConfiguration.java:230)
	at org.springframework.web.filter.DelegatingFilterProxy.invokeDelegate(DelegatingFilterProxy.java:352)
	at org.springframework.web.filter.DelegatingFilterProxy.doFilter(DelegatingFilterProxy.java:268)
	at org.apache.catalina.core.ApplicationFilterChain.internalDoFilter(ApplicationFilterChain.java:164)
	at org.apache.catalina.core.ApplicationFilterChain.doFilter(ApplicationFilterChain.java:140)
	at org.springframework.web.filter.RequestContextFilter.doFilterInternal(RequestContextFilter.java:100)
	at org.springframework.web.filter.OncePerRequestFilter.doFilter(OncePerRequestFilter.java:116)
	at org.apache.catalina.core.ApplicationFilterChain.internalDoFilter(ApplicationFilterChain.java:164)
	at org.apache.catalina.core.ApplicationFilterChain.doFilter(ApplicationFilterChain.java:140)
	at org.springframework.web.filter.FormContentFilter.doFilterInternal(FormContentFilter.java:93)
	at org.springframework.web.filter.OncePerRequestFilter.doFilter(OncePerRequestFilter.java:116)
	at org.apache.catalina.core.ApplicationFilterChain.internalDoFilter(ApplicationFilterChain.java:164)
	at org.apache.catalina.core.ApplicationFilterChain.doFilter(ApplicationFilterChain.java:140)
	at org.springframework.web.filter.CharacterEncodingFilter.doFilterInternal(CharacterEncodingFilter.java:201)
	at org.springframework.web.filter.OncePerRequestFilter.doFilter(OncePerRequestFilter.java:116)
	at org.apache.catalina.core.ApplicationFilterChain.internalDoFilter(ApplicationFilterChain.java:164)
	at org.apache.catalina.core.ApplicationFilterChain.doFilter(ApplicationFilterChain.java:140)
	at org.apache.catalina.core.StandardWrapperValve.invoke(StandardWrapperValve.java:167)
	at org.apache.catalina.core.StandardContextValve.invoke(StandardContextValve.java:90)
	at org.apache.catalina.authenticator.AuthenticatorBase.invoke(AuthenticatorBase.java:483)
	at org.apache.catalina.core.StandardHostValve.invoke(StandardHostValve.java:115)
	at org.apache.catalina.valves.ErrorReportValve.invoke(ErrorReportValve.java:93)
	at org.apache.catalina.core.StandardEngineValve.invoke(StandardEngineValve.java:74)
	at org.apache.catalina.connector.CoyoteAdapter.service(CoyoteAdapter.java:344)
	at org.apache.coyote.http11.Http11Processor.service(Http11Processor.java:384)
	at org.apache.coyote.AbstractProcessorLight.process(AbstractProcessorLight.java:63)
	at org.apache.coyote.AbstractProtocol$ConnectionHandler.process(AbstractProtocol.java:905)
	at org.apache.tomcat.util.net.NioEndpoint$SocketProcessor.doRun(NioEndpoint.java:1741)
	at org.apache.tomcat.util.net.SocketProcessorBase.run(SocketProcessorBase.java:52)
	at org.apache.tomcat.util.threads.ThreadPoolExecutor.runWorker(ThreadPoolExecutor.java:1190)
	at org.apache.tomcat.util.threads.ThreadPoolExecutor$Worker.run(ThreadPoolExecutor.java:659)
	at org.apache.tomcat.util.threads.TaskThread$WrappingRunnable.run(TaskThread.java:63)
	at java.base/java.lang.Thread.run(Thread.java:840)
2025-12-28 11:12:24.249 [http-nio-8080-exec-1] WARN  o.s.w.s.m.m.a.ExceptionHandlerExceptionResolver 1e86dfb0-681c-46b9-b1e4-a62107b1c4ea - Resolved [java.lang.RuntimeException: Email already exists]
2025-12-28 11:12:24.250 [http-nio-8080-exec-1] INFO  c.e.c.l.RequestResponseLoggingFilter 1e86dfb0-681c-46b9-b1e4-a62107b1c4ea - HTTP POST /api/users/create | status=500 | duration=101ms | req={
  "name": "John",
  "email": "john@example.com",
  "password": "123qwe"
}
 | res={"timestamp":"2025-12-28T05:42:24.241642Z","status":500,"error":"Internal Server Error","message":"Email already exists","path":"/api/users/create"}
2025-12-28 11:12:32.955 [http-nio-8080-exec-3] ERROR c.e.c.e.GlobalExceptionHandler fe0ccec0-023f-41e2-980e-e3cd7c8ab737 - Unhandled exception for POST /api/users/create
java.lang.RuntimeException: Email already exists
	at com.example.codedockbackend.service.UserService.createUser(UserService.java:21)
	at com.example.codedockbackend.controller.UserController.createUser(UserController.java:21)
	at java.base/jdk.internal.reflect.NativeMethodAccessorImpl.invoke0(Native Method)
	at java.base/jdk.internal.reflect.NativeMethodAccessorImpl.invoke(NativeMethodAccessorImpl.java:77)
	at java.base/jdk.internal.reflect.DelegatingMethodAccessorImpl.invoke(DelegatingMethodAccessorImpl.java:43)
	at java.base/java.lang.reflect.Method.invoke(Method.java:569)
	at org.springframework.web.method.support.InvocableHandlerMethod.doInvoke(InvocableHandlerMethod.java:255)
	at org.springframework.web.method.support.InvocableHandlerMethod.invokeForRequest(InvocableHandlerMethod.java:188)
	at org.springframework.web.servlet.mvc.method.annotation.ServletInvocableHandlerMethod.invokeAndHandle(ServletInvocableHandlerMethod.java:118)
	at org.springframework.web.servlet.mvc.method.annotation.RequestMappingHandlerAdapter.invokeHandlerMethod(RequestMappingHandlerAdapter.java:926)
	at org.springframework.web.servlet.mvc.method.annotation.RequestMappingHandlerAdapter.handleInternal(RequestMappingHandlerAdapter.java:831)
	at org.springframework.web.servlet.mvc.method.AbstractHandlerMethodAdapter.handle(AbstractHandlerMethodAdapter.java:87)
	at org.springframework.web.servlet.DispatcherServlet.doDispatch(DispatcherServlet.java:1089)
	at org.springframework.web.servlet.DispatcherServlet.doService(DispatcherServlet.java:979)
	at org.springframework.web.servlet.FrameworkServlet.processRequest(FrameworkServlet.java:1014)
	at org.springframework.web.servlet.FrameworkServlet.doPost(FrameworkServlet.java:914)
	at jakarta.servlet.http.HttpServlet.service(HttpServlet.java:590)
	at org.springframework.web.servlet.FrameworkServlet.service(FrameworkServlet.java:885)
	at jakarta.servlet.http.HttpServlet.service(HttpServlet.java:658)
	at org.apache.catalina.core.ApplicationFilterChain.internalDoFilter(ApplicationFilterChain.java:195)
	at org.apache.catalina.core.ApplicationFilterChain.doFilter(ApplicationFilterChain.java:140)
	at org.apache.tomcat.websocket.server.WsFilter.doFilter(WsFilter.java:51)
	at org.apache.catalina.core.ApplicationFilterChain.internalDoFilter(ApplicationFilterChain.java:164)
	at org.apache.catalina.core.ApplicationFilterChain.doFilter(ApplicationFilterChain.java:140)
	at org.springframework.web.filter.OncePerRequestFilter.doFilter(OncePerRequestFilter.java:110)
	at org.apache.catalina.core.ApplicationFilterChain.internalDoFilter(ApplicationFilterChain.java:164)
	at org.apache.catalina.core.ApplicationFilterChain.doFilter(ApplicationFilterChain.java:140)
	at com.example.codedockbackend.logging.RequestResponseLoggingFilter.doFilter(RequestResponseLoggingFilter.java:34)
	at org.apache.catalina.core.ApplicationFilterChain.internalDoFilter(ApplicationFilterChain.java:164)
	at org.apache.catalina.core.ApplicationFilterChain.doFilter(ApplicationFilterChain.java:140)
	at com.example.codedockbackend.logging.MdcFilter.doFilter(MdcFilter.java:30)
	at org.apache.catalina.core.ApplicationFilterChain.internalDoFilter(ApplicationFilterChain.java:164)
	at org.apache.catalina.core.ApplicationFilterChain.doFilter(ApplicationFilterChain.java:140)
	at org.springframework.web.filter.CompositeFilter$VirtualFilterChain.doFilter(CompositeFilter.java:108)
	at org.springframework.security.web.FilterChainProxy.lambda$doFilterInternal$3(FilterChainProxy.java:231)
	at org.springframework.security.web.FilterChainProxy$VirtualFilterChain.doFilter(FilterChainProxy.java:365)
	at org.springframework.security.web.access.intercept.AuthorizationFilter.doFilter(AuthorizationFilter.java:100)
	at org.springframework.security.web.FilterChainProxy$VirtualFilterChain.doFilter(FilterChainProxy.java:374)
	at org.springframework.security.web.access.ExceptionTranslationFilter.doFilter(ExceptionTranslationFilter.java:126)
	at org.springframework.security.web.access.ExceptionTranslationFilter.doFilter(ExceptionTranslationFilter.java:120)
	at org.springframework.security.web.FilterChainProxy$VirtualFilterChain.doFilter(FilterChainProxy.java:374)
	at org.springframework.security.web.session.SessionManagementFilter.doFilter(SessionManagementFilter.java:131)
	at org.springframework.security.web.session.SessionManagementFilter.doFilter(SessionManagementFilter.java:85)
	at org.springframework.security.web.FilterChainProxy$VirtualFilterChain.doFilter(FilterChainProxy.java:374)
	at org.springframework.security.web.authentication.AnonymousAuthenticationFilter.doFilter(AnonymousAuthenticationFilter.java:100)
	at org.springframework.security.web.FilterChainProxy$VirtualFilterChain.doFilter(FilterChainProxy.java:374)
	at org.springframework.security.web.servletapi.SecurityContextHolderAwareRequestFilter.doFilter(SecurityContextHolderAwareRequestFilter.java:179)
	at org.springframework.security.web.FilterChainProxy$VirtualFilterChain.doFilter(FilterChainProxy.java:374)
	at org.springframework.security.web.savedrequest.RequestCacheAwareFilter.doFilter(RequestCacheAwareFilter.java:63)
	at org.springframework.security.web.FilterChainProxy$VirtualFilterChain.doFilter(FilterChainProxy.java:374)
	at org.springframework.security.web.authentication.www.BasicAuthenticationFilter.doFilterInternal(BasicAuthenticationFilter.java:181)
	at org.springframework.web.filter.OncePerRequestFilter.doFilter(OncePerRequestFilter.java:116)
	at org.springframework.security.web.FilterChainProxy$VirtualFilterChain.doFilter(FilterChainProxy.java:374)
	at com.example.codedockbackend.security.JwtAuthFilter.doFilterInternal(JwtAuthFilter.java:47)
	at org.springframework.web.filter.OncePerRequestFilter.doFilter(OncePerRequestFilter.java:116)
	at org.springframework.security.web.FilterChainProxy$VirtualFilterChain.doFilter(FilterChainProxy.java:374)
	at org.springframework.security.web.authentication.logout.LogoutFilter.doFilter(LogoutFilter.java:107)
	at org.springframework.security.web.authentication.logout.LogoutFilter.doFilter(LogoutFilter.java:93)
	at org.springframework.security.web.FilterChainProxy$VirtualFilterChain.doFilter(FilterChainProxy.java:374)
	at org.springframework.web.filter.CorsFilter.doFilterInternal(CorsFilter.java:91)
	at org.springframework.web.filter.OncePerRequestFilter.doFilter(OncePerRequestFilter.java:116)
	at org.springframework.security.web.FilterChainProxy$VirtualFilterChain.doFilter(FilterChainProxy.java:374)
	at org.springframework.security.web.header.HeaderWriterFilter.doHeadersAfter(HeaderWriterFilter.java:90)
	at org.springframework.security.web.header.HeaderWriterFilter.doFilterInternal(HeaderWriterFilter.java:75)
	at org.springframework.web.filter.OncePerRequestFilter.doFilter(OncePerRequestFilter.java:116)
	at org.springframework.security.web.FilterChainProxy$VirtualFilterChain.doFilter(FilterChainProxy.java:374)
	at org.springframework.security.web.context.SecurityContextHolderFilter.doFilter(SecurityContextHolderFilter.java:82)
	at org.springframework.security.web.context.SecurityContextHolderFilter.doFilter(SecurityContextHolderFilter.java:69)
	at org.springframework.security.web.FilterChainProxy$VirtualFilterChain.doFilter(FilterChainProxy.java:374)
	at org.springframework.security.web.context.request.async.WebAsyncManagerIntegrationFilter.doFilterInternal(WebAsyncManagerIntegrationFilter.java:62)
	at org.springframework.web.filter.OncePerRequestFilter.doFilter(OncePerRequestFilter.java:116)
	at org.springframework.security.web.FilterChainProxy$VirtualFilterChain.doFilter(FilterChainProxy.java:374)
	at org.springframework.security.web.session.DisableEncodeUrlFilter.doFilterInternal(DisableEncodeUrlFilter.java:42)
	at org.springframework.web.filter.OncePerRequestFilter.doFilter(OncePerRequestFilter.java:116)
	at org.springframework.security.web.FilterChainProxy$VirtualFilterChain.doFilter(FilterChainProxy.java:374)
	at org.springframework.security.web.FilterChainProxy.doFilterInternal(FilterChainProxy.java:233)
	at org.springframework.security.web.FilterChainProxy.doFilter(FilterChainProxy.java:191)
	at org.springframework.web.filter.CompositeFilter$VirtualFilterChain.doFilter(CompositeFilter.java:113)
	at org.springframework.web.servlet.handler.HandlerMappingIntrospector.lambda$createCacheFilter$3(HandlerMappingIntrospector.java:195)
	at org.springframework.web.filter.CompositeFilter$VirtualFilterChain.doFilter(CompositeFilter.java:113)
	at org.springframework.web.filter.CompositeFilter.doFilter(CompositeFilter.java:74)
	at org.springframework.security.config.annotation.web.configuration.WebMvcSecurityConfiguration$CompositeFilterChainProxy.doFilter(WebMvcSecurityConfiguration.java:230)
	at org.springframework.web.filter.DelegatingFilterProxy.invokeDelegate(DelegatingFilterProxy.java:352)
	at org.springframework.web.filter.DelegatingFilterProxy.doFilter(DelegatingFilterProxy.java:268)
	at org.apache.catalina.core.ApplicationFilterChain.internalDoFilter(ApplicationFilterChain.java:164)
	at org.apache.catalina.core.ApplicationFilterChain.doFilter(ApplicationFilterChain.java:140)
	at org.springframework.web.filter.RequestContextFilter.doFilterInternal(RequestContextFilter.java:100)
	at org.springframework.web.filter.OncePerRequestFilter.doFilter(OncePerRequestFilter.java:116)
	at org.apache.catalina.core.ApplicationFilterChain.internalDoFilter(ApplicationFilterChain.java:164)
	at org.apache.catalina.core.ApplicationFilterChain.doFilter(ApplicationFilterChain.java:140)
	at org.springframework.web.filter.FormContentFilter.doFilterInternal(FormContentFilter.java:93)
	at org.springframework.web.filter.OncePerRequestFilter.doFilter(OncePerRequestFilter.java:116)
	at org.apache.catalina.core.ApplicationFilterChain.internalDoFilter(ApplicationFilterChain.java:164)
	at org.apache.catalina.core.ApplicationFilterChain.doFilter(ApplicationFilterChain.java:140)
	at org.springframework.web.filter.CharacterEncodingFilter.doFilterInternal(CharacterEncodingFilter.java:201)
	at org.springframework.web.filter.OncePerRequestFilter.doFilter(OncePerRequestFilter.java:116)
	at org.apache.catalina.core.ApplicationFilterChain.internalDoFilter(ApplicationFilterChain.java:164)
	at org.apache.catalina.core.ApplicationFilterChain.doFilter(ApplicationFilterChain.java:140)
	at org.apache.catalina.core.StandardWrapperValve.invoke(StandardWrapperValve.java:167)
	at org.apache.catalina.core.StandardContextValve.invoke(StandardContextValve.java:90)
	at org.apache.catalina.authenticator.AuthenticatorBase.invoke(AuthenticatorBase.java:483)
	at org.apache.catalina.core.StandardHostValve.invoke(StandardHostValve.java:115)
	at org.apache.catalina.valves.ErrorReportValve.invoke(ErrorReportValve.java:93)
	at org.apache.catalina.core.StandardEngineValve.invoke(StandardEngineValve.java:74)
	at org.apache.catalina.connector.CoyoteAdapter.service(CoyoteAdapter.java:344)
	at org.apache.coyote.http11.Http11Processor.service(Http11Processor.java:384)
	at org.apache.coyote.AbstractProcessorLight.process(AbstractProcessorLight.java:63)
	at org.apache.coyote.AbstractProtocol$ConnectionHandler.process(AbstractProtocol.java:905)
	at org.apache.tomcat.util.net.NioEndpoint$SocketProcessor.doRun(NioEndpoint.java:1741)
	at org.apache.tomcat.util.net.SocketProcessorBase.run(SocketProcessorBase.java:52)
	at org.apache.tomcat.util.threads.ThreadPoolExecutor.runWorker(ThreadPoolExecutor.java:1190)
	at org.apache.tomcat.util.threads.ThreadPoolExecutor$Worker.run(ThreadPoolExecutor.java:659)
	at org.apache.tomcat.util.threads.TaskThread$WrappingRunnable.run(TaskThread.java:63)
	at java.base/java.lang.Thread.run(Thread.java:840)
2025-12-28 11:12:32.957 [http-nio-8080-exec-3] WARN  o.s.w.s.m.m.a.ExceptionHandlerExceptionResolver fe0ccec0-023f-41e2-980e-e3cd7c8ab737 - Resolved [java.lang.RuntimeException: Email already exists]
2025-12-28 11:12:32.957 [http-nio-8080-exec-3] INFO  c.e.c.l.RequestResponseLoggingFilter fe0ccec0-023f-41e2-980e-e3cd7c8ab737 - HTTP POST /api/users/create | status=500 | duration=9ms | req={"name":"John","email":"john@example.com","password":"123qwe"} | res={"timestamp":"2025-12-28T05:42:32.955039Z","status":500,"error":"Internal Server Error","message":"Email already exists","path":"/api/users/create"}
2025-12-28 11:12:33.735 [http-nio-8080-exec-4] ERROR c.e.c.e.GlobalExceptionHandler f811c580-594a-4790-adca-8459c8f20298 - Unhandled exception for POST /api/users/create
java.lang.RuntimeException: Email already exists
	at com.example.codedockbackend.service.UserService.createUser(UserService.java:21)
	at com.example.codedockbackend.controller.UserController.createUser(UserController.java:21)
	at java.base/jdk.internal.reflect.NativeMethodAccessorImpl.invoke0(Native Method)
	at java.base/jdk.internal.reflect.NativeMethodAccessorImpl.invoke(NativeMethodAccessorImpl.java:77)
	at java.base/jdk.internal.reflect.DelegatingMethodAccessorImpl.invoke(DelegatingMethodAccessorImpl.java:43)
	at java.base/java.lang.reflect.Method.invoke(Method.java:569)
	at org.springframework.web.method.support.InvocableHandlerMethod.doInvoke(InvocableHandlerMethod.java:255)
	at org.springframework.web.method.support.InvocableHandlerMethod.invokeForRequest(InvocableHandlerMethod.java:188)
	at org.springframework.web.servlet.mvc.method.annotation.ServletInvocableHandlerMethod.invokeAndHandle(ServletInvocableHandlerMethod.java:118)
	at org.springframework.web.servlet.mvc.method.annotation.RequestMappingHandlerAdapter.invokeHandlerMethod(RequestMappingHandlerAdapter.java:926)
	at org.springframework.web.servlet.mvc.method.annotation.RequestMappingHandlerAdapter.handleInternal(RequestMappingHandlerAdapter.java:831)
	at org.springframework.web.servlet.mvc.method.AbstractHandlerMethodAdapter.handle(AbstractHandlerMethodAdapter.java:87)
	at org.springframework.web.servlet.DispatcherServlet.doDispatch(DispatcherServlet.java:1089)
	at org.springframework.web.servlet.DispatcherServlet.doService(DispatcherServlet.java:979)
	at org.springframework.web.servlet.FrameworkServlet.processRequest(FrameworkServlet.java:1014)
	at org.springframework.web.servlet.FrameworkServlet.doPost(FrameworkServlet.java:914)
	at jakarta.servlet.http.HttpServlet.service(HttpServlet.java:590)
	at org.springframework.web.servlet.FrameworkServlet.service(FrameworkServlet.java:885)
	at jakarta.servlet.http.HttpServlet.service(HttpServlet.java:658)
	at org.apache.catalina.core.ApplicationFilterChain.internalDoFilter(ApplicationFilterChain.java:195)
	at org.apache.catalina.core.ApplicationFilterChain.doFilter(ApplicationFilterChain.java:140)
	at org.apache.tomcat.websocket.server.WsFilter.doFilter(WsFilter.java:51)
	at org.apache.catalina.core.ApplicationFilterChain.internalDoFilter(ApplicationFilterChain.java:164)
	at org.apache.catalina.core.ApplicationFilterChain.doFilter(ApplicationFilterChain.java:140)
	at org.springframework.web.filter.OncePerRequestFilter.doFilter(OncePerRequestFilter.java:110)
	at org.apache.catalina.core.ApplicationFilterChain.internalDoFilter(ApplicationFilterChain.java:164)
	at org.apache.catalina.core.ApplicationFilterChain.doFilter(ApplicationFilterChain.java:140)
	at com.example.codedockbackend.logging.RequestResponseLoggingFilter.doFilter(RequestResponseLoggingFilter.java:34)
	at org.apache.catalina.core.ApplicationFilterChain.internalDoFilter(ApplicationFilterChain.java:164)
	at org.apache.catalina.core.ApplicationFilterChain.doFilter(ApplicationFilterChain.java:140)
	at com.example.codedockbackend.logging.MdcFilter.doFilter(MdcFilter.java:30)
	at org.apache.catalina.core.ApplicationFilterChain.internalDoFilter(ApplicationFilterChain.java:164)
	at org.apache.catalina.core.ApplicationFilterChain.doFilter(ApplicationFilterChain.java:140)
	at org.springframework.web.filter.CompositeFilter$VirtualFilterChain.doFilter(CompositeFilter.java:108)
	at org.springframework.security.web.FilterChainProxy.lambda$doFilterInternal$3(FilterChainProxy.java:231)
	at org.springframework.security.web.FilterChainProxy$VirtualFilterChain.doFilter(FilterChainProxy.java:365)
	at org.springframework.security.web.access.intercept.AuthorizationFilter.doFilter(AuthorizationFilter.java:100)
	at org.springframework.security.web.FilterChainProxy$VirtualFilterChain.doFilter(FilterChainProxy.java:374)
	at org.springframework.security.web.access.ExceptionTranslationFilter.doFilter(ExceptionTranslationFilter.java:126)
	at org.springframework.security.web.access.ExceptionTranslationFilter.doFilter(ExceptionTranslationFilter.java:120)
	at org.springframework.security.web.FilterChainProxy$VirtualFilterChain.doFilter(FilterChainProxy.java:374)
	at org.springframework.security.web.session.SessionManagementFilter.doFilter(SessionManagementFilter.java:131)
	at org.springframework.security.web.session.SessionManagementFilter.doFilter(SessionManagementFilter.java:85)
	at org.springframework.security.web.FilterChainProxy$VirtualFilterChain.doFilter(FilterChainProxy.java:374)
	at org.springframework.security.web.authentication.AnonymousAuthenticationFilter.doFilter(AnonymousAuthenticationFilter.java:100)
	at org.springframework.security.web.FilterChainProxy$VirtualFilterChain.doFilter(FilterChainProxy.java:374)
	at org.springframework.security.web.servletapi.SecurityContextHolderAwareRequestFilter.doFilter(SecurityContextHolderAwareRequestFilter.java:179)
	at org.springframework.security.web.FilterChainProxy$VirtualFilterChain.doFilter(FilterChainProxy.java:374)
	at org.springframework.security.web.savedrequest.RequestCacheAwareFilter.doFilter(RequestCacheAwareFilter.java:63)
	at org.springframework.security.web.FilterChainProxy$VirtualFilterChain.doFilter(FilterChainProxy.java:374)
	at org.springframework.security.web.authentication.www.BasicAuthenticationFilter.doFilterInternal(BasicAuthenticationFilter.java:181)
	at org.springframework.web.filter.OncePerRequestFilter.doFilter(OncePerRequestFilter.java:116)
	at org.springframework.security.web.FilterChainProxy$VirtualFilterChain.doFilter(FilterChainProxy.java:374)
	at com.example.codedockbackend.security.JwtAuthFilter.doFilterInternal(JwtAuthFilter.java:47)
	at org.springframework.web.filter.OncePerRequestFilter.doFilter(OncePerRequestFilter.java:116)
	at org.springframework.security.web.FilterChainProxy$VirtualFilterChain.doFilter(FilterChainProxy.java:374)
	at org.springframework.security.web.authentication.logout.LogoutFilter.doFilter(LogoutFilter.java:107)
	at org.springframework.security.web.authentication.logout.LogoutFilter.doFilter(LogoutFilter.java:93)
	at org.springframework.security.web.FilterChainProxy$VirtualFilterChain.doFilter(FilterChainProxy.java:374)
	at org.springframework.web.filter.CorsFilter.doFilterInternal(CorsFilter.java:91)
	at org.springframework.web.filter.OncePerRequestFilter.doFilter(OncePerRequestFilter.java:116)
	at org.springframework.security.web.FilterChainProxy$VirtualFilterChain.doFilter(FilterChainProxy.java:374)
	at org.springframework.security.web.header.HeaderWriterFilter.doHeadersAfter(HeaderWriterFilter.java:90)
	at org.springframework.security.web.header.HeaderWriterFilter.doFilterInternal(HeaderWriterFilter.java:75)
	at org.springframework.web.filter.OncePerRequestFilter.doFilter(OncePerRequestFilter.java:116)
	at org.springframework.security.web.FilterChainProxy$VirtualFilterChain.doFilter(FilterChainProxy.java:374)
	at org.springframework.security.web.context.SecurityContextHolderFilter.doFilter(SecurityContextHolderFilter.java:82)
	at org.springframework.security.web.context.SecurityContextHolderFilter.doFilter(SecurityContextHolderFilter.java:69)
	at org.springframework.security.web.FilterChainProxy$VirtualFilterChain.doFilter(FilterChainProxy.java:374)
	at org.springframework.security.web.context.request.async.WebAsyncManagerIntegrationFilter.doFilterInternal(WebAsyncManagerIntegrationFilter.java:62)
	at org.springframework.web.filter.OncePerRequestFilter.doFilter(OncePerRequestFilter.java:116)
	at org.springframework.security.web.FilterChainProxy$VirtualFilterChain.doFilter(FilterChainProxy.java:374)
	at org.springframework.security.web.session.DisableEncodeUrlFilter.doFilterInternal(DisableEncodeUrlFilter.java:42)
	at org.springframework.web.filter.OncePerRequestFilter.doFilter(OncePerRequestFilter.java:116)
	at org.springframework.security.web.FilterChainProxy$VirtualFilterChain.doFilter(FilterChainProxy.java:374)
	at org.springframework.security.web.FilterChainProxy.doFilterInternal(FilterChainProxy.java:233)
	at org.springframework.security.web.FilterChainProxy.doFilter(FilterChainProxy.java:191)
	at org.springframework.web.filter.CompositeFilter$VirtualFilterChain.doFilter(CompositeFilter.java:113)
	at org.springframework.web.servlet.handler.HandlerMappingIntrospector.lambda$createCacheFilter$3(HandlerMappingIntrospector.java:195)
	at org.springframework.web.filter.CompositeFilter$VirtualFilterChain.doFilter(CompositeFilter.java:113)
	at org.springframework.web.filter.CompositeFilter.doFilter(CompositeFilter.java:74)
	at org.springframework.security.config.annotation.web.configuration.WebMvcSecurityConfiguration$CompositeFilterChainProxy.doFilter(WebMvcSecurityConfiguration.java:230)
	at org.springframework.web.filter.DelegatingFilterProxy.invokeDelegate(DelegatingFilterProxy.java:352)
	at org.springframework.web.filter.DelegatingFilterProxy.doFilter(DelegatingFilterProxy.java:268)
	at org.apache.catalina.core.ApplicationFilterChain.internalDoFilter(ApplicationFilterChain.java:164)
	at org.apache.catalina.core.ApplicationFilterChain.doFilter(ApplicationFilterChain.java:140)
	at org.springframework.web.filter.RequestContextFilter.doFilterInternal(RequestContextFilter.java:100)
	at org.springframework.web.filter.OncePerRequestFilter.doFilter(OncePerRequestFilter.java:116)
	at org.apache.catalina.core.ApplicationFilterChain.internalDoFilter(ApplicationFilterChain.java:164)
	at org.apache.catalina.core.ApplicationFilterChain.doFilter(ApplicationFilterChain.java:140)
	at org.springframework.web.filter.FormContentFilter.doFilterInternal(FormContentFilter.java:93)
	at org.springframework.web.filter.OncePerRequestFilter.doFilter(OncePerRequestFilter.java:116)
	at org.apache.catalina.core.ApplicationFilterChain.internalDoFilter(ApplicationFilterChain.java:164)
	at org.apache.catalina.core.ApplicationFilterChain.doFilter(ApplicationFilterChain.java:140)
	at org.springframework.web.filter.CharacterEncodingFilter.doFilterInternal(CharacterEncodingFilter.java:201)
	at org.springframework.web.filter.OncePerRequestFilter.doFilter(OncePerRequestFilter.java:116)
	at org.apache.catalina.core.ApplicationFilterChain.internalDoFilter(ApplicationFilterChain.java:164)
	at org.apache.catalina.core.ApplicationFilterChain.doFilter(ApplicationFilterChain.java:140)
	at org.apache.catalina.core.StandardWrapperValve.invoke(StandardWrapperValve.java:167)
	at org.apache.catalina.core.StandardContextValve.invoke(StandardContextValve.java:90)
	at org.apache.catalina.authenticator.AuthenticatorBase.invoke(AuthenticatorBase.java:483)
	at org.apache.catalina.core.StandardHostValve.invoke(StandardHostValve.java:115)
	at org.apache.catalina.valves.ErrorReportValve.invoke(ErrorReportValve.java:93)
	at org.apache.catalina.core.StandardEngineValve.invoke(StandardEngineValve.java:74)
	at org.apache.catalina.connector.CoyoteAdapter.service(CoyoteAdapter.java:344)
	at org.apache.coyote.http11.Http11Processor.service(Http11Processor.java:384)
	at org.apache.coyote.AbstractProcessorLight.process(AbstractProcessorLight.java:63)
	at org.apache.coyote.AbstractProtocol$ConnectionHandler.process(AbstractProtocol.java:905)
	at org.apache.tomcat.util.net.NioEndpoint$SocketProcessor.doRun(NioEndpoint.java:1741)
	at org.apache.tomcat.util.net.SocketProcessorBase.run(SocketProcessorBase.java:52)
	at org.apache.tomcat.util.threads.ThreadPoolExecutor.runWorker(ThreadPoolExecutor.java:1190)
	at org.apache.tomcat.util.threads.ThreadPoolExecutor$Worker.run(ThreadPoolExecutor.java:659)
	at org.apache.tomcat.util.threads.TaskThread$WrappingRunnable.run(TaskThread.java:63)
	at java.base/java.lang.Thread.run(Thread.java:840)
2025-12-28 11:12:33.736 [http-nio-8080-exec-4] WARN  o.s.w.s.m.m.a.ExceptionHandlerExceptionResolver f811c580-594a-4790-adca-8459c8f20298 - Resolved [java.lang.RuntimeException: Email already exists]
2025-12-28 11:12:33.737 [http-nio-8080-exec-4] INFO  c.e.c.l.RequestResponseLoggingFilter f811c580-594a-4790-adca-8459c8f20298 - HTTP POST /api/users/create | status=500 | duration=8ms | req={"name":"John","email":"john@example.com","password":"123qwe"} | res={"timestamp":"2025-12-28T05:42:33.735049Z","status":500,"error":"Internal Server Error","message":"Email already exists","path":"/api/users/create"}
2025-12-28 11:12:34.326 [http-nio-8080-exec-5] ERROR c.e.c.e.GlobalExceptionHandler c78006bd-a2de-4c03-93fb-969906c1eddb - Unhandled exception for POST /api/users/create
java.lang.RuntimeException: Email already exists
	at com.example.codedockbackend.service.UserService.createUser(UserService.java:21)
	at com.example.codedockbackend.controller.UserController.createUser(UserController.java:21)
	at java.base/jdk.internal.reflect.NativeMethodAccessorImpl.invoke0(Native Method)
	at java.base/jdk.internal.reflect.NativeMethodAccessorImpl.invoke(NativeMethodAccessorImpl.java:77)
	at java.base/jdk.internal.reflect.DelegatingMethodAccessorImpl.invoke(DelegatingMethodAccessorImpl.java:43)
	at java.base/java.lang.reflect.Method.invoke(Method.java:569)
	at org.springframework.web.method.support.InvocableHandlerMethod.doInvoke(InvocableHandlerMethod.java:255)
	at org.springframework.web.method.support.InvocableHandlerMethod.invokeForRequest(InvocableHandlerMethod.java:188)
	at org.springframework.web.servlet.mvc.method.annotation.ServletInvocableHandlerMethod.invokeAndHandle(ServletInvocableHandlerMethod.java:118)
	at org.springframework.web.servlet.mvc.method.annotation.RequestMappingHandlerAdapter.invokeHandlerMethod(RequestMappingHandlerAdapter.java:926)
	at org.springframework.web.servlet.mvc.method.annotation.RequestMappingHandlerAdapter.handleInternal(RequestMappingHandlerAdapter.java:831)
	at org.springframework.web.servlet.mvc.method.AbstractHandlerMethodAdapter.handle(AbstractHandlerMethodAdapter.java:87)
	at org.springframework.web.servlet.DispatcherServlet.doDispatch(DispatcherServlet.java:1089)
	at org.springframework.web.servlet.DispatcherServlet.doService(DispatcherServlet.java:979)
	at org.springframework.web.servlet.FrameworkServlet.processRequest(FrameworkServlet.java:1014)
	at org.springframework.web.servlet.FrameworkServlet.doPost(FrameworkServlet.java:914)
	at jakarta.servlet.http.HttpServlet.service(HttpServlet.java:590)
	at org.springframework.web.servlet.FrameworkServlet.service(FrameworkServlet.java:885)
	at jakarta.servlet.http.HttpServlet.service(HttpServlet.java:658)
	at org.apache.catalina.core.ApplicationFilterChain.internalDoFilter(ApplicationFilterChain.java:195)
	at org.apache.catalina.core.ApplicationFilterChain.doFilter(ApplicationFilterChain.java:140)
	at org.apache.tomcat.websocket.server.WsFilter.doFilter(WsFilter.java:51)
	at org.apache.catalina.core.ApplicationFilterChain.internalDoFilter(ApplicationFilterChain.java:164)
	at org.apache.catalina.core.ApplicationFilterChain.doFilter(ApplicationFilterChain.java:140)
	at org.springframework.web.filter.OncePerRequestFilter.doFilter(OncePerRequestFilter.java:110)
	at org.apache.catalina.core.ApplicationFilterChain.internalDoFilter(ApplicationFilterChain.java:164)
	at org.apache.catalina.core.ApplicationFilterChain.doFilter(ApplicationFilterChain.java:140)
	at com.example.codedockbackend.logging.RequestResponseLoggingFilter.doFilter(RequestResponseLoggingFilter.java:34)
	at org.apache.catalina.core.ApplicationFilterChain.internalDoFilter(ApplicationFilterChain.java:164)
	at org.apache.catalina.core.ApplicationFilterChain.doFilter(ApplicationFilterChain.java:140)
	at com.example.codedockbackend.logging.MdcFilter.doFilter(MdcFilter.java:30)
	at org.apache.catalina.core.ApplicationFilterChain.internalDoFilter(ApplicationFilterChain.java:164)
	at org.apache.catalina.core.ApplicationFilterChain.doFilter(ApplicationFilterChain.java:140)
	at org.springframework.web.filter.CompositeFilter$VirtualFilterChain.doFilter(CompositeFilter.java:108)
	at org.springframework.security.web.FilterChainProxy.lambda$doFilterInternal$3(FilterChainProxy.java:231)
	at org.springframework.security.web.FilterChainProxy$VirtualFilterChain.doFilter(FilterChainProxy.java:365)
	at org.springframework.security.web.access.intercept.AuthorizationFilter.doFilter(AuthorizationFilter.java:100)
	at org.springframework.security.web.FilterChainProxy$VirtualFilterChain.doFilter(FilterChainProxy.java:374)
	at org.springframework.security.web.access.ExceptionTranslationFilter.doFilter(ExceptionTranslationFilter.java:126)
	at org.springframework.security.web.access.ExceptionTranslationFilter.doFilter(ExceptionTranslationFilter.java:120)
	at org.springframework.security.web.FilterChainProxy$VirtualFilterChain.doFilter(FilterChainProxy.java:374)
	at org.springframework.security.web.session.SessionManagementFilter.doFilter(SessionManagementFilter.java:131)
	at org.springframework.security.web.session.SessionManagementFilter.doFilter(SessionManagementFilter.java:85)
	at org.springframework.security.web.FilterChainProxy$VirtualFilterChain.doFilter(FilterChainProxy.java:374)
	at org.springframework.security.web.authentication.AnonymousAuthenticationFilter.doFilter(AnonymousAuthenticationFilter.java:100)
	at org.springframework.security.web.FilterChainProxy$VirtualFilterChain.doFilter(FilterChainProxy.java:374)
	at org.springframework.security.web.servletapi.SecurityContextHolderAwareRequestFilter.doFilter(SecurityContextHolderAwareRequestFilter.java:179)
	at org.springframework.security.web.FilterChainProxy$VirtualFilterChain.doFilter(FilterChainProxy.java:374)
	at org.springframework.security.web.savedrequest.RequestCacheAwareFilter.doFilter(RequestCacheAwareFilter.java:63)
	at org.springframework.security.web.FilterChainProxy$VirtualFilterChain.doFilter(FilterChainProxy.java:374)
	at org.springframework.security.web.authentication.www.BasicAuthenticationFilter.doFilterInternal(BasicAuthenticationFilter.java:181)
	at org.springframework.web.filter.OncePerRequestFilter.doFilter(OncePerRequestFilter.java:116)
	at org.springframework.security.web.FilterChainProxy$VirtualFilterChain.doFilter(FilterChainProxy.java:374)
	at com.example.codedockbackend.security.JwtAuthFilter.doFilterInternal(JwtAuthFilter.java:47)
	at org.springframework.web.filter.OncePerRequestFilter.doFilter(OncePerRequestFilter.java:116)
	at org.springframework.security.web.FilterChainProxy$VirtualFilterChain.doFilter(FilterChainProxy.java:374)
	at org.springframework.security.web.authentication.logout.LogoutFilter.doFilter(LogoutFilter.java:107)
	at org.springframework.security.web.authentication.logout.LogoutFilter.doFilter(LogoutFilter.java:93)
	at org.springframework.security.web.FilterChainProxy$VirtualFilterChain.doFilter(FilterChainProxy.java:374)
	at org.springframework.web.filter.CorsFilter.doFilterInternal(CorsFilter.java:91)
	at org.springframework.web.filter.OncePerRequestFilter.doFilter(OncePerRequestFilter.java:116)
	at org.springframework.security.web.FilterChainProxy$VirtualFilterChain.doFilter(FilterChainProxy.java:374)
	at org.springframework.security.web.header.HeaderWriterFilter.doHeadersAfter(HeaderWriterFilter.java:90)
	at org.springframework.security.web.header.HeaderWriterFilter.doFilterInternal(HeaderWriterFilter.java:75)
	at org.springframework.web.filter.OncePerRequestFilter.doFilter(OncePerRequestFilter.java:116)
	at org.springframework.security.web.FilterChainProxy$VirtualFilterChain.doFilter(FilterChainProxy.java:374)
	at org.springframework.security.web.context.SecurityContextHolderFilter.doFilter(SecurityContextHolderFilter.java:82)
	at org.springframework.security.web.context.SecurityContextHolderFilter.doFilter(SecurityContextHolderFilter.java:69)
	at org.springframework.security.web.FilterChainProxy$VirtualFilterChain.doFilter(FilterChainProxy.java:374)
	at org.springframework.security.web.context.request.async.WebAsyncManagerIntegrationFilter.doFilterInternal(WebAsyncManagerIntegrationFilter.java:62)
	at org.springframework.web.filter.OncePerRequestFilter.doFilter(OncePerRequestFilter.java:116)
	at org.springframework.security.web.FilterChainProxy$VirtualFilterChain.doFilter(FilterChainProxy.java:374)
	at org.springframework.security.web.session.DisableEncodeUrlFilter.doFilterInternal(DisableEncodeUrlFilter.java:42)
	at org.springframework.web.filter.OncePerRequestFilter.doFilter(OncePerRequestFilter.java:116)
	at org.springframework.security.web.FilterChainProxy$VirtualFilterChain.doFilter(FilterChainProxy.java:374)
	at org.springframework.security.web.FilterChainProxy.doFilterInternal(FilterChainProxy.java:233)
	at org.springframework.security.web.FilterChainProxy.doFilter(FilterChainProxy.java:191)
	at org.springframework.web.filter.CompositeFilter$VirtualFilterChain.doFilter(CompositeFilter.java:113)
	at org.springframework.web.servlet.handler.HandlerMappingIntrospector.lambda$createCacheFilter$3(HandlerMappingIntrospector.java:195)
	at org.springframework.web.filter.CompositeFilter$VirtualFilterChain.doFilter(CompositeFilter.java:113)
	at org.springframework.web.filter.CompositeFilter.doFilter(CompositeFilter.java:74)
	at org.springframework.security.config.annotation.web.configuration.WebMvcSecurityConfiguration$CompositeFilterChainProxy.doFilter(WebMvcSecurityConfiguration.java:230)
	at org.springframework.web.filter.DelegatingFilterProxy.invokeDelegate(DelegatingFilterProxy.java:352)
	at org.springframework.web.filter.DelegatingFilterProxy.doFilter(DelegatingFilterProxy.java:268)
	at org.apache.catalina.core.ApplicationFilterChain.internalDoFilter(ApplicationFilterChain.java:164)
	at org.apache.catalina.core.ApplicationFilterChain.doFilter(ApplicationFilterChain.java:140)
	at org.springframework.web.filter.RequestContextFilter.doFilterInternal(RequestContextFilter.java:100)
	at org.springframework.web.filter.OncePerRequestFilter.doFilter(OncePerRequestFilter.java:116)
	at org.apache.catalina.core.ApplicationFilterChain.internalDoFilter(ApplicationFilterChain.java:164)
	at org.apache.catalina.core.ApplicationFilterChain.doFilter(ApplicationFilterChain.java:140)
	at org.springframework.web.filter.FormContentFilter.doFilterInternal(FormContentFilter.java:93)
	at org.springframework.web.filter.OncePerRequestFilter.doFilter(OncePerRequestFilter.java:116)
	at org.apache.catalina.core.ApplicationFilterChain.internalDoFilter(ApplicationFilterChain.java:164)
	at org.apache.catalina.core.ApplicationFilterChain.doFilter(ApplicationFilterChain.java:140)
	at org.springframework.web.filter.CharacterEncodingFilter.doFilterInternal(CharacterEncodingFilter.java:201)
	at org.springframework.web.filter.OncePerRequestFilter.doFilter(OncePerRequestFilter.java:116)
	at org.apache.catalina.core.ApplicationFilterChain.internalDoFilter(ApplicationFilterChain.java:164)
	at org.apache.catalina.core.ApplicationFilterChain.doFilter(ApplicationFilterChain.java:140)
	at org.apache.catalina.core.StandardWrapperValve.invoke(StandardWrapperValve.java:167)
	at org.apache.catalina.core.StandardContextValve.invoke(StandardContextValve.java:90)
	at org.apache.catalina.authenticator.AuthenticatorBase.invoke(AuthenticatorBase.java:483)
	at org.apache.catalina.core.StandardHostValve.invoke(StandardHostValve.java:115)
	at org.apache.catalina.valves.ErrorReportValve.invoke(ErrorReportValve.java:93)
	at org.apache.catalina.core.StandardEngineValve.invoke(StandardEngineValve.java:74)
	at org.apache.catalina.connector.CoyoteAdapter.service(CoyoteAdapter.java:344)
	at org.apache.coyote.http11.Http11Processor.service(Http11Processor.java:384)
	at org.apache.coyote.AbstractProcessorLight.process(AbstractProcessorLight.java:63)
	at org.apache.coyote.AbstractProtocol$ConnectionHandler.process(AbstractProtocol.java:905)
	at org.apache.tomcat.util.net.NioEndpoint$SocketProcessor.doRun(NioEndpoint.java:1741)
	at org.apache.tomcat.util.net.SocketProcessorBase.run(SocketProcessorBase.java:52)
	at org.apache.tomcat.util.threads.ThreadPoolExecutor.runWorker(ThreadPoolExecutor.java:1190)
	at org.apache.tomcat.util.threads.ThreadPoolExecutor$Worker.run(ThreadPoolExecutor.java:659)
	at org.apache.tomcat.util.threads.TaskThread$WrappingRunnable.run(TaskThread.java:63)
	at java.base/java.lang.Thread.run(Thread.java:840)
2025-12-28 11:12:34.326 [http-nio-8080-exec-5] WARN  o.s.w.s.m.m.a.ExceptionHandlerExceptionResolver c78006bd-a2de-4c03-93fb-969906c1eddb - Resolved [java.lang.RuntimeException: Email already exists]
2025-12-28 11:12:34.326 [http-nio-8080-exec-5] INFO  c.e.c.l.RequestResponseLoggingFilter c78006bd-a2de-4c03-93fb-969906c1eddb - HTTP POST /api/users/create | status=500 | duration=2ms | req={"name":"John","email":"john@example.com","password":"123qwe"} | res={"timestamp":"2025-12-28T05:42:34.326170Z","status":500,"error":"Internal Server Error","message":"Email already exists","path":"/api/users/create"}
2025-12-28 11:16:55.504 [HikariPool-1 housekeeper] WARN  com.zaxxer.hikari.pool.HikariPool  - HikariPool-1 - Thread starvation or clock leap detected (housekeeper delta=4m34s477ms).
2025-12-28 11:21:56.813 [HikariPool-1 housekeeper] WARN  com.zaxxer.hikari.pool.HikariPool  - HikariPool-1 - Thread starvation or clock leap detected (housekeeper delta=3m52s777ms).
2025-12-28 11:25:04.251 [HikariPool-1 housekeeper] WARN  com.zaxxer.hikari.pool.HikariPool  - HikariPool-1 - Thread starvation or clock leap detected (housekeeper delta=2m37s426ms).
2025-12-28 11:26:43.691 [HikariPool-1 housekeeper] WARN  com.zaxxer.hikari.pool.HikariPool  - HikariPool-1 - Thread starvation or clock leap detected (housekeeper delta=1m39s441ms).
2025-12-28 11:27:31.473 [HikariPool-1 housekeeper] WARN  com.zaxxer.hikari.pool.HikariPool  - HikariPool-1 - Thread starvation or clock leap detected (housekeeper delta=47s782ms).
2025-12-28 11:28:47.166 [HikariPool-1 housekeeper] WARN  com.zaxxer.hikari.pool.HikariPool  - HikariPool-1 - Thread starvation or clock leap detected (housekeeper delta=1m15s693ms).
2025-12-28 11:30:04.949 [HikariPool-1 housekeeper] WARN  com.zaxxer.hikari.pool.HikariPool  - HikariPool-1 - Thread starvation or clock leap detected (housekeeper delta=47s63ms).
2025-12-28 11:32:51.378 [HikariPool-1 housekeeper] WARN  com.zaxxer.hikari.pool.HikariPool  - HikariPool-1 - Thread starvation or clock leap detected (housekeeper delta=2m46s429ms).
2025-12-28 11:33:43.593 [HikariPool-1 housekeeper] WARN  com.zaxxer.hikari.pool.HikariPool  - HikariPool-1 - Thread starvation or clock leap detected (housekeeper delta=52s215ms).
2025-12-28 11:37:47.179 [HikariPool-1 housekeeper] WARN  com.zaxxer.hikari.pool.HikariPool  - HikariPool-1 - Thread starvation or clock leap detected (housekeeper delta=4m3s586ms).
2025-12-28 11:39:43.649 [HikariPool-1 housekeeper] WARN  com.zaxxer.hikari.pool.HikariPool  - HikariPool-1 - Thread starvation or clock leap detected (housekeeper delta=1m56s470ms).
2025-12-28 11:42:15.991 [HikariPool-1 housekeeper] WARN  com.zaxxer.hikari.pool.HikariPool  - HikariPool-1 - Thread starvation or clock leap detected (housekeeper delta=2m32s342ms).
2025-12-28 11:43:10.864 [HikariPool-1 housekeeper] WARN  com.zaxxer.hikari.pool.HikariPool  - HikariPool-1 - Thread starvation or clock leap detected (housekeeper delta=54s873ms).
2025-12-28 11:47:00.284 [HikariPool-1 housekeeper] WARN  com.zaxxer.hikari.pool.HikariPool  - HikariPool-1 - Thread starvation or clock leap detected (housekeeper delta=3m19s408ms).
2025-12-28 11:49:51.770 [HikariPool-1 housekeeper] WARN  com.zaxxer.hikari.pool.HikariPool  - HikariPool-1 - Thread starvation or clock leap detected (housekeeper delta=2m51s486ms).
2025-12-28 11:51:39.664 [HikariPool-1 housekeeper] WARN  com.zaxxer.hikari.pool.HikariPool  - HikariPool-1 - Thread starvation or clock leap detected (housekeeper delta=1m47s894ms).
2025-12-28 11:54:09.096 [HikariPool-1 housekeeper] WARN  com.zaxxer.hikari.pool.HikariPool  - HikariPool-1 - Thread starvation or clock leap detected (housekeeper delta=2m29s432ms).
2025-12-28 11:56:11.243 [HikariPool-1 housekeeper] WARN  com.zaxxer.hikari.pool.HikariPool  - HikariPool-1 - Thread starvation or clock leap detected (housekeeper delta=2m2s147ms).
2025-12-28 11:57:57.343 [HikariPool-1 housekeeper] WARN  com.zaxxer.hikari.pool.HikariPool  - HikariPool-1 - Thread starvation or clock leap detected (housekeeper delta=1m10s804ms).
2025-12-28 11:59:58.727 [HikariPool-1 housekeeper] WARN  com.zaxxer.hikari.pool.HikariPool  - HikariPool-1 - Thread starvation or clock leap detected (housekeeper delta=2m1s384ms).
2025-12-28 12:02:50.269 [HikariPool-1 housekeeper] WARN  com.zaxxer.hikari.pool.HikariPool  - HikariPool-1 - Thread starvation or clock leap detected (housekeeper delta=2m51s542ms).
2025-12-28 12:03:38.166 [HikariPool-1 housekeeper] WARN  com.zaxxer.hikari.pool.HikariPool  - HikariPool-1 - Thread starvation or clock leap detected (housekeeper delta=47s897ms).
2025-12-28 12:06:14.107 [HikariPool-1 housekeeper] WARN  com.zaxxer.hikari.pool.HikariPool  - HikariPool-1 - Thread starvation or clock leap detected (housekeeper delta=2m35s941ms).
2025-12-28 12:07:29.000 [HikariPool-1 housekeeper] WARN  com.zaxxer.hikari.pool.HikariPool  - HikariPool-1 - Thread starvation or clock leap detected (housekeeper delta=1m14s893ms).
2025-12-28 12:09:14.762 [HikariPool-1 housekeeper] WARN  com.zaxxer.hikari.pool.HikariPool  - HikariPool-1 - Thread starvation or clock leap detected (housekeeper delta=1m45s762ms).
2025-12-28 12:10:25.390 [HikariPool-1 housekeeper] WARN  com.zaxxer.hikari.pool.HikariPool  - HikariPool-1 - Thread starvation or clock leap detected (housekeeper delta=1m10s628ms).
2025-12-28 12:13:55.849 [HikariPool-1 housekeeper] WARN  com.zaxxer.hikari.pool.HikariPool  - HikariPool-1 - Thread starvation or clock leap detected (housekeeper delta=3m30s459ms).
2025-12-28 12:15:07.591 [HikariPool-1 housekeeper] WARN  com.zaxxer.hikari.pool.HikariPool  - HikariPool-1 - Thread starvation or clock leap detected (housekeeper delta=1m11s741ms).
2025-12-28 12:17:25.131 [HikariPool-1 housekeeper] WARN  com.zaxxer.hikari.pool.HikariPool  - HikariPool-1 - Thread starvation or clock leap detected (housekeeper delta=1m11s499ms).
2025-12-28 12:19:47.614 [HikariPool-1 housekeeper] WARN  com.zaxxer.hikari.pool.HikariPool  - HikariPool-1 - Thread starvation or clock leap detected (housekeeper delta=2m22s482ms).
2025-12-28 12:21:03.667 [HikariPool-1 housekeeper] WARN  com.zaxxer.hikari.pool.HikariPool  - HikariPool-1 - Thread starvation or clock leap detected (housekeeper delta=1m16s54ms).
2025-12-28 12:25:16.441 [HikariPool-1 housekeeper] WARN  com.zaxxer.hikari.pool.HikariPool  - HikariPool-1 - Thread starvation or clock leap detected (housekeeper delta=3m35s977ms).
2025-12-28 12:26:04.072 [HikariPool-1 housekeeper] WARN  com.zaxxer.hikari.pool.HikariPool  - HikariPool-1 - Thread starvation or clock leap detected (housekeeper delta=47s632ms).
2025-12-28 12:28:40.012 [HikariPool-1 housekeeper] WARN  com.zaxxer.hikari.pool.HikariPool  - HikariPool-1 - Thread starvation or clock leap detected (housekeeper delta=2m5s394ms).
2025-12-28 12:32:11.424 [HikariPool-1 housekeeper] WARN  com.zaxxer.hikari.pool.HikariPool  - HikariPool-1 - Thread starvation or clock leap detected (housekeeper delta=3m31s412ms).
2025-12-28 12:33:57.281 [HikariPool-1 housekeeper] WARN  com.zaxxer.hikari.pool.HikariPool  - HikariPool-1 - Thread starvation or clock leap detected (housekeeper delta=1m15s855ms).
2025-12-28 12:37:21.537 [HikariPool-1 housekeeper] WARN  com.zaxxer.hikari.pool.HikariPool  - HikariPool-1 - Thread starvation or clock leap detected (housekeeper delta=3m24s255ms).
2025-12-28 12:38:17.126 [HikariPool-1 housekeeper] WARN  com.zaxxer.hikari.pool.HikariPool  - HikariPool-1 - Thread starvation or clock leap detected (housekeeper delta=55s589ms).
2025-12-28 12:41:26.299 [HikariPool-1 housekeeper] WARN  com.zaxxer.hikari.pool.HikariPool  - HikariPool-1 - Thread starvation or clock leap detected (housekeeper delta=3m9s174ms).
2025-12-28 12:43:24.880 [HikariPool-1 housekeeper] WARN  com.zaxxer.hikari.pool.HikariPool  - HikariPool-1 - Thread starvation or clock leap detected (housekeeper delta=1m58s581ms).
2025-12-28 12:44:23.061 [HikariPool-1 housekeeper] WARN  com.zaxxer.hikari.pool.HikariPool  - HikariPool-1 - Thread starvation or clock leap detected (housekeeper delta=58s181ms).
2025-12-28 12:48:31.739 [HikariPool-1 housekeeper] WARN  com.zaxxer.hikari.pool.HikariPool  - HikariPool-1 - Thread starvation or clock leap detected (housekeeper delta=4m8s678ms).
2025-12-28 12:50:40.100 [HikariPool-1 housekeeper] WARN  com.zaxxer.hikari.pool.HikariPool  - HikariPool-1 - Thread starvation or clock leap detected (housekeeper delta=1m38s351ms).
2025-12-28 12:52:12.661 [HikariPool-1 housekeeper] WARN  com.zaxxer.hikari.pool.HikariPool  - HikariPool-1 - Thread starvation or clock leap detected (housekeeper delta=1m32s562ms).
2025-12-28 12:56:22.998 [HikariPool-1 housekeeper] WARN  com.zaxxer.hikari.pool.HikariPool  - HikariPool-1 - Thread starvation or clock leap detected (housekeeper delta=4m10s337ms).
2025-12-28 12:57:31.819 [HikariPool-1 housekeeper] WARN  com.zaxxer.hikari.pool.HikariPool  - HikariPool-1 - Thread starvation or clock leap detected (housekeeper delta=1m8s821ms).
2025-12-28 12:59:02.821 [HikariPool-1 housekeeper] WARN  com.zaxxer.hikari.pool.HikariPool  - HikariPool-1 - Thread starvation or clock leap detected (housekeeper delta=1m31s2ms).
2025-12-28 13:01:39.349 [HikariPool-1 housekeeper] WARN  com.zaxxer.hikari.pool.HikariPool  - HikariPool-1 - Thread starvation or clock leap detected (housekeeper delta=2m36s528ms).
2025-12-28 13:04:04.420 [HikariPool-1 housekeeper] WARN  com.zaxxer.hikari.pool.HikariPool  - HikariPool-1 - Thread starvation or clock leap detected (housekeeper delta=1m51s122ms).
2025-12-28 13:05:17.874 [HikariPool-1 housekeeper] WARN  com.zaxxer.hikari.pool.HikariPool  - HikariPool-1 - Thread starvation or clock leap detected (housekeeper delta=1m13s454ms).
2025-12-28 13:07:04.044 [HikariPool-1 housekeeper] WARN  com.zaxxer.hikari.pool.HikariPool  - HikariPool-1 - Thread starvation or clock leap detected (housekeeper delta=1m46s170ms).
2025-12-28 13:07:55.164 [HikariPool-1 housekeeper] WARN  com.zaxxer.hikari.pool.HikariPool  - HikariPool-1 - Thread starvation or clock leap detected (housekeeper delta=51s120ms).
2025-12-28 13:12:45.484 [HikariPool-1 housekeeper] WARN  com.zaxxer.hikari.pool.HikariPool  - HikariPool-1 - Thread starvation or clock leap detected (housekeeper delta=4m20s310ms).
2025-12-28 13:14:50.858 [HikariPool-1 housekeeper] WARN  com.zaxxer.hikari.pool.HikariPool  - HikariPool-1 - Thread starvation or clock leap detected (housekeeper delta=2m5s374ms).
2025-12-28 13:16:50.847 [HikariPool-1 housekeeper] WARN  com.zaxxer.hikari.pool.HikariPool  - HikariPool-1 - Thread starvation or clock leap detected (housekeeper delta=1m59s989ms).
2025-12-28 13:20:38.068 [HikariPool-1 housekeeper] WARN  com.zaxxer.hikari.pool.HikariPool  - HikariPool-1 - Thread starvation or clock leap detected (housekeeper delta=3m47s221ms).
2025-12-28 13:22:48.846 [HikariPool-1 housekeeper] WARN  com.zaxxer.hikari.pool.HikariPool  - HikariPool-1 - Thread starvation or clock leap detected (housekeeper delta=1m40s606ms).
2025-12-28 13:26:43.879 [HikariPool-1 housekeeper] WARN  com.zaxxer.hikari.pool.HikariPool  - HikariPool-1 - Thread starvation or clock leap detected (housekeeper delta=3m55s33ms).
2025-12-28 13:28:29.296 [HikariPool-1 housekeeper] WARN  com.zaxxer.hikari.pool.HikariPool  - HikariPool-1 - Thread starvation or clock leap detected (housekeeper delta=1m45s417ms).
2025-12-28 13:30:41.892 [HikariPool-1 housekeeper] WARN  com.zaxxer.hikari.pool.HikariPool  - HikariPool-1 - Thread starvation or clock leap detected (housekeeper delta=2m12s596ms).
2025-12-28 13:34:37.915 [HikariPool-1 housekeeper] WARN  com.zaxxer.hikari.pool.HikariPool  - HikariPool-1 - Thread starvation or clock leap detected (housekeeper delta=3m56s23ms).
2025-12-28 13:36:28.221 [HikariPool-1 housekeeper] WARN  com.zaxxer.hikari.pool.HikariPool  - HikariPool-1 - Thread starvation or clock leap detected (housekeeper delta=1m18s926ms).
2025-12-28 13:39:26.319 [HikariPool-1 housekeeper] WARN  com.zaxxer.hikari.pool.HikariPool  - HikariPool-1 - Thread starvation or clock leap detected (housekeeper delta=2m28s86ms).
2025-12-28 13:41:16.393 [HikariPool-1 housekeeper] WARN  com.zaxxer.hikari.pool.HikariPool  - HikariPool-1 - Thread starvation or clock leap detected (housekeeper delta=1m50s74ms).
2025-12-28 13:42:45.256 [HikariPool-1 housekeeper] WARN  com.zaxxer.hikari.pool.HikariPool  - HikariPool-1 - Thread starvation or clock leap detected (housekeeper delta=1m28s863ms).
2025-12-28 13:43:44.186 [HikariPool-1 housekeeper] WARN  com.zaxxer.hikari.pool.HikariPool  - HikariPool-1 - Thread starvation or clock leap detected (housekeeper delta=58s930ms).
2025-12-28 13:46:19.965 [HikariPool-1 housekeeper] WARN  com.zaxxer.hikari.pool.HikariPool  - HikariPool-1 - Thread starvation or clock leap detected (housekeeper delta=2m35s779ms).
2025-12-28 13:51:14.681 [HikariPool-1 housekeeper] WARN  com.zaxxer.hikari.pool.HikariPool  - HikariPool-1 - Thread starvation or clock leap detected (housekeeper delta=3m40s192ms).
2025-12-28 13:53:02.480 [HikariPool-1 housekeeper] WARN  com.zaxxer.hikari.pool.HikariPool  - HikariPool-1 - Thread starvation or clock leap detected (housekeeper delta=1m47s798ms).
2025-12-28 13:53:48.086 [HikariPool-1 housekeeper] WARN  com.zaxxer.hikari.pool.HikariPool  - HikariPool-1 - Thread starvation or clock leap detected (housekeeper delta=45s607ms).
2025-12-28 13:54:48.441 [HikariPool-1 housekeeper] WARN  com.zaxxer.hikari.pool.HikariPool  - HikariPool-1 - Thread starvation or clock leap detected (housekeeper delta=1m355ms).
2025-12-28 13:57:19.296 [HikariPool-1 housekeeper] WARN  com.zaxxer.hikari.pool.HikariPool  - HikariPool-1 - Thread starvation or clock leap detected (housekeeper delta=2m30s855ms).
2025-12-28 13:58:07.101 [HikariPool-1 housekeeper] WARN  com.zaxxer.hikari.pool.HikariPool  - HikariPool-1 - Thread starvation or clock leap detected (housekeeper delta=47s805ms).
2025-12-28 14:00:16.047 [HikariPool-1 housekeeper] WARN  com.zaxxer.hikari.pool.HikariPool  - HikariPool-1 - Thread starvation or clock leap detected (housekeeper delta=2m8s946ms).
2025-12-28 14:03:07.391 [HikariPool-1 housekeeper] WARN  com.zaxxer.hikari.pool.HikariPool  - HikariPool-1 - Thread starvation or clock leap detected (housekeeper delta=2m51s344ms).
2025-12-28 14:08:51.548 [HikariPool-1 housekeeper] WARN  com.zaxxer.hikari.pool.HikariPool  - HikariPool-1 - Thread starvation or clock leap detected (housekeeper delta=5m8s667ms).
2025-12-28 14:11:20.975 [HikariPool-1 housekeeper] WARN  com.zaxxer.hikari.pool.HikariPool  - HikariPool-1 - Thread starvation or clock leap detected (housekeeper delta=2m29s427ms).
2025-12-28 14:12:13.779 [HikariPool-1 housekeeper] WARN  com.zaxxer.hikari.pool.HikariPool  - HikariPool-1 - Thread starvation or clock leap detected (housekeeper delta=52s804ms).
2025-12-28 14:13:54.883 [HikariPool-1 housekeeper] WARN  com.zaxxer.hikari.pool.HikariPool  - HikariPool-1 - Thread starvation or clock leap detected (housekeeper delta=1m41s103ms).
2025-12-28 14:15:21.918 [HikariPool-1 housekeeper] WARN  com.zaxxer.hikari.pool.HikariPool  - HikariPool-1 - Thread starvation or clock leap detected (housekeeper delta=1m27s36ms).
2025-12-28 14:16:31.930 [HikariPool-1 housekeeper] WARN  com.zaxxer.hikari.pool.HikariPool  - HikariPool-1 - Thread starvation or clock leap detected (housekeeper delta=1m10s12ms).
2025-12-28 14:18:25.995 [HikariPool-1 housekeeper] WARN  com.zaxxer.hikari.pool.HikariPool  - HikariPool-1 - Thread starvation or clock leap detected (housekeeper delta=1m54s65ms).
2025-12-28 14:20:50.191 [HikariPool-1 housekeeper] WARN  com.zaxxer.hikari.pool.HikariPool  - HikariPool-1 - Thread starvation or clock leap detected (housekeeper delta=2m24s196ms).
2025-12-28 14:22:45.279 [HikariPool-1 housekeeper] WARN  com.zaxxer.hikari.pool.HikariPool  - HikariPool-1 - Thread starvation or clock leap detected (housekeeper delta=1m55s88ms).
2025-12-28 14:29:28.602 [HikariPool-1 housekeeper] WARN  com.zaxxer.hikari.pool.HikariPool  - HikariPool-1 - Thread starvation or clock leap detected (housekeeper delta=6m13s314ms).
2025-12-28 14:30:50.489 [HikariPool-1 housekeeper] WARN  com.zaxxer.hikari.pool.HikariPool  - HikariPool-1 - Thread starvation or clock leap detected (housekeeper delta=1m21s887ms).
2025-12-28 14:32:14.504 [HikariPool-1 housekeeper] WARN  com.zaxxer.hikari.pool.HikariPool  - HikariPool-1 - Thread starvation or clock leap detected (housekeeper delta=53s249ms).
2025-12-28 14:38:48.273 [HikariPool-1 housekeeper] WARN  com.zaxxer.hikari.pool.HikariPool  - HikariPool-1 - Thread starvation or clock leap detected (housekeeper delta=6m33s769ms).
2025-12-28 14:43:56.792 [HikariPool-1 housekeeper] WARN  com.zaxxer.hikari.pool.HikariPool  - HikariPool-1 - Thread starvation or clock leap detected (housekeeper delta=5m8s519ms).
2025-12-28 14:46:25.811 [HikariPool-1 housekeeper] WARN  com.zaxxer.hikari.pool.HikariPool  - HikariPool-1 - Thread starvation or clock leap detected (housekeeper delta=2m29s19ms).
2025-12-28 14:49:20.441 [HikariPool-1 housekeeper] WARN  com.zaxxer.hikari.pool.HikariPool  - HikariPool-1 - Thread starvation or clock leap detected (housekeeper delta=2m24s619ms).
2025-12-28 15:01:07.755 [HikariPool-1 housekeeper] WARN  com.zaxxer.hikari.pool.HikariPool  - HikariPool-1 - Thread starvation or clock leap detected (housekeeper delta=11m47s314ms).
2025-12-28 15:13:26.944 [HikariPool-1 housekeeper] WARN  com.zaxxer.hikari.pool.HikariPool  - HikariPool-1 - Thread starvation or clock leap detected (housekeeper delta=12m19s189ms).
2025-12-28 15:17:33.837 [HikariPool-1 housekeeper] WARN  com.zaxxer.hikari.pool.HikariPool  - HikariPool-1 - Thread starvation or clock leap detected (housekeeper delta=3m36s206ms).
2025-12-28 15:18:52.847 [HikariPool-1 housekeeper] WARN  com.zaxxer.hikari.pool.HikariPool  - HikariPool-1 - Thread starvation or clock leap detected (housekeeper delta=1m19s10ms).
2025-12-28 15:19:46.640 [HikariPool-1 housekeeper] WARN  com.zaxxer.hikari.pool.HikariPool  - HikariPool-1 - Thread starvation or clock leap detected (housekeeper delta=53s793ms).
2025-12-28 15:21:50.113 [HikariPool-1 housekeeper] WARN  com.zaxxer.hikari.pool.HikariPool  - HikariPool-1 - Thread starvation or clock leap detected (housekeeper delta=1m33s464ms).
2025-12-28 15:23:35.869 [HikariPool-1 housekeeper] WARN  com.zaxxer.hikari.pool.HikariPool  - HikariPool-1 - Thread starvation or clock leap detected (housekeeper delta=1m45s755ms).
2025-12-28 15:24:24.452 [HikariPool-1 housekeeper] WARN  com.zaxxer.hikari.pool.HikariPool  - HikariPool-1 - Thread starvation or clock leap detected (housekeeper delta=48s584ms).
2025-12-28 15:25:11.146 [HikariPool-1 housekeeper] WARN  com.zaxxer.hikari.pool.HikariPool  - HikariPool-1 - Thread starvation or clock leap detected (housekeeper delta=46s694ms).
2025-12-28 15:29:14.096 [HikariPool-1 housekeeper] WARN  com.zaxxer.hikari.pool.HikariPool  - HikariPool-1 - Thread starvation or clock leap detected (housekeeper delta=4m2s950ms).
2025-12-28 15:30:22.115 [HikariPool-1 housekeeper] WARN  com.zaxxer.hikari.pool.HikariPool  - HikariPool-1 - Thread starvation or clock leap detected (housekeeper delta=1m8s19ms).
2025-12-28 15:31:25.143 [HikariPool-1 housekeeper] WARN  com.zaxxer.hikari.pool.HikariPool  - HikariPool-1 - Thread starvation or clock leap detected (housekeeper delta=1m3s28ms).
2025-12-28 15:32:49.601 [HikariPool-1 housekeeper] WARN  com.zaxxer.hikari.pool.HikariPool  - HikariPool-1 - Thread starvation or clock leap detected (housekeeper delta=1m24s458ms).
2025-12-28 15:35:22.412 [HikariPool-1 housekeeper] WARN  com.zaxxer.hikari.pool.HikariPool  - HikariPool-1 - Thread starvation or clock leap detected (housekeeper delta=2m32s811ms).
2025-12-28 15:37:51.222 [HikariPool-1 housekeeper] WARN  com.zaxxer.hikari.pool.HikariPool  - HikariPool-1 - Thread starvation or clock leap detected (housekeeper delta=2m28s809ms).
2025-12-28 15:40:58.190 [HikariPool-1 housekeeper] WARN  com.zaxxer.hikari.pool.HikariPool  - HikariPool-1 - Thread starvation or clock leap detected (housekeeper delta=2m3s954ms).
2025-12-28 15:43:10.447 [HikariPool-1 housekeeper] WARN  com.zaxxer.hikari.pool.HikariPool  - HikariPool-1 - Thread starvation or clock leap detected (housekeeper delta=2m12s256ms).
2025-12-28 15:44:05.309 [HikariPool-1 housekeeper] WARN  com.zaxxer.hikari.pool.HikariPool  - HikariPool-1 - Thread starvation or clock leap detected (housekeeper delta=54s863ms).
2025-12-28 15:45:35.742 [HikariPool-1 housekeeper] WARN  com.zaxxer.hikari.pool.HikariPool  - HikariPool-1 - Thread starvation or clock leap detected (housekeeper delta=1m426ms).
2025-12-28 15:46:30.633 [HikariPool-1 housekeeper] WARN  com.zaxxer.hikari.pool.HikariPool  - HikariPool-1 - Thread starvation or clock leap detected (housekeeper delta=54s891ms).
2025-12-28 15:52:28.358 [HikariPool-1 housekeeper] WARN  com.zaxxer.hikari.pool.HikariPool  - HikariPool-1 - Thread starvation or clock leap detected (housekeeper delta=5m57s725ms).
2025-12-28 15:55:36.180 [HikariPool-1 housekeeper] WARN  com.zaxxer.hikari.pool.HikariPool  - HikariPool-1 - Thread starvation or clock leap detected (housekeeper delta=1m21s512ms).
2025-12-28 15:59:12.799 [HikariPool-1 housekeeper] WARN  com.zaxxer.hikari.pool.HikariPool  - HikariPool-1 - Thread starvation or clock leap detected (housekeeper delta=3m6s613ms).
2025-12-28 16:04:00.011 [HikariPool-1 housekeeper] WARN  com.zaxxer.hikari.pool.HikariPool  - HikariPool-1 - Thread starvation or clock leap detected (housekeeper delta=4m47s212ms).
2025-12-28 16:06:14.455 [HikariPool-1 housekeeper] WARN  com.zaxxer.hikari.pool.HikariPool  - HikariPool-1 - Thread starvation or clock leap detected (housekeeper delta=2m14s444ms).
2025-12-28 16:07:29.354 [HikariPool-1 housekeeper] WARN  com.zaxxer.hikari.pool.HikariPool  - HikariPool-1 - Thread starvation or clock leap detected (housekeeper delta=1m14s899ms).
2025-12-28 16:10:04.943 [HikariPool-1 housekeeper] WARN  com.zaxxer.hikari.pool.HikariPool  - HikariPool-1 - Thread starvation or clock leap detected (housekeeper delta=46s389ms).
2025-12-28 16:14:51.994 [HikariPool-1 housekeeper] WARN  com.zaxxer.hikari.pool.HikariPool  - HikariPool-1 - Thread starvation or clock leap detected (housekeeper delta=4m47s51ms).
2025-12-28 16:28:26.926 [HikariPool-1 housekeeper] WARN  com.zaxxer.hikari.pool.HikariPool  - HikariPool-1 - Thread starvation or clock leap detected (housekeeper delta=13m34s932ms).
2025-12-28 16:30:32.442 [HikariPool-1 housekeeper] WARN  com.zaxxer.hikari.pool.HikariPool  - HikariPool-1 - Thread starvation or clock leap detected (housekeeper delta=2m5s516ms).
2025-12-28 17:15:50.166 [HikariPool-1 housekeeper] WARN  com.zaxxer.hikari.pool.HikariPool  - HikariPool-1 - Thread starvation or clock leap detected (housekeeper delta=45m17s724ms).
2025-12-28 17:48:50.820 [HikariPool-1 housekeeper] WARN  com.zaxxer.hikari.pool.HikariPool  - HikariPool-1 - Thread starvation or clock leap detected (housekeeper delta=33m654ms).
2025-12-28 18:48:48.510 [HikariPool-1 housekeeper] WARN  com.zaxxer.hikari.pool.HikariPool  - HikariPool-1 - Thread starvation or clock leap detected (housekeeper delta=59m57s690ms).
2025-12-28 19:30:19.755 [HikariPool-1 housekeeper] WARN  com.zaxxer.hikari.pool.HikariPool  - HikariPool-1 - Thread starvation or clock leap detected (housekeeper delta=41m31s245ms).
2025-12-28 20:28:35.487 [HikariPool-1 housekeeper] WARN  com.zaxxer.hikari.pool.HikariPool  - HikariPool-1 - Thread starvation or clock leap detected (housekeeper delta=2m15s326ms).
2025-12-28 20:32:28.592 [HikariPool-1 housekeeper] WARN  com.zaxxer.hikari.pool.HikariPool  - HikariPool-1 - Thread starvation or clock leap detected (housekeeper delta=53s80ms).
2025-12-28 20:42:03.628 [HikariPool-1 housekeeper] WARN  com.zaxxer.hikari.pool.HikariPool  - HikariPool-1 - Thread starvation or clock leap detected (housekeeper delta=5m34s999ms).
2025-12-28 20:47:45.121 [HikariPool-1 housekeeper] WARN  com.zaxxer.hikari.pool.HikariPool  - HikariPool-1 - Thread starvation or clock leap detected (housekeeper delta=5m41s493ms).
2025-12-28 21:31:51.190 [HikariPool-1 housekeeper] WARN  com.zaxxer.hikari.pool.HikariPool  - HikariPool-1 - Thread starvation or clock leap detected (housekeeper delta=15m35s837ms).
2025-12-28 21:47:54.167 [HikariPool-1 housekeeper] WARN  com.zaxxer.hikari.pool.HikariPool  - HikariPool-1 - Thread starvation or clock leap detected (housekeeper delta=15m32s927ms).
2025-12-28 21:58:22.111 [HikariPool-1 housekeeper] WARN  com.zaxxer.hikari.pool.HikariPool  - HikariPool-1 - Thread starvation or clock leap detected (housekeeper delta=10m27s944ms).
2025-12-28 22:01:21.239 [HikariPool-1 housekeeper] WARN  com.zaxxer.hikari.pool.HikariPool  - HikariPool-1 - Thread starvation or clock leap detected (housekeeper delta=2m28s458ms).
2025-12-28 22:03:03.500 [HikariPool-1 housekeeper] WARN  com.zaxxer.hikari.pool.HikariPool  - HikariPool-1 - Thread starvation or clock leap detected (housekeeper delta=1m42s262ms).
2025-12-28 22:05:16.365 [HikariPool-1 housekeeper] WARN  com.zaxxer.hikari.pool.HikariPool  - HikariPool-1 - Thread starvation or clock leap detected (housekeeper delta=1m42s847ms).
2025-12-28 22:08:39.378 [HikariPool-1 housekeeper] WARN  com.zaxxer.hikari.pool.HikariPool  - HikariPool-1 - Thread starvation or clock leap detected (housekeeper delta=3m23s13ms).
2025-12-28 22:13:22.847 [HikariPool-1 housekeeper] WARN  com.zaxxer.hikari.pool.HikariPool  - HikariPool-1 - Thread starvation or clock leap detected (housekeeper delta=4m43s469ms).
2025-12-28 22:25:45.849 [HikariPool-1 housekeeper] WARN  com.zaxxer.hikari.pool.HikariPool  - HikariPool-1 - Thread starvation or clock leap detected (housekeeper delta=11m52s994ms).
2025-12-28 22:26:59.047 [HikariPool-1 housekeeper] WARN  com.zaxxer.hikari.pool.HikariPool  - HikariPool-1 - Thread starvation or clock leap detected (housekeeper delta=1m13s198ms).
2025-12-28 22:28:03.851 [HikariPool-1 housekeeper] WARN  com.zaxxer.hikari.pool.HikariPool  - HikariPool-1 - Thread starvation or clock leap detected (housekeeper delta=1m4s804ms).
2025-12-28 22:30:07.232 [HikariPool-1 housekeeper] WARN  com.zaxxer.hikari.pool.HikariPool  - HikariPool-1 - Thread starvation or clock leap detected (housekeeper delta=1m33s369ms).
2025-12-28 22:32:09.321 [HikariPool-1 housekeeper] WARN  com.zaxxer.hikari.pool.HikariPool  - HikariPool-1 - Thread starvation or clock leap detected (housekeeper delta=2m2s90ms).
2025-12-28 22:34:19.715 [HikariPool-1 housekeeper] WARN  com.zaxxer.hikari.pool.HikariPool  - HikariPool-1 - Thread starvation or clock leap detected (housekeeper delta=2m10s394ms).
2025-12-28 22:36:33.795 [HikariPool-1 housekeeper] WARN  com.zaxxer.hikari.pool.HikariPool  - HikariPool-1 - Thread starvation or clock leap detected (housekeeper delta=2m14s80ms).
2025-12-28 22:38:29.558 [HikariPool-1 housekeeper] WARN  com.zaxxer.hikari.pool.HikariPool  - HikariPool-1 - Thread starvation or clock leap detected (housekeeper delta=1m55s763ms).
2025-12-28 22:41:07.650 [HikariPool-1 housekeeper] WARN  com.zaxxer.hikari.pool.HikariPool  - HikariPool-1 - Thread starvation or clock leap detected (housekeeper delta=2m38s92ms).
2025-12-28 22:43:39.259 [HikariPool-1 housekeeper] WARN  com.zaxxer.hikari.pool.HikariPool  - HikariPool-1 - Thread starvation or clock leap detected (housekeeper delta=2m31s609ms).
2025-12-28 22:47:09.353 [HikariPool-1 housekeeper] WARN  com.zaxxer.hikari.pool.HikariPool  - HikariPool-1 - Thread starvation or clock leap detected (housekeeper delta=2m49s97ms).
2025-12-28 22:51:52.640 [HikariPool-1 housekeeper] WARN  com.zaxxer.hikari.pool.HikariPool  - HikariPool-1 - Thread starvation or clock leap detected (housekeeper delta=4m43s287ms).
2025-12-28 22:54:11.041 [HikariPool-1 housekeeper] WARN  com.zaxxer.hikari.pool.HikariPool  - HikariPool-1 - Thread starvation or clock leap detected (housekeeper delta=54s766ms).
2025-12-28 22:55:15.511 [HikariPool-1 housekeeper] WARN  com.zaxxer.hikari.pool.HikariPool  - HikariPool-1 - Thread starvation or clock leap detected (housekeeper delta=1m4s470ms).
2025-12-28 22:59:16.594 [HikariPool-1 housekeeper] WARN  com.zaxxer.hikari.pool.HikariPool  - HikariPool-1 - Thread starvation or clock leap detected (housekeeper delta=4m1s83ms).
2025-12-28 23:01:14.311 [HikariPool-1 housekeeper] WARN  com.zaxxer.hikari.pool.HikariPool  - HikariPool-1 - Thread starvation or clock leap detected (housekeeper delta=1m57s717ms).
2025-12-28 23:02:06.826 [HikariPool-1 housekeeper] WARN  com.zaxxer.hikari.pool.HikariPool  - HikariPool-1 - Thread starvation or clock leap detected (housekeeper delta=52s514ms).
2025-12-28 23:02:51.838 [HikariPool-1 housekeeper] WARN  com.zaxxer.hikari.pool.HikariPool  - HikariPool-1 - Thread starvation or clock leap detected (housekeeper delta=45s13ms).
2025-12-28 23:03:39.491 [HikariPool-1 housekeeper] WARN  com.zaxxer.hikari.pool.HikariPool  - HikariPool-1 - Thread starvation or clock leap detected (housekeeper delta=47s653ms).
2025-12-28 23:05:19.029 [HikariPool-1 housekeeper] WARN  com.zaxxer.hikari.pool.HikariPool  - HikariPool-1 - Thread starvation or clock leap detected (housekeeper delta=1m39s538ms).
2025-12-28 23:06:28.715 [HikariPool-1 housekeeper] WARN  com.zaxxer.hikari.pool.HikariPool  - HikariPool-1 - Thread starvation or clock leap detected (housekeeper delta=1m9s686ms).
2025-12-28 23:07:17.402 [HikariPool-1 housekeeper] WARN  com.zaxxer.hikari.pool.HikariPool  - HikariPool-1 - Thread starvation or clock leap detected (housekeeper delta=48s687ms).
2025-12-28 23:10:54.874 [HikariPool-1 housekeeper] WARN  com.zaxxer.hikari.pool.HikariPool  - HikariPool-1 - Thread starvation or clock leap detected (housekeeper delta=3m37s472ms).
2025-12-28 23:14:31.843 [HikariPool-1 housekeeper] WARN  com.zaxxer.hikari.pool.HikariPool  - HikariPool-1 - Thread starvation or clock leap detected (housekeeper delta=3m1s899ms).
2025-12-28 23:17:38.040 [HikariPool-1 housekeeper] WARN  com.zaxxer.hikari.pool.HikariPool  - HikariPool-1 - Thread starvation or clock leap detected (housekeeper delta=3m6s197ms).
2025-12-28 23:19:18.219 [HikariPool-1 housekeeper] WARN  com.zaxxer.hikari.pool.HikariPool  - HikariPool-1 - Thread starvation or clock leap detected (housekeeper delta=1m40s179ms).
2025-12-28 23:22:15.696 [HikariPool-1 housekeeper] WARN  com.zaxxer.hikari.pool.HikariPool  - HikariPool-1 - Thread starvation or clock leap detected (housekeeper delta=2m15s130ms).
2025-12-28 23:25:35.575 [HikariPool-1 housekeeper] WARN  com.zaxxer.hikari.pool.HikariPool  - HikariPool-1 - Thread starvation or clock leap detected (housekeeper delta=3m19s879ms).
2025-12-28 23:27:42.962 [HikariPool-1 housekeeper] WARN  com.zaxxer.hikari.pool.HikariPool  - HikariPool-1 - Thread starvation or clock leap detected (housekeeper delta=2m7s387ms).
2025-12-28 23:30:19.969 [HikariPool-1 housekeeper] WARN  com.zaxxer.hikari.pool.HikariPool  - HikariPool-1 - Thread starvation or clock leap detected (housekeeper delta=2m37s7ms).
2025-12-28 23:31:26.133 [HikariPool-1 housekeeper] WARN  com.zaxxer.hikari.pool.HikariPool  - HikariPool-1 - Thread starvation or clock leap detected (housekeeper delta=1m6s164ms).
2025-12-28 23:32:18.082 [HikariPool-1 housekeeper] WARN  com.zaxxer.hikari.pool.HikariPool  - HikariPool-1 - Thread starvation or clock leap detected (housekeeper delta=51s949ms).
2025-12-28 23:33:18.321 [HikariPool-1 housekeeper] WARN  com.zaxxer.hikari.pool.HikariPool  - HikariPool-1 - Thread starvation or clock leap detected (housekeeper delta=1m239ms).
2025-12-28 23:38:58.544 [HikariPool-1 housekeeper] WARN  com.zaxxer.hikari.pool.HikariPool  - HikariPool-1 - Thread starvation or clock leap detected (housekeeper delta=5m40s222ms).
2025-12-28 23:40:20.323 [HikariPool-1 housekeeper] WARN  com.zaxxer.hikari.pool.HikariPool  - HikariPool-1 - Thread starvation or clock leap detected (housekeeper delta=1m21s780ms).
2025-12-28 23:41:20.905 [HikariPool-1 housekeeper] WARN  com.zaxxer.hikari.pool.HikariPool  - HikariPool-1 - Thread starvation or clock leap detected (housekeeper delta=1m582ms).
2025-12-28 23:42:42.806 [HikariPool-1 housekeeper] WARN  com.zaxxer.hikari.pool.HikariPool  - HikariPool-1 - Thread starvation or clock leap detected (housekeeper delta=1m21s901ms).
2025-12-28 23:43:59.217 [HikariPool-1 housekeeper] WARN  com.zaxxer.hikari.pool.HikariPool  - HikariPool-1 - Thread starvation or clock leap detected (housekeeper delta=1m16s411ms).
2025-12-28 23:46:04.746 [HikariPool-1 housekeeper] WARN  com.zaxxer.hikari.pool.HikariPool  - HikariPool-1 - Thread starvation or clock leap detected (housekeeper delta=2m5s529ms).
2025-12-28 23:49:46.305 [HikariPool-1 housekeeper] WARN  com.zaxxer.hikari.pool.HikariPool  - HikariPool-1 - Thread starvation or clock leap detected (housekeeper delta=3m11s206ms).
2025-12-28 23:50:32.617 [HikariPool-1 housekeeper] WARN  com.zaxxer.hikari.pool.HikariPool  - HikariPool-1 - Thread starvation or clock leap detected (housekeeper delta=46s312ms).
2025-12-28 23:53:47.346 [HikariPool-1 housekeeper] WARN  com.zaxxer.hikari.pool.HikariPool  - HikariPool-1 - Thread starvation or clock leap detected (housekeeper delta=3m14s729ms).
2025-12-28 23:57:42.227 [HikariPool-1 housekeeper] WARN  com.zaxxer.hikari.pool.HikariPool  - HikariPool-1 - Thread starvation or clock leap detected (housekeeper delta=3m24s872ms).
2025-12-28 23:59:32.073 [HikariPool-1 housekeeper] WARN  com.zaxxer.hikari.pool.HikariPool  - HikariPool-1 - Thread starvation or clock leap detected (housekeeper delta=1m49s846ms).
