<<<<<<< Updated upstream
2026-03-27 20:59:16.570 [background-preinit] INFO  o.h.validator.internal.util.Version  - HV000001: Hibernate Validator 8.0.1.Final
2026-03-27 20:59:16.605 [restartedMain] INFO  c.e.c.CodedockBackendApplication  - Starting CodedockBackendApplication using Java 17.0.18 with PID 8264 (C:\Users\karti\OneDrive\Documents\HavinCode\codedock-backend\target\classes started by karti in C:\Users\karti\OneDrive\Documents\HavinCode\codedock-backend)
2026-03-27 20:59:16.605 [restartedMain] DEBUG c.e.c.CodedockBackendApplication  - Running with Spring Boot v3.3.4, Spring v6.1.13
2026-03-27 20:59:16.606 [restartedMain] INFO  c.e.c.CodedockBackendApplication  - No active profile set, falling back to 1 default profile: "default"
2026-03-27 20:59:17.731 [restartedMain] DEBUG c.e.c.security.JwtAuthFilter  - Filter 'jwtAuthFilter' configured for use
2026-03-27 20:59:17.811 [restartedMain] INFO  o.h.jpa.internal.util.LogHelper  - HHH000204: Processing PersistenceUnitInfo [name: default]
2026-03-27 20:59:17.860 [restartedMain] INFO  org.hibernate.Version  - HHH000412: Hibernate ORM core version 6.5.3.Final
2026-03-27 20:59:17.899 [restartedMain] INFO  o.h.c.i.RegionFactoryInitiator  - HHH000026: Second-level cache disabled
2026-03-27 20:59:19.381 [restartedMain] INFO  o.h.e.t.j.p.i.JtaPlatformInitiator  - HHH000489: No JTA platform available (set 'hibernate.transaction.jta.platform' to enable JTA platform integration)
2026-03-27 20:59:20.223 [restartedMain] INFO  c.e.c.CodedockBackendApplication  - Started CodedockBackendApplication in 4.214 seconds (process running for 5.002)
2026-03-27 20:59:39.064 [http-nio-8080-exec-3] INFO  c.e.c.l.RequestResponseLoggingFilter 68fbd3ed-626e-41e9-954d-7dc3c1edb6b1 - HTTP POST /api/auth/login | status=200 | duration=797ms | req={
     "email": "kartiksantwani5@gmail.com",
  "password": "NewPassword123"
} | res={"token":"eyJhbGciOiJIUzI1NiJ9.eyJzdWIiOiJrYXJ0aWtzYW50d2FuaTVAZ21haWwuY29tIiwiaWF0IjoxNzc0NjI1Mzc4LCJleHAiOjE3NzQ3MTE3Nzh9.SDwGZ9jApvdh0ONNz2UKIO2qzH-fkXtIGUrIdypn9Vg"}
=======
2026-03-27 08:24:45.240 [background-preinit] INFO  o.h.validator.internal.util.Version  - HV000001: Hibernate Validator 8.0.1.Final
2026-03-27 08:24:45.284 [restartedMain] INFO  c.e.c.CodedockBackendApplication  - Starting CodedockBackendApplication using Java 17.0.18 with PID 8096 (C:\Users\karti\OneDrive\Documents\HavinCode\codedock-backend\target\classes started by karti in C:\Users\karti\OneDrive\Documents\HavinCode\codedock-backend)
2026-03-27 08:24:45.285 [restartedMain] DEBUG c.e.c.CodedockBackendApplication  - Running with Spring Boot v3.3.4, Spring v6.1.13
2026-03-27 08:24:45.285 [restartedMain] INFO  c.e.c.CodedockBackendApplication  - No active profile set, falling back to 1 default profile: "default"
2026-03-27 08:24:47.072 [restartedMain] DEBUG c.e.c.security.JwtAuthFilter  - Filter 'jwtAuthFilter' configured for use
2026-03-27 08:24:47.181 [restartedMain] INFO  o.h.jpa.internal.util.LogHelper  - HHH000204: Processing PersistenceUnitInfo [name: default]
2026-03-27 08:24:47.263 [restartedMain] INFO  org.hibernate.Version  - HHH000412: Hibernate ORM core version 6.5.3.Final
2026-03-27 08:24:47.337 [restartedMain] INFO  o.h.c.i.RegionFactoryInitiator  - HHH000026: Second-level cache disabled
2026-03-27 08:24:48.840 [restartedMain] INFO  o.h.e.t.j.p.i.JtaPlatformInitiator  - HHH000489: No JTA platform available (set 'hibernate.transaction.jta.platform' to enable JTA platform integration)
2026-03-27 08:24:49.779 [restartedMain] INFO  c.e.c.CodedockBackendApplication  - Started CodedockBackendApplication in 5.059 seconds (process running for 8.763)
2026-03-27 09:18:04.483 [background-preinit] INFO  o.h.validator.internal.util.Version  - HV000001: Hibernate Validator 8.0.1.Final
2026-03-27 09:18:04.521 [restartedMain] INFO  c.e.c.CodedockBackendApplication  - Starting CodedockBackendApplication using Java 17.0.18 with PID 33084 (C:\Users\karti\OneDrive\Documents\HavinCode\codedock-backend\target\classes started by karti in C:\Users\karti\OneDrive\Documents\HavinCode\codedock-backend)
2026-03-27 09:18:04.521 [restartedMain] DEBUG c.e.c.CodedockBackendApplication  - Running with Spring Boot v3.3.4, Spring v6.1.13
2026-03-27 09:18:04.521 [restartedMain] INFO  c.e.c.CodedockBackendApplication  - No active profile set, falling back to 1 default profile: "default"
2026-03-27 09:18:05.765 [restartedMain] DEBUG c.e.c.security.JwtAuthFilter  - Filter 'jwtAuthFilter' configured for use
2026-03-27 09:18:05.845 [restartedMain] INFO  o.h.jpa.internal.util.LogHelper  - HHH000204: Processing PersistenceUnitInfo [name: default]
2026-03-27 09:18:05.902 [restartedMain] INFO  org.hibernate.Version  - HHH000412: Hibernate ORM core version 6.5.3.Final
2026-03-27 09:18:05.935 [restartedMain] INFO  o.h.c.i.RegionFactoryInitiator  - HHH000026: Second-level cache disabled
2026-03-27 09:18:07.210 [restartedMain] INFO  o.h.e.t.j.p.i.JtaPlatformInitiator  - HHH000489: No JTA platform available (set 'hibernate.transaction.jta.platform' to enable JTA platform integration)
2026-03-27 09:18:08.107 [restartedMain] INFO  c.e.c.CodedockBackendApplication  - Started CodedockBackendApplication in 4.104 seconds (process running for 4.776)
2026-03-27 16:59:37.336 [background-preinit] INFO  o.h.validator.internal.util.Version  - HV000001: Hibernate Validator 8.0.1.Final
2026-03-27 16:59:37.386 [restartedMain] INFO  c.e.c.CodedockBackendApplication  - Starting CodedockBackendApplication using Java 17.0.18 with PID 6728 (C:\Users\karti\OneDrive\Documents\HavinCode\codedock-backend\target\classes started by karti in C:\Users\karti\OneDrive\Documents\HavinCode\codedock-backend)
2026-03-27 16:59:37.387 [restartedMain] DEBUG c.e.c.CodedockBackendApplication  - Running with Spring Boot v3.3.4, Spring v6.1.13
2026-03-27 16:59:37.388 [restartedMain] INFO  c.e.c.CodedockBackendApplication  - No active profile set, falling back to 1 default profile: "default"
2026-03-27 16:59:38.905 [restartedMain] DEBUG c.e.c.security.JwtAuthFilter  - Filter 'jwtAuthFilter' configured for use
2026-03-27 16:59:38.996 [restartedMain] INFO  o.h.jpa.internal.util.LogHelper  - HHH000204: Processing PersistenceUnitInfo [name: default]
2026-03-27 16:59:39.090 [restartedMain] INFO  org.hibernate.Version  - HHH000412: Hibernate ORM core version 6.5.3.Final
2026-03-27 16:59:39.177 [restartedMain] INFO  o.h.c.i.RegionFactoryInitiator  - HHH000026: Second-level cache disabled
2026-03-27 16:59:40.708 [restartedMain] INFO  o.h.e.t.j.p.i.JtaPlatformInitiator  - HHH000489: No JTA platform available (set 'hibernate.transaction.jta.platform' to enable JTA platform integration)
2026-03-27 16:59:41.772 [restartedMain] INFO  c.e.c.CodedockBackendApplication  - Started CodedockBackendApplication in 4.963 seconds (process running for 9.194)
2026-03-27 17:00:19.386 [http-nio-8080-exec-3] INFO  c.e.c.l.RequestResponseLoggingFilter 81024dbe-419e-4133-9434-3563f52e3b32 - HTTP POST /api/auth/forgot-password | status=200 | duration=496ms | req={
  "email": "test@example.com"
} | res={"message":"Reset link sent if email exists"}
2026-03-27 17:04:58.517 [restartedMain] INFO  c.e.c.CodedockBackendApplication  - Starting CodedockBackendApplication using Java 17.0.18 with PID 6728 (C:\Users\karti\OneDrive\Documents\HavinCode\codedock-backend\target\classes started by karti in C:\Users\karti\OneDrive\Documents\HavinCode\codedock-backend)
2026-03-27 17:04:58.518 [restartedMain] DEBUG c.e.c.CodedockBackendApplication  - Running with Spring Boot v3.3.4, Spring v6.1.13
2026-03-27 17:04:58.518 [restartedMain] INFO  c.e.c.CodedockBackendApplication  - No active profile set, falling back to 1 default profile: "default"
2026-03-27 17:04:58.868 [restartedMain] DEBUG c.e.c.security.JwtAuthFilter  - Filter 'jwtAuthFilter' configured for use
2026-03-27 17:04:58.889 [restartedMain] INFO  o.h.jpa.internal.util.LogHelper  - HHH000204: Processing PersistenceUnitInfo [name: default]
2026-03-27 17:04:58.891 [restartedMain] INFO  o.h.c.i.RegionFactoryInitiator  - HHH000026: Second-level cache disabled
2026-03-27 17:04:58.997 [restartedMain] INFO  o.h.e.t.j.p.i.JtaPlatformInitiator  - HHH000489: No JTA platform available (set 'hibernate.transaction.jta.platform' to enable JTA platform integration)
2026-03-27 17:04:59.287 [restartedMain] INFO  c.e.c.CodedockBackendApplication  - Started CodedockBackendApplication in 0.794 seconds (process running for 326.709)
2026-03-27 17:05:04.097 [background-preinit] INFO  o.h.validator.internal.util.Version  - HV000001: Hibernate Validator 8.0.1.Final
2026-03-27 17:05:04.130 [restartedMain] INFO  c.e.c.CodedockBackendApplication  - Starting CodedockBackendApplication using Java 17.0.18 with PID 8676 (C:\Users\karti\OneDrive\Documents\HavinCode\codedock-backend\target\classes started by karti in C:\Users\karti\OneDrive\Documents\HavinCode\codedock-backend)
2026-03-27 17:05:04.130 [restartedMain] DEBUG c.e.c.CodedockBackendApplication  - Running with Spring Boot v3.3.4, Spring v6.1.13
2026-03-27 17:05:04.131 [restartedMain] INFO  c.e.c.CodedockBackendApplication  - No active profile set, falling back to 1 default profile: "default"
2026-03-27 17:05:05.473 [restartedMain] DEBUG c.e.c.security.JwtAuthFilter  - Filter 'jwtAuthFilter' configured for use
2026-03-27 17:05:05.559 [restartedMain] INFO  o.h.jpa.internal.util.LogHelper  - HHH000204: Processing PersistenceUnitInfo [name: default]
2026-03-27 17:05:05.603 [restartedMain] INFO  org.hibernate.Version  - HHH000412: Hibernate ORM core version 6.5.3.Final
2026-03-27 17:05:05.634 [restartedMain] INFO  o.h.c.i.RegionFactoryInitiator  - HHH000026: Second-level cache disabled
2026-03-27 17:05:06.885 [restartedMain] INFO  o.h.e.t.j.p.i.JtaPlatformInitiator  - HHH000489: No JTA platform available (set 'hibernate.transaction.jta.platform' to enable JTA platform integration)
2026-03-27 17:05:07.701 [restartedMain] INFO  c.e.c.CodedockBackendApplication  - Started CodedockBackendApplication in 4.001 seconds (process running for 4.63)
2026-03-27 17:05:15.934 [http-nio-8080-exec-2] INFO  c.e.c.l.RequestResponseLoggingFilter 89f23d63-087c-43cb-b6c2-4f26c869e6de - HTTP POST /api/auth/forgot-password | status=200 | duration=530ms | req={
  "email": "test@example.com"
} | res={"message":"Reset link sent if email exists"}
2026-03-27 17:06:10.423 [background-preinit] INFO  o.h.validator.internal.util.Version  - HV000001: Hibernate Validator 8.0.1.Final
2026-03-27 17:06:10.457 [restartedMain] INFO  c.e.c.CodedockBackendApplication  - Starting CodedockBackendApplication using Java 17.0.18 with PID 35816 (C:\Users\karti\OneDrive\Documents\HavinCode\codedock-backend\target\classes started by karti in C:\Users\karti\OneDrive\Documents\HavinCode\codedock-backend)
2026-03-27 17:06:10.457 [restartedMain] DEBUG c.e.c.CodedockBackendApplication  - Running with Spring Boot v3.3.4, Spring v6.1.13
2026-03-27 17:06:10.458 [restartedMain] INFO  c.e.c.CodedockBackendApplication  - No active profile set, falling back to 1 default profile: "default"
2026-03-27 17:06:11.704 [restartedMain] DEBUG c.e.c.security.JwtAuthFilter  - Filter 'jwtAuthFilter' configured for use
2026-03-27 17:06:11.789 [restartedMain] INFO  o.h.jpa.internal.util.LogHelper  - HHH000204: Processing PersistenceUnitInfo [name: default]
2026-03-27 17:06:11.855 [restartedMain] INFO  org.hibernate.Version  - HHH000412: Hibernate ORM core version 6.5.3.Final
2026-03-27 17:06:11.885 [restartedMain] INFO  o.h.c.i.RegionFactoryInitiator  - HHH000026: Second-level cache disabled
2026-03-27 17:06:13.152 [restartedMain] INFO  o.h.e.t.j.p.i.JtaPlatformInitiator  - HHH000489: No JTA platform available (set 'hibernate.transaction.jta.platform' to enable JTA platform integration)
2026-03-27 17:06:14.095 [restartedMain] INFO  c.e.c.CodedockBackendApplication  - Started CodedockBackendApplication in 4.147 seconds (process running for 4.847)
2026-03-27 17:06:28.123 [http-nio-8080-exec-1] INFO  c.e.c.l.RequestResponseLoggingFilter b6cd16a6-5dca-4f90-ab3d-07d9cf0ce6ae - HTTP POST /api/auth/forgot-password | status=200 | duration=558ms | req={
  "email": "test@example.com"
} | res={"message":"Reset link sent if email exists"}
2026-03-27 17:08:34.315 [restartedMain] INFO  c.e.c.CodedockBackendApplication  - Starting CodedockBackendApplication using Java 17.0.18 with PID 35816 (C:\Users\karti\OneDrive\Documents\HavinCode\codedock-backend\target\classes started by karti in C:\Users\karti\OneDrive\Documents\HavinCode\codedock-backend)
2026-03-27 17:08:34.315 [restartedMain] DEBUG c.e.c.CodedockBackendApplication  - Running with Spring Boot v3.3.4, Spring v6.1.13
2026-03-27 17:08:34.315 [restartedMain] INFO  c.e.c.CodedockBackendApplication  - No active profile set, falling back to 1 default profile: "default"
2026-03-27 17:08:34.716 [restartedMain] DEBUG c.e.c.security.JwtAuthFilter  - Filter 'jwtAuthFilter' configured for use
2026-03-27 17:08:34.745 [restartedMain] INFO  o.h.jpa.internal.util.LogHelper  - HHH000204: Processing PersistenceUnitInfo [name: default]
2026-03-27 17:08:34.748 [restartedMain] INFO  o.h.c.i.RegionFactoryInitiator  - HHH000026: Second-level cache disabled
2026-03-27 17:08:34.882 [restartedMain] INFO  o.h.e.t.j.p.i.JtaPlatformInitiator  - HHH000489: No JTA platform available (set 'hibernate.transaction.jta.platform' to enable JTA platform integration)
2026-03-27 17:08:35.142 [restartedMain] INFO  c.e.c.CodedockBackendApplication  - Started CodedockBackendApplication in 0.858 seconds (process running for 145.893)
2026-03-27 17:08:40.735 [background-preinit] INFO  o.h.validator.internal.util.Version  - HV000001: Hibernate Validator 8.0.1.Final
2026-03-27 17:08:40.780 [restartedMain] INFO  c.e.c.CodedockBackendApplication  - Starting CodedockBackendApplication using Java 17.0.18 with PID 36436 (C:\Users\karti\OneDrive\Documents\HavinCode\codedock-backend\target\classes started by karti in C:\Users\karti\OneDrive\Documents\HavinCode\codedock-backend)
2026-03-27 17:08:40.780 [restartedMain] DEBUG c.e.c.CodedockBackendApplication  - Running with Spring Boot v3.3.4, Spring v6.1.13
2026-03-27 17:08:40.781 [restartedMain] INFO  c.e.c.CodedockBackendApplication  - No active profile set, falling back to 1 default profile: "default"
2026-03-27 17:08:42.355 [restartedMain] DEBUG c.e.c.security.JwtAuthFilter  - Filter 'jwtAuthFilter' configured for use
2026-03-27 17:08:42.445 [restartedMain] INFO  o.h.jpa.internal.util.LogHelper  - HHH000204: Processing PersistenceUnitInfo [name: default]
2026-03-27 17:08:42.488 [restartedMain] INFO  org.hibernate.Version  - HHH000412: Hibernate ORM core version 6.5.3.Final
2026-03-27 17:08:42.515 [restartedMain] INFO  o.h.c.i.RegionFactoryInitiator  - HHH000026: Second-level cache disabled
2026-03-27 17:08:43.946 [restartedMain] INFO  o.h.e.t.j.p.i.JtaPlatformInitiator  - HHH000489: No JTA platform available (set 'hibernate.transaction.jta.platform' to enable JTA platform integration)
2026-03-27 17:08:44.853 [restartedMain] INFO  c.e.c.CodedockBackendApplication  - Started CodedockBackendApplication in 4.592 seconds (process running for 5.293)
2026-03-27 17:08:50.274 [http-nio-8080-exec-1] INFO  c.e.c.l.RequestResponseLoggingFilter 46c4af60-7e43-4eb5-9413-db6e5422e7dc - HTTP POST /api/auth/forgot-password | status=200 | duration=454ms | req={
  "email": "test@example.com"
} | res={"message":"Reset link sent if email exists"}
2026-03-27 17:42:40.267 [HikariPool-1 housekeeper] WARN  com.zaxxer.hikari.pool.HikariPool  - HikariPool-1 - Thread starvation or clock leap detected (housekeeper delta=23m56s985ms811µs700ns).
2026-03-27 17:45:41.547 [http-nio-8080-exec-4] ERROR c.e.c.e.GlobalExceptionHandler 0a50b84a-65a3-4e2c-8d02-61b2e5963152 - Unhandled exception for GET /api/auth/forgot-password
org.springframework.web.HttpRequestMethodNotSupportedException: Request method 'GET' is not supported
	at org.springframework.web.servlet.mvc.method.RequestMappingInfoHandlerMapping.handleNoMatch(RequestMappingInfoHandlerMapping.java:267)
	at org.springframework.web.servlet.handler.AbstractHandlerMethodMapping.lookupHandlerMethod(AbstractHandlerMethodMapping.java:441)
	at org.springframework.web.servlet.handler.AbstractHandlerMethodMapping.getHandlerInternal(AbstractHandlerMethodMapping.java:382)
	at org.springframework.web.servlet.mvc.method.RequestMappingInfoHandlerMapping.getHandlerInternal(RequestMappingInfoHandlerMapping.java:127)
	at org.springframework.web.servlet.mvc.method.RequestMappingInfoHandlerMapping.getHandlerInternal(RequestMappingInfoHandlerMapping.java:68)
	at org.springframework.web.servlet.handler.AbstractHandlerMapping.getHandler(AbstractHandlerMapping.java:507)
	at org.springframework.web.servlet.DispatcherServlet.getHandler(DispatcherServlet.java:1284)
	at org.springframework.web.servlet.DispatcherServlet.doDispatch(DispatcherServlet.java:1065)
	at org.springframework.web.servlet.DispatcherServlet.doService(DispatcherServlet.java:979)
	at org.springframework.web.servlet.FrameworkServlet.processRequest(FrameworkServlet.java:1014)
	at org.springframework.web.servlet.FrameworkServlet.doGet(FrameworkServlet.java:903)
	at jakarta.servlet.http.HttpServlet.service(HttpServlet.java:564)
	at org.springframework.web.servlet.FrameworkServlet.service(FrameworkServlet.java:885)
	at jakarta.servlet.http.HttpServlet.service(HttpServlet.java:658)
	at org.apache.catalina.core.ApplicationFilterChain.internalDoFilter(ApplicationFilterChain.java:195)
	at org.apache.catalina.core.ApplicationFilterChain.doFilter(ApplicationFilterChain.java:140)
	at org.apache.tomcat.websocket.server.WsFilter.doFilter(WsFilter.java:51)
	at org.apache.catalina.core.ApplicationFilterChain.internalDoFilter(ApplicationFilterChain.java:164)
	at org.apache.catalina.core.ApplicationFilterChain.doFilter(ApplicationFilterChain.java:140)
	at org.springframework.web.filter.OncePerRequestFilter.doFilter(OncePerRequestFilter.java:110)
	at org.apache.catalina.core.ApplicationFilterChain.internalDoFilter(ApplicationFilterChain.java:164)
	at org.apache.catalina.core.ApplicationFilterChain.doFilter(ApplicationFilterChain.java:140)
	at com.example.codedockbackend.logging.RequestResponseLoggingFilter.doFilter(RequestResponseLoggingFilter.java:34)
	at org.apache.catalina.core.ApplicationFilterChain.internalDoFilter(ApplicationFilterChain.java:164)
	at org.apache.catalina.core.ApplicationFilterChain.doFilter(ApplicationFilterChain.java:140)
	at com.example.codedockbackend.logging.MdcFilter.doFilter(MdcFilter.java:30)
	at org.apache.catalina.core.ApplicationFilterChain.internalDoFilter(ApplicationFilterChain.java:164)
	at org.apache.catalina.core.ApplicationFilterChain.doFilter(ApplicationFilterChain.java:140)
	at org.springframework.web.filter.CompositeFilter$VirtualFilterChain.doFilter(CompositeFilter.java:108)
	at org.springframework.security.web.FilterChainProxy.lambda$doFilterInternal$3(FilterChainProxy.java:231)
	at org.springframework.security.web.FilterChainProxy$VirtualFilterChain.doFilter(FilterChainProxy.java:365)
	at org.springframework.security.web.access.intercept.AuthorizationFilter.doFilter(AuthorizationFilter.java:100)
	at org.springframework.security.web.FilterChainProxy$VirtualFilterChain.doFilter(FilterChainProxy.java:374)
	at org.springframework.security.web.access.ExceptionTranslationFilter.doFilter(ExceptionTranslationFilter.java:126)
	at org.springframework.security.web.access.ExceptionTranslationFilter.doFilter(ExceptionTranslationFilter.java:120)
	at org.springframework.security.web.FilterChainProxy$VirtualFilterChain.doFilter(FilterChainProxy.java:374)
	at org.springframework.security.web.session.SessionManagementFilter.doFilter(SessionManagementFilter.java:131)
	at org.springframework.security.web.session.SessionManagementFilter.doFilter(SessionManagementFilter.java:85)
	at org.springframework.security.web.FilterChainProxy$VirtualFilterChain.doFilter(FilterChainProxy.java:374)
	at org.springframework.security.web.authentication.AnonymousAuthenticationFilter.doFilter(AnonymousAuthenticationFilter.java:100)
	at org.springframework.security.web.FilterChainProxy$VirtualFilterChain.doFilter(FilterChainProxy.java:374)
	at org.springframework.security.web.servletapi.SecurityContextHolderAwareRequestFilter.doFilter(SecurityContextHolderAwareRequestFilter.java:179)
	at org.springframework.security.web.FilterChainProxy$VirtualFilterChain.doFilter(FilterChainProxy.java:374)
	at org.springframework.security.web.savedrequest.RequestCacheAwareFilter.doFilter(RequestCacheAwareFilter.java:63)
	at org.springframework.security.web.FilterChainProxy$VirtualFilterChain.doFilter(FilterChainProxy.java:374)
	at org.springframework.security.web.authentication.www.BasicAuthenticationFilter.doFilterInternal(BasicAuthenticationFilter.java:181)
	at org.springframework.web.filter.OncePerRequestFilter.doFilter(OncePerRequestFilter.java:116)
	at org.springframework.security.web.FilterChainProxy$VirtualFilterChain.doFilter(FilterChainProxy.java:374)
	at com.example.codedockbackend.security.JwtAuthFilter.doFilterInternal(JwtAuthFilter.java:47)
	at org.springframework.web.filter.OncePerRequestFilter.doFilter(OncePerRequestFilter.java:116)
	at org.springframework.security.web.FilterChainProxy$VirtualFilterChain.doFilter(FilterChainProxy.java:374)
	at org.springframework.security.web.authentication.logout.LogoutFilter.doFilter(LogoutFilter.java:107)
	at org.springframework.security.web.authentication.logout.LogoutFilter.doFilter(LogoutFilter.java:93)
	at org.springframework.security.web.FilterChainProxy$VirtualFilterChain.doFilter(FilterChainProxy.java:374)
	at org.springframework.web.filter.CorsFilter.doFilterInternal(CorsFilter.java:91)
	at org.springframework.web.filter.OncePerRequestFilter.doFilter(OncePerRequestFilter.java:116)
	at org.springframework.security.web.FilterChainProxy$VirtualFilterChain.doFilter(FilterChainProxy.java:374)
	at org.springframework.security.web.header.HeaderWriterFilter.doHeadersAfter(HeaderWriterFilter.java:90)
	at org.springframework.security.web.header.HeaderWriterFilter.doFilterInternal(HeaderWriterFilter.java:75)
	at org.springframework.web.filter.OncePerRequestFilter.doFilter(OncePerRequestFilter.java:116)
	at org.springframework.security.web.FilterChainProxy$VirtualFilterChain.doFilter(FilterChainProxy.java:374)
	at org.springframework.security.web.context.SecurityContextHolderFilter.doFilter(SecurityContextHolderFilter.java:82)
	at org.springframework.security.web.context.SecurityContextHolderFilter.doFilter(SecurityContextHolderFilter.java:69)
	at org.springframework.security.web.FilterChainProxy$VirtualFilterChain.doFilter(FilterChainProxy.java:374)
	at org.springframework.security.web.context.request.async.WebAsyncManagerIntegrationFilter.doFilterInternal(WebAsyncManagerIntegrationFilter.java:62)
	at org.springframework.web.filter.OncePerRequestFilter.doFilter(OncePerRequestFilter.java:116)
	at org.springframework.security.web.FilterChainProxy$VirtualFilterChain.doFilter(FilterChainProxy.java:374)
	at org.springframework.security.web.session.DisableEncodeUrlFilter.doFilterInternal(DisableEncodeUrlFilter.java:42)
	at org.springframework.web.filter.OncePerRequestFilter.doFilter(OncePerRequestFilter.java:116)
	at org.springframework.security.web.FilterChainProxy$VirtualFilterChain.doFilter(FilterChainProxy.java:374)
	at org.springframework.security.web.FilterChainProxy.doFilterInternal(FilterChainProxy.java:233)
	at org.springframework.security.web.FilterChainProxy.doFilter(FilterChainProxy.java:191)
	at org.springframework.web.filter.CompositeFilter$VirtualFilterChain.doFilter(CompositeFilter.java:113)
	at org.springframework.web.servlet.handler.HandlerMappingIntrospector.lambda$createCacheFilter$3(HandlerMappingIntrospector.java:195)
	at org.springframework.web.filter.CompositeFilter$VirtualFilterChain.doFilter(CompositeFilter.java:113)
	at org.springframework.web.filter.CompositeFilter.doFilter(CompositeFilter.java:74)
	at org.springframework.security.config.annotation.web.configuration.WebMvcSecurityConfiguration$CompositeFilterChainProxy.doFilter(WebMvcSecurityConfiguration.java:230)
	at org.springframework.web.filter.DelegatingFilterProxy.invokeDelegate(DelegatingFilterProxy.java:352)
	at org.springframework.web.filter.DelegatingFilterProxy.doFilter(DelegatingFilterProxy.java:268)
	at org.apache.catalina.core.ApplicationFilterChain.internalDoFilter(ApplicationFilterChain.java:164)
	at org.apache.catalina.core.ApplicationFilterChain.doFilter(ApplicationFilterChain.java:140)
	at org.springframework.web.filter.RequestContextFilter.doFilterInternal(RequestContextFilter.java:100)
	at org.springframework.web.filter.OncePerRequestFilter.doFilter(OncePerRequestFilter.java:116)
	at org.apache.catalina.core.ApplicationFilterChain.internalDoFilter(ApplicationFilterChain.java:164)
	at org.apache.catalina.core.ApplicationFilterChain.doFilter(ApplicationFilterChain.java:140)
	at org.springframework.web.filter.FormContentFilter.doFilterInternal(FormContentFilter.java:93)
	at org.springframework.web.filter.OncePerRequestFilter.doFilter(OncePerRequestFilter.java:116)
	at org.apache.catalina.core.ApplicationFilterChain.internalDoFilter(ApplicationFilterChain.java:164)
	at org.apache.catalina.core.ApplicationFilterChain.doFilter(ApplicationFilterChain.java:140)
	at org.springframework.web.filter.CharacterEncodingFilter.doFilterInternal(CharacterEncodingFilter.java:201)
	at org.springframework.web.filter.OncePerRequestFilter.doFilter(OncePerRequestFilter.java:116)
	at org.apache.catalina.core.ApplicationFilterChain.internalDoFilter(ApplicationFilterChain.java:164)
	at org.apache.catalina.core.ApplicationFilterChain.doFilter(ApplicationFilterChain.java:140)
	at org.apache.catalina.core.StandardWrapperValve.invoke(StandardWrapperValve.java:167)
	at org.apache.catalina.core.StandardContextValve.invoke(StandardContextValve.java:90)
	at org.apache.catalina.authenticator.AuthenticatorBase.invoke(AuthenticatorBase.java:483)
	at org.apache.catalina.core.StandardHostValve.invoke(StandardHostValve.java:115)
	at org.apache.catalina.valves.ErrorReportValve.invoke(ErrorReportValve.java:93)
	at org.apache.catalina.core.StandardEngineValve.invoke(StandardEngineValve.java:74)
	at org.apache.catalina.connector.CoyoteAdapter.service(CoyoteAdapter.java:344)
	at org.apache.coyote.http11.Http11Processor.service(Http11Processor.java:384)
	at org.apache.coyote.AbstractProcessorLight.process(AbstractProcessorLight.java:63)
	at org.apache.coyote.AbstractProtocol$ConnectionHandler.process(AbstractProtocol.java:905)
	at org.apache.tomcat.util.net.NioEndpoint$SocketProcessor.doRun(NioEndpoint.java:1741)
	at org.apache.tomcat.util.net.SocketProcessorBase.run(SocketProcessorBase.java:52)
	at org.apache.tomcat.util.threads.ThreadPoolExecutor.runWorker(ThreadPoolExecutor.java:1190)
	at org.apache.tomcat.util.threads.ThreadPoolExecutor$Worker.run(ThreadPoolExecutor.java:659)
	at org.apache.tomcat.util.threads.TaskThread$WrappingRunnable.run(TaskThread.java:63)
	at java.base/java.lang.Thread.run(Thread.java:840)
2026-03-27 17:45:41.631 [http-nio-8080-exec-4] WARN  o.s.w.s.m.m.a.ExceptionHandlerExceptionResolver 0a50b84a-65a3-4e2c-8d02-61b2e5963152 - Resolved [org.springframework.web.HttpRequestMethodNotSupportedException: Request method 'GET' is not supported]
2026-03-27 17:45:41.632 [http-nio-8080-exec-4] INFO  c.e.c.l.RequestResponseLoggingFilter 0a50b84a-65a3-4e2c-8d02-61b2e5963152 - HTTP GET /api/auth/forgot-password | status=500 | duration=93ms | req= | res={"timestamp":"2026-03-27T12:15:41.547374Z","status":500,"error":"Internal Server Error","message":"Request method 'GET' is not supported","path":"/api/auth/forgot-password"}
2026-03-27 17:54:19.745 [restartedMain] INFO  c.e.c.CodedockBackendApplication  - Starting CodedockBackendApplication using Java 17.0.18 with PID 36436 (C:\Users\karti\OneDrive\Documents\HavinCode\codedock-backend\target\classes started by karti in C:\Users\karti\OneDrive\Documents\HavinCode\codedock-backend)
2026-03-27 17:54:19.747 [restartedMain] DEBUG c.e.c.CodedockBackendApplication  - Running with Spring Boot v3.3.4, Spring v6.1.13
2026-03-27 17:54:19.747 [restartedMain] INFO  c.e.c.CodedockBackendApplication  - No active profile set, falling back to 1 default profile: "default"
2026-03-27 17:54:20.712 [restartedMain] WARN  o.s.b.w.s.c.AnnotationConfigServletWebServerApplicationContext  - Exception encountered during context initialization - cancelling refresh attempt: org.springframework.beans.factory.CannotLoadBeanClassException: Cannot find class [com.example.codedockbackend.controller.AuthController] for bean with name 'authController' defined in file [C:\Users\karti\OneDrive\Documents\HavinCode\codedock-backend\target\classes\com\example\codedockbackend\controller\AuthController.class]
2026-03-27 17:54:20.810 [restartedMain] ERROR o.s.boot.SpringApplication  - Application run failed
org.springframework.beans.factory.CannotLoadBeanClassException: Cannot find class [com.example.codedockbackend.controller.AuthController] for bean with name 'authController' defined in file [C:\Users\karti\OneDrive\Documents\HavinCode\codedock-backend\target\classes\com\example\codedockbackend\controller\AuthController.class]
	at org.springframework.beans.factory.support.AbstractBeanFactory.resolveBeanClass(AbstractBeanFactory.java:1556)
	at org.springframework.beans.factory.support.AbstractAutowireCapableBeanFactory.determineTargetType(AbstractAutowireCapableBeanFactory.java:685)
	at org.springframework.beans.factory.support.AbstractAutowireCapableBeanFactory.predictBeanType(AbstractAutowireCapableBeanFactory.java:653)
	at org.springframework.beans.factory.support.AbstractBeanFactory.getType(AbstractBeanFactory.java:736)
	at org.springframework.beans.factory.support.DefaultListableBeanFactory.findAnnotationOnBean(DefaultListableBeanFactory.java:735)
	at org.springframework.boot.sql.init.dependency.AnnotationDependsOnDatabaseInitializationDetector.detect(AnnotationDependsOnDatabaseInitializationDetector.java:36)
	at org.springframework.boot.sql.init.dependency.DatabaseInitializationDependencyConfigurer$DependsOnDatabaseInitializationPostProcessor.detectDependsOnInitializationBeanNames(DatabaseInitializationDependencyConfigurer.java:152)
	at org.springframework.boot.sql.init.dependency.DatabaseInitializationDependencyConfigurer$DependsOnDatabaseInitializationPostProcessor.postProcessBeanFactory(DatabaseInitializationDependencyConfigurer.java:115)
	at org.springframework.context.support.PostProcessorRegistrationDelegate.invokeBeanFactoryPostProcessors(PostProcessorRegistrationDelegate.java:363)
	at org.springframework.context.support.PostProcessorRegistrationDelegate.invokeBeanFactoryPostProcessors(PostProcessorRegistrationDelegate.java:197)
	at org.springframework.context.support.AbstractApplicationContext.invokeBeanFactoryPostProcessors(AbstractApplicationContext.java:789)
	at org.springframework.context.support.AbstractApplicationContext.refresh(AbstractApplicationContext.java:607)
	at org.springframework.boot.web.servlet.context.ServletWebServerApplicationContext.refresh(ServletWebServerApplicationContext.java:146)
	at org.springframework.boot.SpringApplication.refresh(SpringApplication.java:754)
	at org.springframework.boot.SpringApplication.refreshContext(SpringApplication.java:456)
	at org.springframework.boot.SpringApplication.run(SpringApplication.java:335)
	at org.springframework.boot.SpringApplication.run(SpringApplication.java:1363)
	at org.springframework.boot.SpringApplication.run(SpringApplication.java:1352)
	at com.example.codedockbackend.CodedockBackendApplication.main(CodedockBackendApplication.java:21)
	at java.base/jdk.internal.reflect.NativeMethodAccessorImpl.invoke0(Native Method)
	at java.base/jdk.internal.reflect.NativeMethodAccessorImpl.invoke(NativeMethodAccessorImpl.java:77)
	at java.base/jdk.internal.reflect.DelegatingMethodAccessorImpl.invoke(DelegatingMethodAccessorImpl.java:43)
	at java.base/java.lang.reflect.Method.invoke(Method.java:569)
	at org.springframework.boot.devtools.restart.RestartLauncher.run(RestartLauncher.java:50)
Caused by: java.lang.ClassNotFoundException: com.example.codedockbackend.controller.AuthController
	at java.base/jdk.internal.loader.BuiltinClassLoader.loadClass(BuiltinClassLoader.java:641)
	at java.base/jdk.internal.loader.ClassLoaders$AppClassLoader.loadClass(ClassLoaders.java:188)
	at java.base/java.lang.ClassLoader.loadClass(ClassLoader.java:525)
	at java.base/java.lang.Class.forName0(Native Method)
	at java.base/java.lang.Class.forName(Class.java:469)
	at org.springframework.boot.devtools.restart.classloader.RestartClassLoader.loadClass(RestartClassLoader.java:121)
	at java.base/java.lang.ClassLoader.loadClass(ClassLoader.java:525)
	at java.base/java.lang.Class.forName0(Native Method)
	at java.base/java.lang.Class.forName(Class.java:469)
	at org.springframework.util.ClassUtils.forName(ClassUtils.java:304)
	at org.springframework.beans.factory.support.AbstractBeanDefinition.resolveBeanClass(AbstractBeanDefinition.java:489)
	at org.springframework.beans.factory.support.AbstractBeanFactory.doResolveBeanClass(AbstractBeanFactory.java:1624)
	at org.springframework.beans.factory.support.AbstractBeanFactory.resolveBeanClass(AbstractBeanFactory.java:1549)
	... 23 common frames omitted
2026-03-27 17:54:22.446 [restartedMain] INFO  c.e.c.CodedockBackendApplication  - Starting CodedockBackendApplication using Java 17.0.18 with PID 36436 (C:\Users\karti\OneDrive\Documents\HavinCode\codedock-backend\target\classes started by karti in C:\Users\karti\OneDrive\Documents\HavinCode\codedock-backend)
2026-03-27 17:54:22.446 [restartedMain] DEBUG c.e.c.CodedockBackendApplication  - Running with Spring Boot v3.3.4, Spring v6.1.13
2026-03-27 17:54:22.446 [restartedMain] INFO  c.e.c.CodedockBackendApplication  - No active profile set, falling back to 1 default profile: "default"
2026-03-27 17:54:24.076 [restartedMain] DEBUG c.e.c.security.JwtAuthFilter  - Filter 'jwtAuthFilter' configured for use
2026-03-27 17:54:24.167 [restartedMain] INFO  o.h.jpa.internal.util.LogHelper  - HHH000204: Processing PersistenceUnitInfo [name: default]
2026-03-27 17:54:24.175 [restartedMain] INFO  o.h.c.i.RegionFactoryInitiator  - HHH000026: Second-level cache disabled
2026-03-27 17:54:24.534 [restartedMain] INFO  o.h.e.t.j.p.i.JtaPlatformInitiator  - HHH000489: No JTA platform available (set 'hibernate.transaction.jta.platform' to enable JTA platform integration)
2026-03-27 17:54:25.316 [restartedMain] INFO  c.e.c.CodedockBackendApplication  - Started CodedockBackendApplication in 2.956 seconds (process running for 2745.757)
2026-03-27 17:57:20.776 [restartedMain] INFO  c.e.c.CodedockBackendApplication  - Starting CodedockBackendApplication using Java 17.0.18 with PID 36436 (C:\Users\karti\OneDrive\Documents\HavinCode\codedock-backend\target\classes started by karti in C:\Users\karti\OneDrive\Documents\HavinCode\codedock-backend)
2026-03-27 17:57:20.776 [restartedMain] DEBUG c.e.c.CodedockBackendApplication  - Running with Spring Boot v3.3.4, Spring v6.1.13
2026-03-27 17:57:20.776 [restartedMain] INFO  c.e.c.CodedockBackendApplication  - No active profile set, falling back to 1 default profile: "default"
2026-03-27 17:57:21.592 [restartedMain] DEBUG c.e.c.security.JwtAuthFilter  - Filter 'jwtAuthFilter' configured for use
2026-03-27 17:57:21.657 [restartedMain] INFO  o.h.jpa.internal.util.LogHelper  - HHH000204: Processing PersistenceUnitInfo [name: default]
2026-03-27 17:57:21.673 [restartedMain] INFO  o.h.c.i.RegionFactoryInitiator  - HHH000026: Second-level cache disabled
2026-03-27 17:57:21.893 [restartedMain] INFO  o.h.e.t.j.p.i.JtaPlatformInitiator  - HHH000489: No JTA platform available (set 'hibernate.transaction.jta.platform' to enable JTA platform integration)
2026-03-27 17:57:22.527 [restartedMain] INFO  c.e.c.CodedockBackendApplication  - Started CodedockBackendApplication in 1.807 seconds (process running for 2922.967)
2026-03-27 18:01:34.438 [restartedMain] INFO  c.e.c.CodedockBackendApplication  - Starting CodedockBackendApplication using Java 17.0.18 with PID 36436 (C:\Users\karti\OneDrive\Documents\HavinCode\codedock-backend\target\classes started by karti in C:\Users\karti\OneDrive\Documents\HavinCode\codedock-backend)
2026-03-27 18:01:34.438 [restartedMain] DEBUG c.e.c.CodedockBackendApplication  - Running with Spring Boot v3.3.4, Spring v6.1.13
2026-03-27 18:01:34.438 [restartedMain] INFO  c.e.c.CodedockBackendApplication  - No active profile set, falling back to 1 default profile: "default"
2026-03-27 18:01:34.624 [restartedMain] DEBUG c.e.c.security.JwtAuthFilter  - Filter 'jwtAuthFilter' configured for use
2026-03-27 18:01:34.639 [restartedMain] INFO  o.h.jpa.internal.util.LogHelper  - HHH000204: Processing PersistenceUnitInfo [name: default]
2026-03-27 18:01:34.641 [restartedMain] INFO  o.h.c.i.RegionFactoryInitiator  - HHH000026: Second-level cache disabled
2026-03-27 18:01:34.729 [restartedMain] INFO  o.h.e.t.j.p.i.JtaPlatformInitiator  - HHH000489: No JTA platform available (set 'hibernate.transaction.jta.platform' to enable JTA platform integration)
2026-03-27 18:01:34.922 [restartedMain] INFO  c.e.c.CodedockBackendApplication  - Started CodedockBackendApplication in 0.507 seconds (process running for 3175.362)
2026-03-27 18:03:38.987 [background-preinit] INFO  o.h.validator.internal.util.Version  - HV000001: Hibernate Validator 8.0.1.Final
2026-03-27 18:03:39.020 [restartedMain] INFO  c.e.c.CodedockBackendApplication  - Starting CodedockBackendApplication using Java 17.0.18 with PID 30784 (C:\Users\karti\OneDrive\Documents\HavinCode\codedock-backend\target\classes started by karti in C:\Users\karti\OneDrive\Documents\HavinCode\codedock-backend)
2026-03-27 18:03:39.020 [restartedMain] DEBUG c.e.c.CodedockBackendApplication  - Running with Spring Boot v3.3.4, Spring v6.1.13
2026-03-27 18:03:39.020 [restartedMain] INFO  c.e.c.CodedockBackendApplication  - No active profile set, falling back to 1 default profile: "default"
2026-03-27 18:03:40.133 [restartedMain] DEBUG c.e.c.security.JwtAuthFilter  - Filter 'jwtAuthFilter' configured for use
2026-03-27 18:03:40.213 [restartedMain] INFO  o.h.jpa.internal.util.LogHelper  - HHH000204: Processing PersistenceUnitInfo [name: default]
2026-03-27 18:03:40.278 [restartedMain] INFO  org.hibernate.Version  - HHH000412: Hibernate ORM core version 6.5.3.Final
2026-03-27 18:03:40.314 [restartedMain] INFO  o.h.c.i.RegionFactoryInitiator  - HHH000026: Second-level cache disabled
2026-03-27 18:03:41.467 [restartedMain] INFO  o.h.e.t.j.p.i.JtaPlatformInitiator  - HHH000489: No JTA platform available (set 'hibernate.transaction.jta.platform' to enable JTA platform integration)
2026-03-27 18:03:42.150 [restartedMain] INFO  c.e.c.CodedockBackendApplication  - Started CodedockBackendApplication in 3.67 seconds (process running for 4.249)
2026-03-27 18:03:55.424 [http-nio-8080-exec-2] INFO  c.e.c.l.RequestResponseLoggingFilter 5af82133-f570-4b59-ae5c-72bbf21e487c - HTTP POST /api/auth/forgot-password | status=200 | duration=582ms | req={
  "email": "test@example.com"
} | res={"message":"Reset link sent if email exists"}
2026-03-27 18:04:48.612 [restartedMain] INFO  c.e.c.CodedockBackendApplication  - Starting CodedockBackendApplication using Java 17.0.18 with PID 30784 (C:\Users\karti\OneDrive\Documents\HavinCode\codedock-backend\target\classes started by karti in C:\Users\karti\OneDrive\Documents\HavinCode\codedock-backend)
2026-03-27 18:04:48.612 [restartedMain] DEBUG c.e.c.CodedockBackendApplication  - Running with Spring Boot v3.3.4, Spring v6.1.13
2026-03-27 18:04:48.612 [restartedMain] INFO  c.e.c.CodedockBackendApplication  - No active profile set, falling back to 1 default profile: "default"
2026-03-27 18:04:48.797 [restartedMain] DEBUG c.e.c.security.JwtAuthFilter  - Filter 'jwtAuthFilter' configured for use
2026-03-27 18:04:48.813 [restartedMain] INFO  o.h.jpa.internal.util.LogHelper  - HHH000204: Processing PersistenceUnitInfo [name: default]
2026-03-27 18:04:48.815 [restartedMain] INFO  o.h.c.i.RegionFactoryInitiator  - HHH000026: Second-level cache disabled
2026-03-27 18:04:48.952 [restartedMain] INFO  o.h.e.t.j.p.i.JtaPlatformInitiator  - HHH000489: No JTA platform available (set 'hibernate.transaction.jta.platform' to enable JTA platform integration)
2026-03-27 18:04:49.142 [restartedMain] INFO  c.e.c.CodedockBackendApplication  - Started CodedockBackendApplication in 0.548 seconds (process running for 71.242)
2026-03-27 18:04:52.627 [background-preinit] INFO  o.h.validator.internal.util.Version  - HV000001: Hibernate Validator 8.0.1.Final
2026-03-27 18:04:52.665 [restartedMain] INFO  c.e.c.CodedockBackendApplication  - Starting CodedockBackendApplication using Java 17.0.18 with PID 13132 (C:\Users\karti\OneDrive\Documents\HavinCode\codedock-backend\target\classes started by karti in C:\Users\karti\OneDrive\Documents\HavinCode\codedock-backend)
2026-03-27 18:04:52.665 [restartedMain] DEBUG c.e.c.CodedockBackendApplication  - Running with Spring Boot v3.3.4, Spring v6.1.13
2026-03-27 18:04:52.666 [restartedMain] INFO  c.e.c.CodedockBackendApplication  - No active profile set, falling back to 1 default profile: "default"
2026-03-27 18:04:53.746 [restartedMain] DEBUG c.e.c.security.JwtAuthFilter  - Filter 'jwtAuthFilter' configured for use
2026-03-27 18:04:53.816 [restartedMain] INFO  o.h.jpa.internal.util.LogHelper  - HHH000204: Processing PersistenceUnitInfo [name: default]
2026-03-27 18:04:53.851 [restartedMain] INFO  org.hibernate.Version  - HHH000412: Hibernate ORM core version 6.5.3.Final
2026-03-27 18:04:53.887 [restartedMain] INFO  o.h.c.i.RegionFactoryInitiator  - HHH000026: Second-level cache disabled
2026-03-27 18:04:54.870 [restartedMain] INFO  o.h.e.t.j.p.i.JtaPlatformInitiator  - HHH000489: No JTA platform available (set 'hibernate.transaction.jta.platform' to enable JTA platform integration)
2026-03-27 18:04:55.549 [restartedMain] INFO  c.e.c.CodedockBackendApplication  - Started CodedockBackendApplication in 3.28 seconds (process running for 3.822)
2026-03-27 18:05:01.806 [http-nio-8080-exec-10] INFO  c.e.c.l.RequestResponseLoggingFilter 8e8ea1e3-91a4-4b31-aa77-a6eb939a0dc6 - HTTP POST /api/auth/forgot-password | status=200 | duration=538ms | req={
  "email": "test@example.com"
} | res={"message":"Reset link sent if email exists"}
2026-03-27 18:05:31.033 [restartedMain] INFO  c.e.c.CodedockBackendApplication  - Starting CodedockBackendApplication using Java 17.0.18 with PID 13132 (C:\Users\karti\OneDrive\Documents\HavinCode\codedock-backend\target\classes started by karti in C:\Users\karti\OneDrive\Documents\HavinCode\codedock-backend)
2026-03-27 18:05:31.034 [restartedMain] DEBUG c.e.c.CodedockBackendApplication  - Running with Spring Boot v3.3.4, Spring v6.1.13
2026-03-27 18:05:31.034 [restartedMain] INFO  c.e.c.CodedockBackendApplication  - No active profile set, falling back to 1 default profile: "default"
2026-03-27 18:05:31.214 [restartedMain] DEBUG c.e.c.security.JwtAuthFilter  - Filter 'jwtAuthFilter' configured for use
2026-03-27 18:05:31.229 [restartedMain] INFO  o.h.jpa.internal.util.LogHelper  - HHH000204: Processing PersistenceUnitInfo [name: default]
2026-03-27 18:05:31.232 [restartedMain] INFO  o.h.c.i.RegionFactoryInitiator  - HHH000026: Second-level cache disabled
2026-03-27 18:05:31.352 [restartedMain] INFO  o.h.e.t.j.p.i.JtaPlatformInitiator  - HHH000489: No JTA platform available (set 'hibernate.transaction.jta.platform' to enable JTA platform integration)
2026-03-27 18:05:31.519 [restartedMain] INFO  c.e.c.CodedockBackendApplication  - Started CodedockBackendApplication in 0.506 seconds (process running for 39.792)
2026-03-27 18:05:37.273 [restartedMain] INFO  c.e.c.CodedockBackendApplication  - Starting CodedockBackendApplication using Java 17.0.18 with PID 13132 (C:\Users\karti\OneDrive\Documents\HavinCode\codedock-backend\target\classes started by karti in C:\Users\karti\OneDrive\Documents\HavinCode\codedock-backend)
2026-03-27 18:05:37.273 [restartedMain] DEBUG c.e.c.CodedockBackendApplication  - Running with Spring Boot v3.3.4, Spring v6.1.13
2026-03-27 18:05:37.273 [restartedMain] INFO  c.e.c.CodedockBackendApplication  - No active profile set, falling back to 1 default profile: "default"
2026-03-27 18:05:37.459 [restartedMain] DEBUG c.e.c.security.JwtAuthFilter  - Filter 'jwtAuthFilter' configured for use
2026-03-27 18:05:37.475 [restartedMain] INFO  o.h.jpa.internal.util.LogHelper  - HHH000204: Processing PersistenceUnitInfo [name: default]
2026-03-27 18:05:37.477 [restartedMain] INFO  o.h.c.i.RegionFactoryInitiator  - HHH000026: Second-level cache disabled
2026-03-27 18:05:37.582 [restartedMain] INFO  o.h.e.t.j.p.i.JtaPlatformInitiator  - HHH000489: No JTA platform available (set 'hibernate.transaction.jta.platform' to enable JTA platform integration)
2026-03-27 18:05:37.750 [restartedMain] INFO  c.e.c.CodedockBackendApplication  - Started CodedockBackendApplication in 0.497 seconds (process running for 46.024)
2026-03-27 18:07:03.517 [restartedMain] INFO  c.e.c.CodedockBackendApplication  - Starting CodedockBackendApplication using Java 17.0.18 with PID 13132 (C:\Users\karti\OneDrive\Documents\HavinCode\codedock-backend\target\classes started by karti in C:\Users\karti\OneDrive\Documents\HavinCode\codedock-backend)
2026-03-27 18:07:03.518 [restartedMain] DEBUG c.e.c.CodedockBackendApplication  - Running with Spring Boot v3.3.4, Spring v6.1.13
2026-03-27 18:07:03.518 [restartedMain] INFO  c.e.c.CodedockBackendApplication  - No active profile set, falling back to 1 default profile: "default"
2026-03-27 18:07:03.725 [restartedMain] DEBUG c.e.c.security.JwtAuthFilter  - Filter 'jwtAuthFilter' configured for use
2026-03-27 18:07:03.741 [restartedMain] INFO  o.h.jpa.internal.util.LogHelper  - HHH000204: Processing PersistenceUnitInfo [name: default]
2026-03-27 18:07:03.743 [restartedMain] INFO  o.h.c.i.RegionFactoryInitiator  - HHH000026: Second-level cache disabled
2026-03-27 18:07:03.807 [restartedMain] INFO  o.h.e.t.j.p.i.JtaPlatformInitiator  - HHH000489: No JTA platform available (set 'hibernate.transaction.jta.platform' to enable JTA platform integration)
2026-03-27 18:07:03.939 [restartedMain] INFO  c.e.c.CodedockBackendApplication  - Started CodedockBackendApplication in 0.441 seconds (process running for 132.213)
2026-03-27 18:07:09.345 [background-preinit] INFO  o.h.validator.internal.util.Version  - HV000001: Hibernate Validator 8.0.1.Final
2026-03-27 18:07:09.376 [restartedMain] INFO  c.e.c.CodedockBackendApplication  - Starting CodedockBackendApplication using Java 17.0.18 with PID 32928 (C:\Users\karti\OneDrive\Documents\HavinCode\codedock-backend\target\classes started by karti in C:\Users\karti\OneDrive\Documents\HavinCode\codedock-backend)
2026-03-27 18:07:09.376 [restartedMain] DEBUG c.e.c.CodedockBackendApplication  - Running with Spring Boot v3.3.4, Spring v6.1.13
2026-03-27 18:07:09.377 [restartedMain] INFO  c.e.c.CodedockBackendApplication  - No active profile set, falling back to 1 default profile: "default"
2026-03-27 18:07:10.409 [restartedMain] DEBUG c.e.c.security.JwtAuthFilter  - Filter 'jwtAuthFilter' configured for use
2026-03-27 18:07:10.477 [restartedMain] INFO  o.h.jpa.internal.util.LogHelper  - HHH000204: Processing PersistenceUnitInfo [name: default]
2026-03-27 18:07:10.514 [restartedMain] INFO  org.hibernate.Version  - HHH000412: Hibernate ORM core version 6.5.3.Final
2026-03-27 18:07:10.541 [restartedMain] INFO  o.h.c.i.RegionFactoryInitiator  - HHH000026: Second-level cache disabled
2026-03-27 18:07:11.602 [restartedMain] INFO  o.h.e.t.j.p.i.JtaPlatformInitiator  - HHH000489: No JTA platform available (set 'hibernate.transaction.jta.platform' to enable JTA platform integration)
2026-03-27 18:07:12.374 [restartedMain] INFO  c.e.c.CodedockBackendApplication  - Started CodedockBackendApplication in 3.443 seconds (process running for 4.03)
2026-03-27 18:07:24.544 [http-nio-8080-exec-1] INFO  c.e.c.l.RequestResponseLoggingFilter c68bc9e1-434a-4e9a-914a-070062903ce6 - HTTP POST /api/auth/forgot-password | status=200 | duration=517ms | req={
  "email": "test@example.com"
} | res={"message":"Reset link sent if email exists"}
2026-03-27 18:12:56.847 [background-preinit] INFO  o.h.validator.internal.util.Version  - HV000001: Hibernate Validator 8.0.1.Final
2026-03-27 18:12:56.878 [restartedMain] INFO  c.e.c.CodedockBackendApplication  - Starting CodedockBackendApplication using Java 17.0.18 with PID 29840 (C:\Users\karti\OneDrive\Documents\HavinCode\codedock-backend\target\classes started by karti in C:\Users\karti\OneDrive\Documents\HavinCode\codedock-backend)
2026-03-27 18:12:56.878 [restartedMain] DEBUG c.e.c.CodedockBackendApplication  - Running with Spring Boot v3.3.4, Spring v6.1.13
2026-03-27 18:12:56.878 [restartedMain] INFO  c.e.c.CodedockBackendApplication  - No active profile set, falling back to 1 default profile: "default"
2026-03-27 18:12:58.007 [restartedMain] DEBUG c.e.c.security.JwtAuthFilter  - Filter 'jwtAuthFilter' configured for use
2026-03-27 18:12:58.073 [restartedMain] INFO  o.h.jpa.internal.util.LogHelper  - HHH000204: Processing PersistenceUnitInfo [name: default]
2026-03-27 18:12:58.106 [restartedMain] INFO  org.hibernate.Version  - HHH000412: Hibernate ORM core version 6.5.3.Final
2026-03-27 18:12:58.129 [restartedMain] INFO  o.h.c.i.RegionFactoryInitiator  - HHH000026: Second-level cache disabled
2026-03-27 18:12:59.024 [restartedMain] INFO  o.h.e.t.j.p.i.JtaPlatformInitiator  - HHH000489: No JTA platform available (set 'hibernate.transaction.jta.platform' to enable JTA platform integration)
2026-03-27 18:12:59.676 [restartedMain] INFO  c.e.c.CodedockBackendApplication  - Started CodedockBackendApplication in 3.167 seconds (process running for 3.628)
2026-03-27 18:17:34.685 [http-nio-8080-exec-5] INFO  c.e.c.l.RequestResponseLoggingFilter d6d73a4a-86b0-402c-815a-e1c3813423c6 - HTTP POST /api/users/create | status=200 | duration=900ms | req={
  "name": "Test User",
  "email": "test@example.com",
  "password": "password123"
} | res={"id":"ac189001-9d2f-11ba-819d-2f55f0a90000","name":"Test User","email":"test@example.com"}
2026-03-27 18:20:33.390 [http-nio-8080-exec-9] INFO  c.e.c.l.RequestResponseLoggingFilter 063e2189-3a8c-4036-a10c-f7085440714b - HTTP POST /api/auth/login | status=200 | duration=263ms | req={
   "email": "test@example.com",
  "password": "password123"
} | res={"token":"eyJhbGciOiJIUzI1NiJ9.eyJzdWIiOiJ0ZXN0QGV4YW1wbGUuY29tIiwiaWF0IjoxNzc0NjE1ODMzLCJleHAiOjE3NzQ3MDIyMzN9.glPxlNfZ-t8VYjL_YmgUvbT5zdxZT0D2AMPlyLU8gZA"}
2026-03-27 18:22:21.239 [http-nio-8080-exec-6] INFO  c.e.c.l.RequestResponseLoggingFilter 9ba6166c-a18e-4d58-b04b-ee8823321917 - HTTP POST /api/auth/forgot-password | status=200 | duration=86ms | req={
  "email": "test@example.com"
} | res={"message":"Reset link sent if email exists"}
2026-03-27 18:23:23.789 [http-nio-8080-exec-10] INFO  c.e.c.l.RequestResponseLoggingFilter 6160e7d1-9fb3-43fd-bdc8-29109a00992d - HTTP POST /api/users/create | status=200 | duration=173ms | req={
  "name": "Test User",
  "email": "kartiksantwani5@gmail.com",
  "password": "password123"
} | res={"id":"ac189001-9d2f-11ba-819d-2f5b44c80001","name":"Test User","email":"kartiksantwani5@gmail.com"}
2026-03-27 18:23:45.284 [http-nio-8080-exec-5] INFO  c.e.c.l.RequestResponseLoggingFilter 9c0d028a-734b-41c5-b398-38e3b3519dfa - HTTP POST /api/auth/login | status=200 | duration=165ms | req={
     "email": "kartiksantwani5@gmail.com",
  "password": "password123"
} | res={"token":"eyJhbGciOiJIUzI1NiJ9.eyJzdWIiOiJrYXJ0aWtzYW50d2FuaTVAZ21haWwuY29tIiwiaWF0IjoxNzc0NjE2MDI1LCJleHAiOjE3NzQ3MDI0MjV9.bp1bSS7X8QT9E1JEw5Y0zyfL7NvwPd09Y0BjkdqiGjU"}
2026-03-27 18:24:05.583 [http-nio-8080-exec-8] INFO  c.e.c.l.RequestResponseLoggingFilter 9c496a7d-5239-46f3-96c6-e6bbd8c44ce6 - HTTP POST /api/auth/forgot-password | status=200 | duration=45ms | req={
   "email": "kartiksantwani5@gmail.com"
} | res={"message":"Reset link sent if email exists"}
2026-03-27 18:35:40.234 [restartedMain] INFO  c.e.c.CodedockBackendApplication  - Starting CodedockBackendApplication using Java 17.0.18 with PID 29840 (C:\Users\karti\OneDrive\Documents\HavinCode\codedock-backend\target\classes started by karti in C:\Users\karti\OneDrive\Documents\HavinCode\codedock-backend)
2026-03-27 18:35:40.235 [restartedMain] DEBUG c.e.c.CodedockBackendApplication  - Running with Spring Boot v3.3.4, Spring v6.1.13
2026-03-27 18:35:40.235 [restartedMain] INFO  c.e.c.CodedockBackendApplication  - No active profile set, falling back to 1 default profile: "default"
2026-03-27 18:35:41.064 [restartedMain] DEBUG c.e.c.security.JwtAuthFilter  - Filter 'jwtAuthFilter' configured for use
2026-03-27 18:35:41.132 [restartedMain] INFO  o.h.jpa.internal.util.LogHelper  - HHH000204: Processing PersistenceUnitInfo [name: default]
2026-03-27 18:35:41.142 [restartedMain] INFO  o.h.c.i.RegionFactoryInitiator  - HHH000026: Second-level cache disabled
2026-03-27 18:35:41.399 [restartedMain] INFO  o.h.e.t.j.p.i.JtaPlatformInitiator  - HHH000489: No JTA platform available (set 'hibernate.transaction.jta.platform' to enable JTA platform integration)
2026-03-27 18:35:41.460 [restartedMain] WARN  o.s.b.w.s.c.AnnotationConfigServletWebServerApplicationContext  - Exception encountered during context initialization - cancelling refresh attempt: org.springframework.beans.factory.BeanCreationException: Error creating bean with name 'authController': Resolution of declared constructors on bean Class [com.example.codedockbackend.controller.AuthController] from ClassLoader [org.springframework.boot.devtools.restart.classloader.RestartClassLoader@15b15bc6] failed
2026-03-27 18:35:41.631 [restartedMain] ERROR o.s.boot.SpringApplication  - Application run failed
org.springframework.beans.factory.BeanCreationException: Error creating bean with name 'authController': Resolution of declared constructors on bean Class [com.example.codedockbackend.controller.AuthController] from ClassLoader [org.springframework.boot.devtools.restart.classloader.RestartClassLoader@15b15bc6] failed
	at org.springframework.beans.factory.annotation.AutowiredAnnotationBeanPostProcessor.determineCandidateConstructors(AutowiredAnnotationBeanPostProcessor.java:384)
	at org.springframework.beans.factory.support.AbstractAutowireCapableBeanFactory.determineConstructorsFromBeanPostProcessors(AbstractAutowireCapableBeanFactory.java:1314)
	at org.springframework.beans.factory.support.AbstractAutowireCapableBeanFactory.createBeanInstance(AbstractAutowireCapableBeanFactory.java:1209)
	at org.springframework.beans.factory.support.AbstractAutowireCapableBeanFactory.doCreateBean(AbstractAutowireCapableBeanFactory.java:562)
	at org.springframework.beans.factory.support.AbstractAutowireCapableBeanFactory.createBean(AbstractAutowireCapableBeanFactory.java:522)
	at org.springframework.beans.factory.support.AbstractBeanFactory.lambda$doGetBean$0(AbstractBeanFactory.java:337)
	at org.springframework.beans.factory.support.DefaultSingletonBeanRegistry.getSingleton(DefaultSingletonBeanRegistry.java:234)
	at org.springframework.beans.factory.support.AbstractBeanFactory.doGetBean(AbstractBeanFactory.java:335)
	at org.springframework.beans.factory.support.AbstractBeanFactory.getBean(AbstractBeanFactory.java:200)
	at org.springframework.beans.factory.support.DefaultListableBeanFactory.preInstantiateSingletons(DefaultListableBeanFactory.java:975)
	at org.springframework.context.support.AbstractApplicationContext.finishBeanFactoryInitialization(AbstractApplicationContext.java:971)
	at org.springframework.context.support.AbstractApplicationContext.refresh(AbstractApplicationContext.java:625)
	at org.springframework.boot.web.servlet.context.ServletWebServerApplicationContext.refresh(ServletWebServerApplicationContext.java:146)
	at org.springframework.boot.SpringApplication.refresh(SpringApplication.java:754)
	at org.springframework.boot.SpringApplication.refreshContext(SpringApplication.java:456)
	at org.springframework.boot.SpringApplication.run(SpringApplication.java:335)
	at org.springframework.boot.SpringApplication.run(SpringApplication.java:1363)
	at org.springframework.boot.SpringApplication.run(SpringApplication.java:1352)
	at com.example.codedockbackend.CodedockBackendApplication.main(CodedockBackendApplication.java:21)
	at java.base/jdk.internal.reflect.NativeMethodAccessorImpl.invoke0(Native Method)
	at java.base/jdk.internal.reflect.NativeMethodAccessorImpl.invoke(NativeMethodAccessorImpl.java:77)
	at java.base/jdk.internal.reflect.DelegatingMethodAccessorImpl.invoke(DelegatingMethodAccessorImpl.java:43)
	at java.base/java.lang.reflect.Method.invoke(Method.java:569)
	at org.springframework.boot.devtools.restart.RestartLauncher.run(RestartLauncher.java:50)
Caused by: java.lang.NoClassDefFoundError: com/example/codedockbackend/service/AuthService
	at java.base/java.lang.Class.getDeclaredConstructors0(Native Method)
	at java.base/java.lang.Class.privateGetDeclaredConstructors(Class.java:3375)
	at java.base/java.lang.Class.getDeclaredConstructors(Class.java:2557)
	at org.springframework.beans.factory.annotation.AutowiredAnnotationBeanPostProcessor.determineCandidateConstructors(AutowiredAnnotationBeanPostProcessor.java:379)
	... 23 common frames omitted
Caused by: java.lang.ClassNotFoundException: com.example.codedockbackend.service.AuthService
	at java.base/jdk.internal.loader.BuiltinClassLoader.loadClass(BuiltinClassLoader.java:641)
	at java.base/jdk.internal.loader.ClassLoaders$AppClassLoader.loadClass(ClassLoaders.java:188)
	at java.base/java.lang.ClassLoader.loadClass(ClassLoader.java:525)
	at java.base/java.lang.Class.forName0(Native Method)
	at java.base/java.lang.Class.forName(Class.java:469)
	at org.springframework.boot.devtools.restart.classloader.RestartClassLoader.loadClass(RestartClassLoader.java:121)
	at java.base/java.lang.ClassLoader.loadClass(ClassLoader.java:525)
	... 27 common frames omitted
2026-03-27 18:35:43.162 [restartedMain] INFO  c.e.c.CodedockBackendApplication  - Starting CodedockBackendApplication using Java 17.0.18 with PID 29840 (C:\Users\karti\OneDrive\Documents\HavinCode\codedock-backend\target\classes started by karti in C:\Users\karti\OneDrive\Documents\HavinCode\codedock-backend)
2026-03-27 18:35:43.162 [restartedMain] DEBUG c.e.c.CodedockBackendApplication  - Running with Spring Boot v3.3.4, Spring v6.1.13
2026-03-27 18:35:43.162 [restartedMain] INFO  c.e.c.CodedockBackendApplication  - No active profile set, falling back to 1 default profile: "default"
2026-03-27 18:35:43.886 [restartedMain] DEBUG c.e.c.security.JwtAuthFilter  - Filter 'jwtAuthFilter' configured for use
2026-03-27 18:35:43.953 [restartedMain] INFO  o.h.jpa.internal.util.LogHelper  - HHH000204: Processing PersistenceUnitInfo [name: default]
2026-03-27 18:35:43.961 [restartedMain] INFO  o.h.c.i.RegionFactoryInitiator  - HHH000026: Second-level cache disabled
2026-03-27 18:35:44.296 [restartedMain] INFO  o.h.e.t.j.p.i.JtaPlatformInitiator  - HHH000489: No JTA platform available (set 'hibernate.transaction.jta.platform' to enable JTA platform integration)
2026-03-27 18:35:44.368 [restartedMain] WARN  o.s.b.w.s.c.AnnotationConfigServletWebServerApplicationContext  - Exception encountered during context initialization - cancelling refresh attempt: org.springframework.beans.factory.BeanCreationException: Error creating bean with name 'authController': Resolution of declared constructors on bean Class [com.example.codedockbackend.controller.AuthController] from ClassLoader [org.springframework.boot.devtools.restart.classloader.RestartClassLoader@629e193c] failed
2026-03-27 18:35:44.414 [restartedMain] ERROR o.s.boot.SpringApplication  - Application run failed
org.springframework.beans.factory.BeanCreationException: Error creating bean with name 'authController': Resolution of declared constructors on bean Class [com.example.codedockbackend.controller.AuthController] from ClassLoader [org.springframework.boot.devtools.restart.classloader.RestartClassLoader@629e193c] failed
	at org.springframework.beans.factory.annotation.AutowiredAnnotationBeanPostProcessor.determineCandidateConstructors(AutowiredAnnotationBeanPostProcessor.java:384)
	at org.springframework.beans.factory.support.AbstractAutowireCapableBeanFactory.determineConstructorsFromBeanPostProcessors(AbstractAutowireCapableBeanFactory.java:1314)
	at org.springframework.beans.factory.support.AbstractAutowireCapableBeanFactory.createBeanInstance(AbstractAutowireCapableBeanFactory.java:1209)
	at org.springframework.beans.factory.support.AbstractAutowireCapableBeanFactory.doCreateBean(AbstractAutowireCapableBeanFactory.java:562)
	at org.springframework.beans.factory.support.AbstractAutowireCapableBeanFactory.createBean(AbstractAutowireCapableBeanFactory.java:522)
	at org.springframework.beans.factory.support.AbstractBeanFactory.lambda$doGetBean$0(AbstractBeanFactory.java:337)
	at org.springframework.beans.factory.support.DefaultSingletonBeanRegistry.getSingleton(DefaultSingletonBeanRegistry.java:234)
	at org.springframework.beans.factory.support.AbstractBeanFactory.doGetBean(AbstractBeanFactory.java:335)
	at org.springframework.beans.factory.support.AbstractBeanFactory.getBean(AbstractBeanFactory.java:200)
	at org.springframework.beans.factory.support.DefaultListableBeanFactory.preInstantiateSingletons(DefaultListableBeanFactory.java:975)
	at org.springframework.context.support.AbstractApplicationContext.finishBeanFactoryInitialization(AbstractApplicationContext.java:971)
	at org.springframework.context.support.AbstractApplicationContext.refresh(AbstractApplicationContext.java:625)
	at org.springframework.boot.web.servlet.context.ServletWebServerApplicationContext.refresh(ServletWebServerApplicationContext.java:146)
	at org.springframework.boot.SpringApplication.refresh(SpringApplication.java:754)
	at org.springframework.boot.SpringApplication.refreshContext(SpringApplication.java:456)
	at org.springframework.boot.SpringApplication.run(SpringApplication.java:335)
	at org.springframework.boot.SpringApplication.run(SpringApplication.java:1363)
	at org.springframework.boot.SpringApplication.run(SpringApplication.java:1352)
	at com.example.codedockbackend.CodedockBackendApplication.main(CodedockBackendApplication.java:21)
	at java.base/jdk.internal.reflect.NativeMethodAccessorImpl.invoke0(Native Method)
	at java.base/jdk.internal.reflect.NativeMethodAccessorImpl.invoke(NativeMethodAccessorImpl.java:77)
	at java.base/jdk.internal.reflect.DelegatingMethodAccessorImpl.invoke(DelegatingMethodAccessorImpl.java:43)
	at java.base/java.lang.reflect.Method.invoke(Method.java:569)
	at org.springframework.boot.devtools.restart.RestartLauncher.run(RestartLauncher.java:50)
Caused by: java.lang.NoClassDefFoundError: com/example/codedockbackend/service/AuthService
	at java.base/java.lang.Class.getDeclaredConstructors0(Native Method)
	at java.base/java.lang.Class.privateGetDeclaredConstructors(Class.java:3375)
	at java.base/java.lang.Class.getDeclaredConstructors(Class.java:2557)
	at org.springframework.beans.factory.annotation.AutowiredAnnotationBeanPostProcessor.determineCandidateConstructors(AutowiredAnnotationBeanPostProcessor.java:379)
	... 23 common frames omitted
Caused by: java.lang.ClassNotFoundException: com.example.codedockbackend.service.AuthService
	at java.base/jdk.internal.loader.BuiltinClassLoader.loadClass(BuiltinClassLoader.java:641)
	at java.base/jdk.internal.loader.ClassLoaders$AppClassLoader.loadClass(ClassLoaders.java:188)
	at java.base/java.lang.ClassLoader.loadClass(ClassLoader.java:525)
	at java.base/java.lang.Class.forName0(Native Method)
	at java.base/java.lang.Class.forName(Class.java:469)
	at org.springframework.boot.devtools.restart.classloader.RestartClassLoader.loadClass(RestartClassLoader.java:121)
	at java.base/java.lang.ClassLoader.loadClass(ClassLoader.java:525)
	... 27 common frames omitted
2026-03-27 18:35:46.961 [restartedMain] INFO  c.e.c.CodedockBackendApplication  - Starting CodedockBackendApplication using Java 17.0.18 with PID 29840 (C:\Users\karti\OneDrive\Documents\HavinCode\codedock-backend\target\classes started by karti in C:\Users\karti\OneDrive\Documents\HavinCode\codedock-backend)
2026-03-27 18:35:46.961 [restartedMain] DEBUG c.e.c.CodedockBackendApplication  - Running with Spring Boot v3.3.4, Spring v6.1.13
2026-03-27 18:35:46.962 [restartedMain] INFO  c.e.c.CodedockBackendApplication  - No active profile set, falling back to 1 default profile: "default"
2026-03-27 18:35:47.385 [restartedMain] DEBUG c.e.c.security.JwtAuthFilter  - Filter 'jwtAuthFilter' configured for use
2026-03-27 18:35:47.437 [restartedMain] INFO  o.h.jpa.internal.util.LogHelper  - HHH000204: Processing PersistenceUnitInfo [name: default]
2026-03-27 18:35:47.442 [restartedMain] INFO  o.h.c.i.RegionFactoryInitiator  - HHH000026: Second-level cache disabled
2026-03-27 18:35:47.605 [restartedMain] INFO  o.h.e.t.j.p.i.JtaPlatformInitiator  - HHH000489: No JTA platform available (set 'hibernate.transaction.jta.platform' to enable JTA platform integration)
2026-03-27 18:35:48.210 [restartedMain] INFO  c.e.c.CodedockBackendApplication  - Started CodedockBackendApplication in 1.291 seconds (process running for 1372.162)
2026-03-27 18:36:29.081 [restartedMain] INFO  c.e.c.CodedockBackendApplication  - Starting CodedockBackendApplication using Java 17.0.18 with PID 29840 (C:\Users\karti\OneDrive\Documents\HavinCode\codedock-backend\target\classes started by karti in C:\Users\karti\OneDrive\Documents\HavinCode\codedock-backend)
2026-03-27 18:36:29.081 [restartedMain] DEBUG c.e.c.CodedockBackendApplication  - Running with Spring Boot v3.3.4, Spring v6.1.13
2026-03-27 18:36:29.081 [restartedMain] INFO  c.e.c.CodedockBackendApplication  - No active profile set, falling back to 1 default profile: "default"
2026-03-27 18:36:29.794 [restartedMain] DEBUG c.e.c.security.JwtAuthFilter  - Filter 'jwtAuthFilter' configured for use
2026-03-27 18:36:29.845 [restartedMain] INFO  o.h.jpa.internal.util.LogHelper  - HHH000204: Processing PersistenceUnitInfo [name: default]
2026-03-27 18:36:29.850 [restartedMain] INFO  o.h.c.i.RegionFactoryInitiator  - HHH000026: Second-level cache disabled
2026-03-27 18:36:30.044 [restartedMain] INFO  o.h.e.t.j.p.i.JtaPlatformInitiator  - HHH000489: No JTA platform available (set 'hibernate.transaction.jta.platform' to enable JTA platform integration)
2026-03-27 18:36:30.554 [restartedMain] INFO  c.e.c.CodedockBackendApplication  - Started CodedockBackendApplication in 1.537 seconds (process running for 1414.511)
2026-03-27 18:36:32.655 [restartedMain] INFO  c.e.c.CodedockBackendApplication  - Starting CodedockBackendApplication using Java 17.0.18 with PID 29840 (C:\Users\karti\OneDrive\Documents\HavinCode\codedock-backend\target\classes started by karti in C:\Users\karti\OneDrive\Documents\HavinCode\codedock-backend)
2026-03-27 18:36:32.655 [restartedMain] DEBUG c.e.c.CodedockBackendApplication  - Running with Spring Boot v3.3.4, Spring v6.1.13
2026-03-27 18:36:32.655 [restartedMain] INFO  c.e.c.CodedockBackendApplication  - No active profile set, falling back to 1 default profile: "default"
2026-03-27 18:36:33.367 [restartedMain] DEBUG c.e.c.security.JwtAuthFilter  - Filter 'jwtAuthFilter' configured for use
2026-03-27 18:36:33.433 [restartedMain] INFO  o.h.jpa.internal.util.LogHelper  - HHH000204: Processing PersistenceUnitInfo [name: default]
2026-03-27 18:36:33.440 [restartedMain] INFO  o.h.c.i.RegionFactoryInitiator  - HHH000026: Second-level cache disabled
2026-03-27 18:36:33.683 [restartedMain] INFO  o.h.e.t.j.p.i.JtaPlatformInitiator  - HHH000489: No JTA platform available (set 'hibernate.transaction.jta.platform' to enable JTA platform integration)
2026-03-27 18:36:33.743 [restartedMain] WARN  o.s.b.w.s.c.AnnotationConfigServletWebServerApplicationContext  - Exception encountered during context initialization - cancelling refresh attempt: org.springframework.beans.factory.BeanCreationException: Error creating bean with name 'authController': Resolution of declared constructors on bean Class [com.example.codedockbackend.controller.AuthController] from ClassLoader [org.springframework.boot.devtools.restart.classloader.RestartClassLoader@36e99a17] failed
2026-03-27 18:36:33.774 [restartedMain] ERROR o.s.boot.SpringApplication  - Application run failed
org.springframework.beans.factory.BeanCreationException: Error creating bean with name 'authController': Resolution of declared constructors on bean Class [com.example.codedockbackend.controller.AuthController] from ClassLoader [org.springframework.boot.devtools.restart.classloader.RestartClassLoader@36e99a17] failed
	at org.springframework.beans.factory.annotation.AutowiredAnnotationBeanPostProcessor.determineCandidateConstructors(AutowiredAnnotationBeanPostProcessor.java:384)
	at org.springframework.beans.factory.support.AbstractAutowireCapableBeanFactory.determineConstructorsFromBeanPostProcessors(AbstractAutowireCapableBeanFactory.java:1314)
	at org.springframework.beans.factory.support.AbstractAutowireCapableBeanFactory.createBeanInstance(AbstractAutowireCapableBeanFactory.java:1209)
	at org.springframework.beans.factory.support.AbstractAutowireCapableBeanFactory.doCreateBean(AbstractAutowireCapableBeanFactory.java:562)
	at org.springframework.beans.factory.support.AbstractAutowireCapableBeanFactory.createBean(AbstractAutowireCapableBeanFactory.java:522)
	at org.springframework.beans.factory.support.AbstractBeanFactory.lambda$doGetBean$0(AbstractBeanFactory.java:337)
	at org.springframework.beans.factory.support.DefaultSingletonBeanRegistry.getSingleton(DefaultSingletonBeanRegistry.java:234)
	at org.springframework.beans.factory.support.AbstractBeanFactory.doGetBean(AbstractBeanFactory.java:335)
	at org.springframework.beans.factory.support.AbstractBeanFactory.getBean(AbstractBeanFactory.java:200)
	at org.springframework.beans.factory.support.DefaultListableBeanFactory.preInstantiateSingletons(DefaultListableBeanFactory.java:975)
	at org.springframework.context.support.AbstractApplicationContext.finishBeanFactoryInitialization(AbstractApplicationContext.java:971)
	at org.springframework.context.support.AbstractApplicationContext.refresh(AbstractApplicationContext.java:625)
	at org.springframework.boot.web.servlet.context.ServletWebServerApplicationContext.refresh(ServletWebServerApplicationContext.java:146)
	at org.springframework.boot.SpringApplication.refresh(SpringApplication.java:754)
	at org.springframework.boot.SpringApplication.refreshContext(SpringApplication.java:456)
	at org.springframework.boot.SpringApplication.run(SpringApplication.java:335)
	at org.springframework.boot.SpringApplication.run(SpringApplication.java:1363)
	at org.springframework.boot.SpringApplication.run(SpringApplication.java:1352)
	at com.example.codedockbackend.CodedockBackendApplication.main(CodedockBackendApplication.java:21)
	at java.base/jdk.internal.reflect.NativeMethodAccessorImpl.invoke0(Native Method)
	at java.base/jdk.internal.reflect.NativeMethodAccessorImpl.invoke(NativeMethodAccessorImpl.java:77)
	at java.base/jdk.internal.reflect.DelegatingMethodAccessorImpl.invoke(DelegatingMethodAccessorImpl.java:43)
	at java.base/java.lang.reflect.Method.invoke(Method.java:569)
	at org.springframework.boot.devtools.restart.RestartLauncher.run(RestartLauncher.java:50)
Caused by: java.lang.NoClassDefFoundError: com/example/codedockbackend/service/AuthService
	at java.base/java.lang.Class.getDeclaredConstructors0(Native Method)
	at java.base/java.lang.Class.privateGetDeclaredConstructors(Class.java:3375)
	at java.base/java.lang.Class.getDeclaredConstructors(Class.java:2557)
	at org.springframework.beans.factory.annotation.AutowiredAnnotationBeanPostProcessor.determineCandidateConstructors(AutowiredAnnotationBeanPostProcessor.java:379)
	... 23 common frames omitted
Caused by: java.lang.ClassNotFoundException: com.example.codedockbackend.service.AuthService
	at java.base/jdk.internal.loader.BuiltinClassLoader.loadClass(BuiltinClassLoader.java:641)
	at java.base/jdk.internal.loader.ClassLoaders$AppClassLoader.loadClass(ClassLoaders.java:188)
	at java.base/java.lang.ClassLoader.loadClass(ClassLoader.java:525)
	at java.base/java.lang.Class.forName0(Native Method)
	at java.base/java.lang.Class.forName(Class.java:469)
	at org.springframework.boot.devtools.restart.classloader.RestartClassLoader.loadClass(RestartClassLoader.java:121)
	at java.base/java.lang.ClassLoader.loadClass(ClassLoader.java:525)
	... 27 common frames omitted
2026-03-27 18:39:54.106 [restartedMain] INFO  c.e.c.CodedockBackendApplication  - Starting CodedockBackendApplication using Java 17.0.18 with PID 29840 (C:\Users\karti\OneDrive\Documents\HavinCode\codedock-backend\target\classes started by karti in C:\Users\karti\OneDrive\Documents\HavinCode\codedock-backend)
2026-03-27 18:39:54.107 [restartedMain] DEBUG c.e.c.CodedockBackendApplication  - Running with Spring Boot v3.3.4, Spring v6.1.13
2026-03-27 18:39:54.107 [restartedMain] INFO  c.e.c.CodedockBackendApplication  - No active profile set, falling back to 1 default profile: "default"
2026-03-27 18:39:54.265 [restartedMain] DEBUG c.e.c.security.JwtAuthFilter  - Filter 'jwtAuthFilter' configured for use
2026-03-27 18:39:54.278 [restartedMain] INFO  o.h.jpa.internal.util.LogHelper  - HHH000204: Processing PersistenceUnitInfo [name: default]
2026-03-27 18:39:54.279 [restartedMain] INFO  o.h.c.i.RegionFactoryInitiator  - HHH000026: Second-level cache disabled
2026-03-27 18:39:54.357 [restartedMain] INFO  o.h.e.t.j.p.i.JtaPlatformInitiator  - HHH000489: No JTA platform available (set 'hibernate.transaction.jta.platform' to enable JTA platform integration)
2026-03-27 18:39:54.493 [restartedMain] INFO  c.e.c.CodedockBackendApplication  - Started CodedockBackendApplication in 0.412 seconds (process running for 1618.446)
2026-03-27 18:41:11.385 [restartedMain] INFO  c.e.c.CodedockBackendApplication  - Starting CodedockBackendApplication using Java 17.0.18 with PID 29840 (C:\Users\karti\OneDrive\Documents\HavinCode\codedock-backend\target\classes started by karti in C:\Users\karti\OneDrive\Documents\HavinCode\codedock-backend)
2026-03-27 18:41:11.385 [restartedMain] DEBUG c.e.c.CodedockBackendApplication  - Running with Spring Boot v3.3.4, Spring v6.1.13
2026-03-27 18:41:11.385 [restartedMain] INFO  c.e.c.CodedockBackendApplication  - No active profile set, falling back to 1 default profile: "default"
2026-03-27 18:41:11.976 [restartedMain] INFO  o.h.jpa.internal.util.LogHelper  - HHH000204: Processing PersistenceUnitInfo [name: default]
2026-03-27 18:41:11.980 [restartedMain] INFO  o.h.c.i.RegionFactoryInitiator  - HHH000026: Second-level cache disabled
2026-03-27 18:41:12.124 [restartedMain] INFO  o.h.e.t.j.p.i.JtaPlatformInitiator  - HHH000489: No JTA platform available (set 'hibernate.transaction.jta.platform' to enable JTA platform integration)
2026-03-27 18:41:12.504 [restartedMain] INFO  c.e.c.CodedockBackendApplication  - Started CodedockBackendApplication in 1.176 seconds (process running for 1696.457)
2026-03-27 18:41:15.227 [restartedMain] INFO  c.e.c.CodedockBackendApplication  - Starting CodedockBackendApplication using Java 17.0.18 with PID 29840 (C:\Users\karti\OneDrive\Documents\HavinCode\codedock-backend\target\classes started by karti in C:\Users\karti\OneDrive\Documents\HavinCode\codedock-backend)
2026-03-27 18:41:15.228 [restartedMain] DEBUG c.e.c.CodedockBackendApplication  - Running with Spring Boot v3.3.4, Spring v6.1.13
2026-03-27 18:41:15.228 [restartedMain] INFO  c.e.c.CodedockBackendApplication  - No active profile set, falling back to 1 default profile: "default"
2026-03-27 18:41:15.487 [restartedMain] INFO  o.h.jpa.internal.util.LogHelper  - HHH000204: Processing PersistenceUnitInfo [name: default]
2026-03-27 18:41:15.489 [restartedMain] INFO  o.h.c.i.RegionFactoryInitiator  - HHH000026: Second-level cache disabled
2026-03-27 18:41:15.566 [restartedMain] INFO  o.h.e.t.j.p.i.JtaPlatformInitiator  - HHH000489: No JTA platform available (set 'hibernate.transaction.jta.platform' to enable JTA platform integration)
2026-03-27 18:41:15.574 [restartedMain] WARN  o.s.b.w.s.c.AnnotationConfigServletWebServerApplicationContext  - Exception encountered during context initialization - cancelling refresh attempt: org.springframework.beans.factory.BeanCreationException: Error creating bean with name 'authController': Lookup method resolution failed
2026-03-27 18:41:15.583 [restartedMain] ERROR o.s.boot.SpringApplication  - Application run failed
org.springframework.beans.factory.BeanCreationException: Error creating bean with name 'authController': Lookup method resolution failed
	at org.springframework.beans.factory.annotation.AutowiredAnnotationBeanPostProcessor.checkLookupMethods(AutowiredAnnotationBeanPostProcessor.java:498)
	at org.springframework.beans.factory.annotation.AutowiredAnnotationBeanPostProcessor.determineCandidateConstructors(AutowiredAnnotationBeanPostProcessor.java:368)
	at org.springframework.beans.factory.support.AbstractAutowireCapableBeanFactory.determineConstructorsFromBeanPostProcessors(AbstractAutowireCapableBeanFactory.java:1314)
	at org.springframework.beans.factory.support.AbstractAutowireCapableBeanFactory.createBeanInstance(AbstractAutowireCapableBeanFactory.java:1209)
	at org.springframework.beans.factory.support.AbstractAutowireCapableBeanFactory.doCreateBean(AbstractAutowireCapableBeanFactory.java:562)
	at org.springframework.beans.factory.support.AbstractAutowireCapableBeanFactory.createBean(AbstractAutowireCapableBeanFactory.java:522)
	at org.springframework.beans.factory.support.AbstractBeanFactory.lambda$doGetBean$0(AbstractBeanFactory.java:337)
	at org.springframework.beans.factory.support.DefaultSingletonBeanRegistry.getSingleton(DefaultSingletonBeanRegistry.java:234)
	at org.springframework.beans.factory.support.AbstractBeanFactory.doGetBean(AbstractBeanFactory.java:335)
	at org.springframework.beans.factory.support.AbstractBeanFactory.getBean(AbstractBeanFactory.java:200)
	at org.springframework.beans.factory.support.DefaultListableBeanFactory.preInstantiateSingletons(DefaultListableBeanFactory.java:975)
	at org.springframework.context.support.AbstractApplicationContext.finishBeanFactoryInitialization(AbstractApplicationContext.java:971)
	at org.springframework.context.support.AbstractApplicationContext.refresh(AbstractApplicationContext.java:625)
	at org.springframework.boot.web.servlet.context.ServletWebServerApplicationContext.refresh(ServletWebServerApplicationContext.java:146)
	at org.springframework.boot.SpringApplication.refresh(SpringApplication.java:754)
	at org.springframework.boot.SpringApplication.refreshContext(SpringApplication.java:456)
	at org.springframework.boot.SpringApplication.run(SpringApplication.java:335)
	at org.springframework.boot.SpringApplication.run(SpringApplication.java:1363)
	at org.springframework.boot.SpringApplication.run(SpringApplication.java:1352)
	at com.example.codedockbackend.CodedockBackendApplication.main(CodedockBackendApplication.java:21)
	at java.base/jdk.internal.reflect.NativeMethodAccessorImpl.invoke0(Native Method)
	at java.base/jdk.internal.reflect.NativeMethodAccessorImpl.invoke(NativeMethodAccessorImpl.java:77)
	at java.base/jdk.internal.reflect.DelegatingMethodAccessorImpl.invoke(DelegatingMethodAccessorImpl.java:43)
	at java.base/java.lang.reflect.Method.invoke(Method.java:569)
	at org.springframework.boot.devtools.restart.RestartLauncher.run(RestartLauncher.java:50)
Caused by: java.lang.IllegalStateException: Failed to introspect Class [com.example.codedockbackend.controller.AuthController] from ClassLoader [org.springframework.boot.devtools.restart.classloader.RestartClassLoader@7bf62dc9]
	at org.springframework.util.ReflectionUtils.getDeclaredMethods(ReflectionUtils.java:483)
	at org.springframework.util.ReflectionUtils.doWithLocalMethods(ReflectionUtils.java:320)
	at org.springframework.beans.factory.annotation.AutowiredAnnotationBeanPostProcessor.checkLookupMethods(AutowiredAnnotationBeanPostProcessor.java:476)
	... 24 common frames omitted
Caused by: java.lang.NoClassDefFoundError: com/example/codedockbackend/dto/LoginRequest
	at java.base/java.lang.Class.getDeclaredMethods0(Native Method)
	at java.base/java.lang.Class.privateGetDeclaredMethods(Class.java:3404)
	at java.base/java.lang.Class.getDeclaredMethods(Class.java:2506)
	at org.springframework.util.ReflectionUtils.getDeclaredMethods(ReflectionUtils.java:465)
	... 26 common frames omitted
Caused by: java.lang.ClassNotFoundException: com.example.codedockbackend.dto.LoginRequest
	at java.base/jdk.internal.loader.BuiltinClassLoader.loadClass(BuiltinClassLoader.java:641)
	at java.base/jdk.internal.loader.ClassLoaders$AppClassLoader.loadClass(ClassLoaders.java:188)
	at java.base/java.lang.ClassLoader.loadClass(ClassLoader.java:525)
	at java.base/java.lang.Class.forName0(Native Method)
	at java.base/java.lang.Class.forName(Class.java:469)
	at org.springframework.boot.devtools.restart.classloader.RestartClassLoader.loadClass(RestartClassLoader.java:121)
	at java.base/java.lang.ClassLoader.loadClass(ClassLoader.java:525)
	... 30 common frames omitted
2026-03-27 18:41:48.806 [restartedMain] INFO  c.e.c.CodedockBackendApplication  - Starting CodedockBackendApplication using Java 17.0.18 with PID 29840 (C:\Users\karti\OneDrive\Documents\HavinCode\codedock-backend\target\classes started by karti in C:\Users\karti\OneDrive\Documents\HavinCode\codedock-backend)
2026-03-27 18:41:48.806 [restartedMain] INFO  c.e.c.CodedockBackendApplication  - No active profile set, falling back to 1 default profile: "default"
2026-03-27 18:41:49.495 [restartedMain] WARN  o.s.b.w.s.c.AnnotationConfigServletWebServerApplicationContext  - Exception encountered during context initialization - cancelling refresh attempt: org.springframework.beans.factory.BeanCreationException: Error creating bean with name 'entityManagerFactory' defined in class path resource [org/springframework/boot/autoconfigure/orm/jpa/HibernateJpaConfiguration.class]: Failed to initialize dependency 'dataSourceScriptDatabaseInitializer' of LoadTimeWeaverAware bean 'entityManagerFactory': Error creating bean with name 'dataSourceScriptDatabaseInitializer' defined in class path resource [org/springframework/boot/autoconfigure/sql/init/DataSourceInitializationConfiguration.class]: Unsatisfied dependency expressed through method 'dataSourceScriptDatabaseInitializer' parameter 0: Error creating bean with name 'dataSource' defined in class path resource [org/springframework/boot/autoconfigure/jdbc/DataSourceConfiguration$Hikari.class]: Failed to instantiate [com.zaxxer.hikari.HikariDataSource]: Factory method 'dataSource' threw exception with message: Failed to determine a suitable driver class
2026-03-27 18:41:49.507 [restartedMain] ERROR o.s.b.d.LoggingFailureAnalysisReporter  - 

***************************
APPLICATION FAILED TO START
***************************

Description:

Failed to configure a DataSource: 'url' attribute is not specified and no embedded datasource could be configured.

Reason: Failed to determine a suitable driver class


Action:

Consider the following:
	If you want an embedded database (H2, HSQL or Derby), please put it on the classpath.
	If you have database settings to be loaded from a particular profile you may need to activate it (no profiles are currently active).

2026-03-27 18:41:50.994 [restartedMain] INFO  c.e.c.CodedockBackendApplication  - Starting CodedockBackendApplication using Java 17.0.18 with PID 29840 (C:\Users\karti\OneDrive\Documents\HavinCode\codedock-backend\target\classes started by karti in C:\Users\karti\OneDrive\Documents\HavinCode\codedock-backend)
2026-03-27 18:41:50.995 [restartedMain] DEBUG c.e.c.CodedockBackendApplication  - Running with Spring Boot v3.3.4, Spring v6.1.13
2026-03-27 18:41:50.995 [restartedMain] INFO  c.e.c.CodedockBackendApplication  - No active profile set, falling back to 1 default profile: "default"
2026-03-27 18:41:51.572 [restartedMain] INFO  o.h.jpa.internal.util.LogHelper  - HHH000204: Processing PersistenceUnitInfo [name: default]
2026-03-27 18:41:51.588 [restartedMain] INFO  o.h.c.i.RegionFactoryInitiator  - HHH000026: Second-level cache disabled
2026-03-27 18:41:51.738 [restartedMain] INFO  o.h.e.t.j.p.i.JtaPlatformInitiator  - HHH000489: No JTA platform available (set 'hibernate.transaction.jta.platform' to enable JTA platform integration)
2026-03-27 18:41:52.063 [restartedMain] INFO  c.e.c.CodedockBackendApplication  - Started CodedockBackendApplication in 1.127 seconds (process running for 1736.028)
2026-03-27 18:42:01.866 [restartedMain] INFO  c.e.c.CodedockBackendApplication  - Starting CodedockBackendApplication using Java 17.0.18 with PID 29840 (C:\Users\karti\OneDrive\Documents\HavinCode\codedock-backend\target\classes started by karti in C:\Users\karti\OneDrive\Documents\HavinCode\codedock-backend)
2026-03-27 18:42:01.867 [restartedMain] DEBUG c.e.c.CodedockBackendApplication  - Running with Spring Boot v3.3.4, Spring v6.1.13
2026-03-27 18:42:01.867 [restartedMain] INFO  c.e.c.CodedockBackendApplication  - No active profile set, falling back to 1 default profile: "default"
2026-03-27 18:42:02.355 [restartedMain] INFO  o.h.jpa.internal.util.LogHelper  - HHH000204: Processing PersistenceUnitInfo [name: default]
2026-03-27 18:42:02.355 [restartedMain] INFO  o.h.c.i.RegionFactoryInitiator  - HHH000026: Second-level cache disabled
2026-03-27 18:42:02.818 [restartedMain] INFO  o.h.e.t.j.p.i.JtaPlatformInitiator  - HHH000489: No JTA platform available (set 'hibernate.transaction.jta.platform' to enable JTA platform integration)
2026-03-27 18:42:02.826 [restartedMain] WARN  o.s.b.w.s.c.AnnotationConfigServletWebServerApplicationContext  - Exception encountered during context initialization - cancelling refresh attempt: org.springframework.beans.factory.BeanCreationException: Error creating bean with name 'authController': Lookup method resolution failed
2026-03-27 18:42:02.844 [restartedMain] ERROR o.s.boot.SpringApplication  - Application run failed
org.springframework.beans.factory.BeanCreationException: Error creating bean with name 'authController': Lookup method resolution failed
	at org.springframework.beans.factory.annotation.AutowiredAnnotationBeanPostProcessor.checkLookupMethods(AutowiredAnnotationBeanPostProcessor.java:498)
	at org.springframework.beans.factory.annotation.AutowiredAnnotationBeanPostProcessor.determineCandidateConstructors(AutowiredAnnotationBeanPostProcessor.java:368)
	at org.springframework.beans.factory.support.AbstractAutowireCapableBeanFactory.determineConstructorsFromBeanPostProcessors(AbstractAutowireCapableBeanFactory.java:1314)
	at org.springframework.beans.factory.support.AbstractAutowireCapableBeanFactory.createBeanInstance(AbstractAutowireCapableBeanFactory.java:1209)
	at org.springframework.beans.factory.support.AbstractAutowireCapableBeanFactory.doCreateBean(AbstractAutowireCapableBeanFactory.java:562)
	at org.springframework.beans.factory.support.AbstractAutowireCapableBeanFactory.createBean(AbstractAutowireCapableBeanFactory.java:522)
	at org.springframework.beans.factory.support.AbstractBeanFactory.lambda$doGetBean$0(AbstractBeanFactory.java:337)
	at org.springframework.beans.factory.support.DefaultSingletonBeanRegistry.getSingleton(DefaultSingletonBeanRegistry.java:234)
	at org.springframework.beans.factory.support.AbstractBeanFactory.doGetBean(AbstractBeanFactory.java:335)
	at org.springframework.beans.factory.support.AbstractBeanFactory.getBean(AbstractBeanFactory.java:200)
	at org.springframework.beans.factory.support.DefaultListableBeanFactory.preInstantiateSingletons(DefaultListableBeanFactory.java:975)
	at org.springframework.context.support.AbstractApplicationContext.finishBeanFactoryInitialization(AbstractApplicationContext.java:971)
	at org.springframework.context.support.AbstractApplicationContext.refresh(AbstractApplicationContext.java:625)
	at org.springframework.boot.web.servlet.context.ServletWebServerApplicationContext.refresh(ServletWebServerApplicationContext.java:146)
	at org.springframework.boot.SpringApplication.refresh(SpringApplication.java:754)
	at org.springframework.boot.SpringApplication.refreshContext(SpringApplication.java:456)
	at org.springframework.boot.SpringApplication.run(SpringApplication.java:335)
	at org.springframework.boot.SpringApplication.run(SpringApplication.java:1363)
	at org.springframework.boot.SpringApplication.run(SpringApplication.java:1352)
	at com.example.codedockbackend.CodedockBackendApplication.main(CodedockBackendApplication.java:21)
	at java.base/jdk.internal.reflect.NativeMethodAccessorImpl.invoke0(Native Method)
	at java.base/jdk.internal.reflect.NativeMethodAccessorImpl.invoke(NativeMethodAccessorImpl.java:77)
	at java.base/jdk.internal.reflect.DelegatingMethodAccessorImpl.invoke(DelegatingMethodAccessorImpl.java:43)
	at java.base/java.lang.reflect.Method.invoke(Method.java:569)
	at org.springframework.boot.devtools.restart.RestartLauncher.run(RestartLauncher.java:50)
Caused by: java.lang.IllegalStateException: Failed to introspect Class [com.example.codedockbackend.controller.AuthController] from ClassLoader [org.springframework.boot.devtools.restart.classloader.RestartClassLoader@43939e70]
	at org.springframework.util.ReflectionUtils.getDeclaredMethods(ReflectionUtils.java:483)
	at org.springframework.util.ReflectionUtils.doWithLocalMethods(ReflectionUtils.java:320)
	at org.springframework.beans.factory.annotation.AutowiredAnnotationBeanPostProcessor.checkLookupMethods(AutowiredAnnotationBeanPostProcessor.java:476)
	... 24 common frames omitted
Caused by: java.lang.NoClassDefFoundError: com/example/codedockbackend/dto/LoginRequest
	at java.base/java.lang.Class.getDeclaredMethods0(Native Method)
	at java.base/java.lang.Class.privateGetDeclaredMethods(Class.java:3404)
	at java.base/java.lang.Class.getDeclaredMethods(Class.java:2506)
	at org.springframework.util.ReflectionUtils.getDeclaredMethods(ReflectionUtils.java:465)
	... 26 common frames omitted
Caused by: java.lang.ClassNotFoundException: com.example.codedockbackend.dto.LoginRequest
	at java.base/jdk.internal.loader.BuiltinClassLoader.loadClass(BuiltinClassLoader.java:641)
	at java.base/jdk.internal.loader.ClassLoaders$AppClassLoader.loadClass(ClassLoaders.java:188)
	at java.base/java.lang.ClassLoader.loadClass(ClassLoader.java:525)
	at java.base/java.lang.Class.forName0(Native Method)
	at java.base/java.lang.Class.forName(Class.java:469)
	at org.springframework.boot.devtools.restart.classloader.RestartClassLoader.loadClass(RestartClassLoader.java:121)
	at java.base/java.lang.ClassLoader.loadClass(ClassLoader.java:525)
	... 30 common frames omitted
2026-03-27 18:45:38.345 [restartedMain] INFO  c.e.c.CodedockBackendApplication  - Starting CodedockBackendApplication using Java 17.0.18 with PID 29840 (C:\Users\karti\OneDrive\Documents\HavinCode\codedock-backend\target\classes started by karti in C:\Users\karti\OneDrive\Documents\HavinCode\codedock-backend)
2026-03-27 18:45:38.346 [restartedMain] DEBUG c.e.c.CodedockBackendApplication  - Running with Spring Boot v3.3.4, Spring v6.1.13
2026-03-27 18:45:38.346 [restartedMain] INFO  c.e.c.CodedockBackendApplication  - No active profile set, falling back to 1 default profile: "default"
2026-03-27 18:45:38.543 [restartedMain] INFO  o.h.jpa.internal.util.LogHelper  - HHH000204: Processing PersistenceUnitInfo [name: default]
2026-03-27 18:45:38.544 [restartedMain] INFO  o.h.c.i.RegionFactoryInitiator  - HHH000026: Second-level cache disabled
2026-03-27 18:45:38.623 [restartedMain] INFO  o.h.e.t.j.p.i.JtaPlatformInitiator  - HHH000489: No JTA platform available (set 'hibernate.transaction.jta.platform' to enable JTA platform integration)
2026-03-27 18:45:38.628 [restartedMain] WARN  o.s.b.w.s.c.AnnotationConfigServletWebServerApplicationContext  - Exception encountered during context initialization - cancelling refresh attempt: org.springframework.beans.factory.BeanCreationException: Error creating bean with name 'authController': Lookup method resolution failed
2026-03-27 18:45:38.637 [restartedMain] ERROR o.s.boot.SpringApplication  - Application run failed
org.springframework.beans.factory.BeanCreationException: Error creating bean with name 'authController': Lookup method resolution failed
	at org.springframework.beans.factory.annotation.AutowiredAnnotationBeanPostProcessor.checkLookupMethods(AutowiredAnnotationBeanPostProcessor.java:498)
	at org.springframework.beans.factory.annotation.AutowiredAnnotationBeanPostProcessor.determineCandidateConstructors(AutowiredAnnotationBeanPostProcessor.java:368)
	at org.springframework.beans.factory.support.AbstractAutowireCapableBeanFactory.determineConstructorsFromBeanPostProcessors(AbstractAutowireCapableBeanFactory.java:1314)
	at org.springframework.beans.factory.support.AbstractAutowireCapableBeanFactory.createBeanInstance(AbstractAutowireCapableBeanFactory.java:1209)
	at org.springframework.beans.factory.support.AbstractAutowireCapableBeanFactory.doCreateBean(AbstractAutowireCapableBeanFactory.java:562)
	at org.springframework.beans.factory.support.AbstractAutowireCapableBeanFactory.createBean(AbstractAutowireCapableBeanFactory.java:522)
	at org.springframework.beans.factory.support.AbstractBeanFactory.lambda$doGetBean$0(AbstractBeanFactory.java:337)
	at org.springframework.beans.factory.support.DefaultSingletonBeanRegistry.getSingleton(DefaultSingletonBeanRegistry.java:234)
	at org.springframework.beans.factory.support.AbstractBeanFactory.doGetBean(AbstractBeanFactory.java:335)
	at org.springframework.beans.factory.support.AbstractBeanFactory.getBean(AbstractBeanFactory.java:200)
	at org.springframework.beans.factory.support.DefaultListableBeanFactory.preInstantiateSingletons(DefaultListableBeanFactory.java:975)
	at org.springframework.context.support.AbstractApplicationContext.finishBeanFactoryInitialization(AbstractApplicationContext.java:971)
	at org.springframework.context.support.AbstractApplicationContext.refresh(AbstractApplicationContext.java:625)
	at org.springframework.boot.web.servlet.context.ServletWebServerApplicationContext.refresh(ServletWebServerApplicationContext.java:146)
	at org.springframework.boot.SpringApplication.refresh(SpringApplication.java:754)
	at org.springframework.boot.SpringApplication.refreshContext(SpringApplication.java:456)
	at org.springframework.boot.SpringApplication.run(SpringApplication.java:335)
	at org.springframework.boot.SpringApplication.run(SpringApplication.java:1363)
	at org.springframework.boot.SpringApplication.run(SpringApplication.java:1352)
	at com.example.codedockbackend.CodedockBackendApplication.main(CodedockBackendApplication.java:21)
	at java.base/jdk.internal.reflect.NativeMethodAccessorImpl.invoke0(Native Method)
	at java.base/jdk.internal.reflect.NativeMethodAccessorImpl.invoke(NativeMethodAccessorImpl.java:77)
	at java.base/jdk.internal.reflect.DelegatingMethodAccessorImpl.invoke(DelegatingMethodAccessorImpl.java:43)
	at java.base/java.lang.reflect.Method.invoke(Method.java:569)
	at org.springframework.boot.devtools.restart.RestartLauncher.run(RestartLauncher.java:50)
Caused by: java.lang.IllegalStateException: Failed to introspect Class [com.example.codedockbackend.controller.AuthController] from ClassLoader [org.springframework.boot.devtools.restart.classloader.RestartClassLoader@39a9e46a]
	at org.springframework.util.ReflectionUtils.getDeclaredMethods(ReflectionUtils.java:483)
	at org.springframework.util.ReflectionUtils.doWithLocalMethods(ReflectionUtils.java:320)
	at org.springframework.beans.factory.annotation.AutowiredAnnotationBeanPostProcessor.checkLookupMethods(AutowiredAnnotationBeanPostProcessor.java:476)
	... 24 common frames omitted
Caused by: java.lang.NoClassDefFoundError: com/example/codedockbackend/dto/LoginRequest
	at java.base/java.lang.Class.getDeclaredMethods0(Native Method)
	at java.base/java.lang.Class.privateGetDeclaredMethods(Class.java:3404)
	at java.base/java.lang.Class.getDeclaredMethods(Class.java:2506)
	at org.springframework.util.ReflectionUtils.getDeclaredMethods(ReflectionUtils.java:465)
	... 26 common frames omitted
Caused by: java.lang.ClassNotFoundException: com.example.codedockbackend.dto.LoginRequest
	at java.base/jdk.internal.loader.BuiltinClassLoader.loadClass(BuiltinClassLoader.java:641)
	at java.base/jdk.internal.loader.ClassLoaders$AppClassLoader.loadClass(ClassLoaders.java:188)
	at java.base/java.lang.ClassLoader.loadClass(ClassLoader.java:525)
	at java.base/java.lang.Class.forName0(Native Method)
	at java.base/java.lang.Class.forName(Class.java:469)
	at org.springframework.boot.devtools.restart.classloader.RestartClassLoader.loadClass(RestartClassLoader.java:121)
	at java.base/java.lang.ClassLoader.loadClass(ClassLoader.java:525)
	... 30 common frames omitted
2026-03-27 18:45:46.282 [restartedMain] INFO  c.e.c.CodedockBackendApplication  - Starting CodedockBackendApplication using Java 17.0.18 with PID 29840 (C:\Users\karti\OneDrive\Documents\HavinCode\codedock-backend\target\classes started by karti in C:\Users\karti\OneDrive\Documents\HavinCode\codedock-backend)
2026-03-27 18:45:46.282 [restartedMain] DEBUG c.e.c.CodedockBackendApplication  - Running with Spring Boot v3.3.4, Spring v6.1.13
2026-03-27 18:45:46.285 [restartedMain] INFO  c.e.c.CodedockBackendApplication  - No active profile set, falling back to 1 default profile: "default"
2026-03-27 18:45:46.929 [restartedMain] INFO  o.h.jpa.internal.util.LogHelper  - HHH000204: Processing PersistenceUnitInfo [name: default]
2026-03-27 18:45:46.934 [restartedMain] INFO  o.h.c.i.RegionFactoryInitiator  - HHH000026: Second-level cache disabled
2026-03-27 18:45:47.077 [restartedMain] INFO  o.h.e.t.j.p.i.JtaPlatformInitiator  - HHH000489: No JTA platform available (set 'hibernate.transaction.jta.platform' to enable JTA platform integration)
2026-03-27 18:45:47.432 [restartedMain] INFO  c.e.c.CodedockBackendApplication  - Started CodedockBackendApplication in 1.201 seconds (process running for 1971.385)
2026-03-27 18:45:58.311 [restartedMain] INFO  c.e.c.CodedockBackendApplication  - Starting CodedockBackendApplication using Java 17.0.18 with PID 29840 (C:\Users\karti\OneDrive\Documents\HavinCode\codedock-backend\target\classes started by karti in C:\Users\karti\OneDrive\Documents\HavinCode\codedock-backend)
2026-03-27 18:45:58.311 [restartedMain] DEBUG c.e.c.CodedockBackendApplication  - Running with Spring Boot v3.3.4, Spring v6.1.13
2026-03-27 18:45:58.311 [restartedMain] INFO  c.e.c.CodedockBackendApplication  - No active profile set, falling back to 1 default profile: "default"
2026-03-27 18:45:59.662 [restartedMain] INFO  o.h.jpa.internal.util.LogHelper  - HHH000204: Processing PersistenceUnitInfo [name: default]
2026-03-27 18:45:59.672 [restartedMain] INFO  o.h.c.i.RegionFactoryInitiator  - HHH000026: Second-level cache disabled
2026-03-27 18:45:59.911 [restartedMain] INFO  o.h.e.t.j.p.i.JtaPlatformInitiator  - HHH000489: No JTA platform available (set 'hibernate.transaction.jta.platform' to enable JTA platform integration)
2026-03-27 18:45:59.911 [restartedMain] WARN  o.s.b.w.s.c.AnnotationConfigServletWebServerApplicationContext  - Exception encountered during context initialization - cancelling refresh attempt: org.springframework.beans.factory.BeanCreationException: Error creating bean with name 'authController': Lookup method resolution failed
2026-03-27 18:45:59.943 [restartedMain] ERROR o.s.boot.SpringApplication  - Application run failed
org.springframework.beans.factory.BeanCreationException: Error creating bean with name 'authController': Lookup method resolution failed
	at org.springframework.beans.factory.annotation.AutowiredAnnotationBeanPostProcessor.checkLookupMethods(AutowiredAnnotationBeanPostProcessor.java:498)
	at org.springframework.beans.factory.annotation.AutowiredAnnotationBeanPostProcessor.determineCandidateConstructors(AutowiredAnnotationBeanPostProcessor.java:368)
	at org.springframework.beans.factory.support.AbstractAutowireCapableBeanFactory.determineConstructorsFromBeanPostProcessors(AbstractAutowireCapableBeanFactory.java:1314)
	at org.springframework.beans.factory.support.AbstractAutowireCapableBeanFactory.createBeanInstance(AbstractAutowireCapableBeanFactory.java:1209)
	at org.springframework.beans.factory.support.AbstractAutowireCapableBeanFactory.doCreateBean(AbstractAutowireCapableBeanFactory.java:562)
	at org.springframework.beans.factory.support.AbstractAutowireCapableBeanFactory.createBean(AbstractAutowireCapableBeanFactory.java:522)
	at org.springframework.beans.factory.support.AbstractBeanFactory.lambda$doGetBean$0(AbstractBeanFactory.java:337)
	at org.springframework.beans.factory.support.DefaultSingletonBeanRegistry.getSingleton(DefaultSingletonBeanRegistry.java:234)
	at org.springframework.beans.factory.support.AbstractBeanFactory.doGetBean(AbstractBeanFactory.java:335)
	at org.springframework.beans.factory.support.AbstractBeanFactory.getBean(AbstractBeanFactory.java:200)
	at org.springframework.beans.factory.support.DefaultListableBeanFactory.preInstantiateSingletons(DefaultListableBeanFactory.java:975)
	at org.springframework.context.support.AbstractApplicationContext.finishBeanFactoryInitialization(AbstractApplicationContext.java:971)
	at org.springframework.context.support.AbstractApplicationContext.refresh(AbstractApplicationContext.java:625)
	at org.springframework.boot.web.servlet.context.ServletWebServerApplicationContext.refresh(ServletWebServerApplicationContext.java:146)
	at org.springframework.boot.SpringApplication.refresh(SpringApplication.java:754)
	at org.springframework.boot.SpringApplication.refreshContext(SpringApplication.java:456)
	at org.springframework.boot.SpringApplication.run(SpringApplication.java:335)
	at org.springframework.boot.SpringApplication.run(SpringApplication.java:1363)
	at org.springframework.boot.SpringApplication.run(SpringApplication.java:1352)
	at com.example.codedockbackend.CodedockBackendApplication.main(CodedockBackendApplication.java:21)
	at java.base/jdk.internal.reflect.NativeMethodAccessorImpl.invoke0(Native Method)
	at java.base/jdk.internal.reflect.NativeMethodAccessorImpl.invoke(NativeMethodAccessorImpl.java:77)
	at java.base/jdk.internal.reflect.DelegatingMethodAccessorImpl.invoke(DelegatingMethodAccessorImpl.java:43)
	at java.base/java.lang.reflect.Method.invoke(Method.java:569)
	at org.springframework.boot.devtools.restart.RestartLauncher.run(RestartLauncher.java:50)
Caused by: java.lang.IllegalStateException: Failed to introspect Class [com.example.codedockbackend.controller.AuthController] from ClassLoader [org.springframework.boot.devtools.restart.classloader.RestartClassLoader@129e5a46]
	at org.springframework.util.ReflectionUtils.getDeclaredMethods(ReflectionUtils.java:483)
	at org.springframework.util.ReflectionUtils.doWithLocalMethods(ReflectionUtils.java:320)
	at org.springframework.beans.factory.annotation.AutowiredAnnotationBeanPostProcessor.checkLookupMethods(AutowiredAnnotationBeanPostProcessor.java:476)
	... 24 common frames omitted
Caused by: java.lang.NoClassDefFoundError: com/example/codedockbackend/dto/LoginRequest
	at java.base/java.lang.Class.getDeclaredMethods0(Native Method)
	at java.base/java.lang.Class.privateGetDeclaredMethods(Class.java:3404)
	at java.base/java.lang.Class.getDeclaredMethods(Class.java:2506)
	at org.springframework.util.ReflectionUtils.getDeclaredMethods(ReflectionUtils.java:465)
	... 26 common frames omitted
Caused by: java.lang.ClassNotFoundException: com.example.codedockbackend.dto.LoginRequest
	at java.base/jdk.internal.loader.BuiltinClassLoader.loadClass(BuiltinClassLoader.java:641)
	at java.base/jdk.internal.loader.ClassLoaders$AppClassLoader.loadClass(ClassLoaders.java:188)
	at java.base/java.lang.ClassLoader.loadClass(ClassLoader.java:525)
	at java.base/java.lang.Class.forName0(Native Method)
	at java.base/java.lang.Class.forName(Class.java:469)
	at org.springframework.boot.devtools.restart.classloader.RestartClassLoader.loadClass(RestartClassLoader.java:121)
	at java.base/java.lang.ClassLoader.loadClass(ClassLoader.java:525)
	... 30 common frames omitted
2026-03-27 18:46:38.497 [restartedMain] INFO  c.e.c.CodedockBackendApplication  - Starting CodedockBackendApplication using Java 17.0.18 with PID 29840 (C:\Users\karti\OneDrive\Documents\HavinCode\codedock-backend\target\classes started by karti in C:\Users\karti\OneDrive\Documents\HavinCode\codedock-backend)
2026-03-27 18:46:38.497 [restartedMain] DEBUG c.e.c.CodedockBackendApplication  - Running with Spring Boot v3.3.4, Spring v6.1.13
2026-03-27 18:46:38.497 [restartedMain] INFO  c.e.c.CodedockBackendApplication  - No active profile set, falling back to 1 default profile: "default"
2026-03-27 18:46:39.220 [restartedMain] INFO  o.h.jpa.internal.util.LogHelper  - HHH000204: Processing PersistenceUnitInfo [name: default]
2026-03-27 18:46:39.229 [restartedMain] INFO  o.h.c.i.RegionFactoryInitiator  - HHH000026: Second-level cache disabled
2026-03-27 18:46:39.383 [restartedMain] INFO  o.h.e.t.j.p.i.JtaPlatformInitiator  - HHH000489: No JTA platform available (set 'hibernate.transaction.jta.platform' to enable JTA platform integration)
2026-03-27 18:46:39.705 [restartedMain] INFO  c.e.c.CodedockBackendApplication  - Started CodedockBackendApplication in 1.285 seconds (process running for 2023.658)
2026-03-27 18:46:46.920 [restartedMain] INFO  c.e.c.CodedockBackendApplication  - Starting CodedockBackendApplication using Java 17.0.18 with PID 29840 (C:\Users\karti\OneDrive\Documents\HavinCode\codedock-backend\target\classes started by karti in C:\Users\karti\OneDrive\Documents\HavinCode\codedock-backend)
2026-03-27 18:46:46.920 [restartedMain] DEBUG c.e.c.CodedockBackendApplication  - Running with Spring Boot v3.3.4, Spring v6.1.13
2026-03-27 18:46:46.920 [restartedMain] INFO  c.e.c.CodedockBackendApplication  - No active profile set, falling back to 1 default profile: "default"
2026-03-27 18:46:47.171 [restartedMain] INFO  o.h.jpa.internal.util.LogHelper  - HHH000204: Processing PersistenceUnitInfo [name: default]
2026-03-27 18:46:47.173 [restartedMain] INFO  o.h.c.i.RegionFactoryInitiator  - HHH000026: Second-level cache disabled
2026-03-27 18:46:47.251 [restartedMain] INFO  o.h.e.t.j.p.i.JtaPlatformInitiator  - HHH000489: No JTA platform available (set 'hibernate.transaction.jta.platform' to enable JTA platform integration)
2026-03-27 18:46:47.256 [restartedMain] WARN  o.s.b.w.s.c.AnnotationConfigServletWebServerApplicationContext  - Exception encountered during context initialization - cancelling refresh attempt: org.springframework.beans.factory.BeanCreationException: Error creating bean with name 'authController': Lookup method resolution failed
2026-03-27 18:46:47.265 [restartedMain] ERROR o.s.boot.SpringApplication  - Application run failed
org.springframework.beans.factory.BeanCreationException: Error creating bean with name 'authController': Lookup method resolution failed
	at org.springframework.beans.factory.annotation.AutowiredAnnotationBeanPostProcessor.checkLookupMethods(AutowiredAnnotationBeanPostProcessor.java:498)
	at org.springframework.beans.factory.annotation.AutowiredAnnotationBeanPostProcessor.determineCandidateConstructors(AutowiredAnnotationBeanPostProcessor.java:368)
	at org.springframework.beans.factory.support.AbstractAutowireCapableBeanFactory.determineConstructorsFromBeanPostProcessors(AbstractAutowireCapableBeanFactory.java:1314)
	at org.springframework.beans.factory.support.AbstractAutowireCapableBeanFactory.createBeanInstance(AbstractAutowireCapableBeanFactory.java:1209)
	at org.springframework.beans.factory.support.AbstractAutowireCapableBeanFactory.doCreateBean(AbstractAutowireCapableBeanFactory.java:562)
	at org.springframework.beans.factory.support.AbstractAutowireCapableBeanFactory.createBean(AbstractAutowireCapableBeanFactory.java:522)
	at org.springframework.beans.factory.support.AbstractBeanFactory.lambda$doGetBean$0(AbstractBeanFactory.java:337)
	at org.springframework.beans.factory.support.DefaultSingletonBeanRegistry.getSingleton(DefaultSingletonBeanRegistry.java:234)
	at org.springframework.beans.factory.support.AbstractBeanFactory.doGetBean(AbstractBeanFactory.java:335)
	at org.springframework.beans.factory.support.AbstractBeanFactory.getBean(AbstractBeanFactory.java:200)
	at org.springframework.beans.factory.support.DefaultListableBeanFactory.preInstantiateSingletons(DefaultListableBeanFactory.java:975)
	at org.springframework.context.support.AbstractApplicationContext.finishBeanFactoryInitialization(AbstractApplicationContext.java:971)
	at org.springframework.context.support.AbstractApplicationContext.refresh(AbstractApplicationContext.java:625)
	at org.springframework.boot.web.servlet.context.ServletWebServerApplicationContext.refresh(ServletWebServerApplicationContext.java:146)
	at org.springframework.boot.SpringApplication.refresh(SpringApplication.java:754)
	at org.springframework.boot.SpringApplication.refreshContext(SpringApplication.java:456)
	at org.springframework.boot.SpringApplication.run(SpringApplication.java:335)
	at org.springframework.boot.SpringApplication.run(SpringApplication.java:1363)
	at org.springframework.boot.SpringApplication.run(SpringApplication.java:1352)
	at com.example.codedockbackend.CodedockBackendApplication.main(CodedockBackendApplication.java:21)
	at java.base/jdk.internal.reflect.NativeMethodAccessorImpl.invoke0(Native Method)
	at java.base/jdk.internal.reflect.NativeMethodAccessorImpl.invoke(NativeMethodAccessorImpl.java:77)
	at java.base/jdk.internal.reflect.DelegatingMethodAccessorImpl.invoke(DelegatingMethodAccessorImpl.java:43)
	at java.base/java.lang.reflect.Method.invoke(Method.java:569)
	at org.springframework.boot.devtools.restart.RestartLauncher.run(RestartLauncher.java:50)
Caused by: java.lang.IllegalStateException: Failed to introspect Class [com.example.codedockbackend.controller.AuthController] from ClassLoader [org.springframework.boot.devtools.restart.classloader.RestartClassLoader@4f416635]
	at org.springframework.util.ReflectionUtils.getDeclaredMethods(ReflectionUtils.java:483)
	at org.springframework.util.ReflectionUtils.doWithLocalMethods(ReflectionUtils.java:320)
	at org.springframework.beans.factory.annotation.AutowiredAnnotationBeanPostProcessor.checkLookupMethods(AutowiredAnnotationBeanPostProcessor.java:476)
	... 24 common frames omitted
Caused by: java.lang.NoClassDefFoundError: com/example/codedockbackend/dto/LoginRequest
	at java.base/java.lang.Class.getDeclaredMethods0(Native Method)
	at java.base/java.lang.Class.privateGetDeclaredMethods(Class.java:3404)
	at java.base/java.lang.Class.getDeclaredMethods(Class.java:2506)
	at org.springframework.util.ReflectionUtils.getDeclaredMethods(ReflectionUtils.java:465)
	... 26 common frames omitted
Caused by: java.lang.ClassNotFoundException: com.example.codedockbackend.dto.LoginRequest
	at java.base/jdk.internal.loader.BuiltinClassLoader.loadClass(BuiltinClassLoader.java:641)
	at java.base/jdk.internal.loader.ClassLoaders$AppClassLoader.loadClass(ClassLoaders.java:188)
	at java.base/java.lang.ClassLoader.loadClass(ClassLoader.java:525)
	at java.base/java.lang.Class.forName0(Native Method)
	at java.base/java.lang.Class.forName(Class.java:469)
	at org.springframework.boot.devtools.restart.classloader.RestartClassLoader.loadClass(RestartClassLoader.java:121)
	at java.base/java.lang.ClassLoader.loadClass(ClassLoader.java:525)
	... 30 common frames omitted
2026-03-27 18:46:48.725 [restartedMain] INFO  c.e.c.CodedockBackendApplication  - Starting CodedockBackendApplication using Java 17.0.18 with PID 29840 (C:\Users\karti\OneDrive\Documents\HavinCode\codedock-backend\target\classes started by karti in C:\Users\karti\OneDrive\Documents\HavinCode\codedock-backend)
2026-03-27 18:46:48.726 [restartedMain] DEBUG c.e.c.CodedockBackendApplication  - Running with Spring Boot v3.3.4, Spring v6.1.13
2026-03-27 18:46:48.726 [restartedMain] INFO  c.e.c.CodedockBackendApplication  - No active profile set, falling back to 1 default profile: "default"
2026-03-27 18:46:49.132 [restartedMain] INFO  o.h.jpa.internal.util.LogHelper  - HHH000204: Processing PersistenceUnitInfo [name: default]
2026-03-27 18:46:49.134 [restartedMain] INFO  o.h.c.i.RegionFactoryInitiator  - HHH000026: Second-level cache disabled
2026-03-27 18:46:49.209 [restartedMain] INFO  o.h.e.t.j.p.i.JtaPlatformInitiator  - HHH000489: No JTA platform available (set 'hibernate.transaction.jta.platform' to enable JTA platform integration)
2026-03-27 18:46:49.213 [restartedMain] WARN  o.s.b.w.s.c.AnnotationConfigServletWebServerApplicationContext  - Exception encountered during context initialization - cancelling refresh attempt: org.springframework.beans.factory.BeanCreationException: Error creating bean with name 'authController': Lookup method resolution failed
2026-03-27 18:46:49.221 [restartedMain] ERROR o.s.boot.SpringApplication  - Application run failed
org.springframework.beans.factory.BeanCreationException: Error creating bean with name 'authController': Lookup method resolution failed
	at org.springframework.beans.factory.annotation.AutowiredAnnotationBeanPostProcessor.checkLookupMethods(AutowiredAnnotationBeanPostProcessor.java:498)
	at org.springframework.beans.factory.annotation.AutowiredAnnotationBeanPostProcessor.determineCandidateConstructors(AutowiredAnnotationBeanPostProcessor.java:368)
	at org.springframework.beans.factory.support.AbstractAutowireCapableBeanFactory.determineConstructorsFromBeanPostProcessors(AbstractAutowireCapableBeanFactory.java:1314)
	at org.springframework.beans.factory.support.AbstractAutowireCapableBeanFactory.createBeanInstance(AbstractAutowireCapableBeanFactory.java:1209)
	at org.springframework.beans.factory.support.AbstractAutowireCapableBeanFactory.doCreateBean(AbstractAutowireCapableBeanFactory.java:562)
	at org.springframework.beans.factory.support.AbstractAutowireCapableBeanFactory.createBean(AbstractAutowireCapableBeanFactory.java:522)
	at org.springframework.beans.factory.support.AbstractBeanFactory.lambda$doGetBean$0(AbstractBeanFactory.java:337)
	at org.springframework.beans.factory.support.DefaultSingletonBeanRegistry.getSingleton(DefaultSingletonBeanRegistry.java:234)
	at org.springframework.beans.factory.support.AbstractBeanFactory.doGetBean(AbstractBeanFactory.java:335)
	at org.springframework.beans.factory.support.AbstractBeanFactory.getBean(AbstractBeanFactory.java:200)
	at org.springframework.beans.factory.support.DefaultListableBeanFactory.preInstantiateSingletons(DefaultListableBeanFactory.java:975)
	at org.springframework.context.support.AbstractApplicationContext.finishBeanFactoryInitialization(AbstractApplicationContext.java:971)
	at org.springframework.context.support.AbstractApplicationContext.refresh(AbstractApplicationContext.java:625)
	at org.springframework.boot.web.servlet.context.ServletWebServerApplicationContext.refresh(ServletWebServerApplicationContext.java:146)
	at org.springframework.boot.SpringApplication.refresh(SpringApplication.java:754)
	at org.springframework.boot.SpringApplication.refreshContext(SpringApplication.java:456)
	at org.springframework.boot.SpringApplication.run(SpringApplication.java:335)
	at org.springframework.boot.SpringApplication.run(SpringApplication.java:1363)
	at org.springframework.boot.SpringApplication.run(SpringApplication.java:1352)
	at com.example.codedockbackend.CodedockBackendApplication.main(CodedockBackendApplication.java:21)
	at java.base/jdk.internal.reflect.NativeMethodAccessorImpl.invoke0(Native Method)
	at java.base/jdk.internal.reflect.NativeMethodAccessorImpl.invoke(NativeMethodAccessorImpl.java:77)
	at java.base/jdk.internal.reflect.DelegatingMethodAccessorImpl.invoke(DelegatingMethodAccessorImpl.java:43)
	at java.base/java.lang.reflect.Method.invoke(Method.java:569)
	at org.springframework.boot.devtools.restart.RestartLauncher.run(RestartLauncher.java:50)
Caused by: java.lang.IllegalStateException: Failed to introspect Class [com.example.codedockbackend.controller.AuthController] from ClassLoader [org.springframework.boot.devtools.restart.classloader.RestartClassLoader@4e5f89b4]
	at org.springframework.util.ReflectionUtils.getDeclaredMethods(ReflectionUtils.java:483)
	at org.springframework.util.ReflectionUtils.doWithLocalMethods(ReflectionUtils.java:320)
	at org.springframework.beans.factory.annotation.AutowiredAnnotationBeanPostProcessor.checkLookupMethods(AutowiredAnnotationBeanPostProcessor.java:476)
	... 24 common frames omitted
Caused by: java.lang.NoClassDefFoundError: com/example/codedockbackend/dto/LoginRequest
	at java.base/java.lang.Class.getDeclaredMethods0(Native Method)
	at java.base/java.lang.Class.privateGetDeclaredMethods(Class.java:3404)
	at java.base/java.lang.Class.getDeclaredMethods(Class.java:2506)
	at org.springframework.util.ReflectionUtils.getDeclaredMethods(ReflectionUtils.java:465)
	... 26 common frames omitted
Caused by: java.lang.ClassNotFoundException: com.example.codedockbackend.dto.LoginRequest
	at java.base/jdk.internal.loader.BuiltinClassLoader.loadClass(BuiltinClassLoader.java:641)
	at java.base/jdk.internal.loader.ClassLoaders$AppClassLoader.loadClass(ClassLoaders.java:188)
	at java.base/java.lang.ClassLoader.loadClass(ClassLoader.java:525)
	at java.base/java.lang.Class.forName0(Native Method)
	at java.base/java.lang.Class.forName(Class.java:469)
	at org.springframework.boot.devtools.restart.classloader.RestartClassLoader.loadClass(RestartClassLoader.java:121)
	at java.base/java.lang.ClassLoader.loadClass(ClassLoader.java:525)
	... 30 common frames omitted
2026-03-27 18:47:17.293 [restartedMain] INFO  c.e.c.CodedockBackendApplication  - Starting CodedockBackendApplication using Java 17.0.18 with PID 29840 (C:\Users\karti\OneDrive\Documents\HavinCode\codedock-backend\target\classes started by karti in C:\Users\karti\OneDrive\Documents\HavinCode\codedock-backend)
2026-03-27 18:47:17.294 [restartedMain] DEBUG c.e.c.CodedockBackendApplication  - Running with Spring Boot v3.3.4, Spring v6.1.13
2026-03-27 18:47:17.294 [restartedMain] INFO  c.e.c.CodedockBackendApplication  - No active profile set, falling back to 1 default profile: "default"
2026-03-27 18:47:17.452 [restartedMain] INFO  o.h.jpa.internal.util.LogHelper  - HHH000204: Processing PersistenceUnitInfo [name: default]
2026-03-27 18:47:17.454 [restartedMain] INFO  o.h.c.i.RegionFactoryInitiator  - HHH000026: Second-level cache disabled
2026-03-27 18:47:17.533 [restartedMain] INFO  o.h.e.t.j.p.i.JtaPlatformInitiator  - HHH000489: No JTA platform available (set 'hibernate.transaction.jta.platform' to enable JTA platform integration)
2026-03-27 18:47:17.536 [restartedMain] WARN  o.s.b.w.s.c.AnnotationConfigServletWebServerApplicationContext  - Exception encountered during context initialization - cancelling refresh attempt: org.springframework.beans.factory.BeanCreationException: Error creating bean with name 'authController': Lookup method resolution failed
2026-03-27 18:47:17.542 [restartedMain] ERROR o.s.boot.SpringApplication  - Application run failed
org.springframework.beans.factory.BeanCreationException: Error creating bean with name 'authController': Lookup method resolution failed
	at org.springframework.beans.factory.annotation.AutowiredAnnotationBeanPostProcessor.checkLookupMethods(AutowiredAnnotationBeanPostProcessor.java:498)
	at org.springframework.beans.factory.annotation.AutowiredAnnotationBeanPostProcessor.determineCandidateConstructors(AutowiredAnnotationBeanPostProcessor.java:368)
	at org.springframework.beans.factory.support.AbstractAutowireCapableBeanFactory.determineConstructorsFromBeanPostProcessors(AbstractAutowireCapableBeanFactory.java:1314)
	at org.springframework.beans.factory.support.AbstractAutowireCapableBeanFactory.createBeanInstance(AbstractAutowireCapableBeanFactory.java:1209)
	at org.springframework.beans.factory.support.AbstractAutowireCapableBeanFactory.doCreateBean(AbstractAutowireCapableBeanFactory.java:562)
	at org.springframework.beans.factory.support.AbstractAutowireCapableBeanFactory.createBean(AbstractAutowireCapableBeanFactory.java:522)
	at org.springframework.beans.factory.support.AbstractBeanFactory.lambda$doGetBean$0(AbstractBeanFactory.java:337)
	at org.springframework.beans.factory.support.DefaultSingletonBeanRegistry.getSingleton(DefaultSingletonBeanRegistry.java:234)
	at org.springframework.beans.factory.support.AbstractBeanFactory.doGetBean(AbstractBeanFactory.java:335)
	at org.springframework.beans.factory.support.AbstractBeanFactory.getBean(AbstractBeanFactory.java:200)
	at org.springframework.beans.factory.support.DefaultListableBeanFactory.preInstantiateSingletons(DefaultListableBeanFactory.java:975)
	at org.springframework.context.support.AbstractApplicationContext.finishBeanFactoryInitialization(AbstractApplicationContext.java:971)
	at org.springframework.context.support.AbstractApplicationContext.refresh(AbstractApplicationContext.java:625)
	at org.springframework.boot.web.servlet.context.ServletWebServerApplicationContext.refresh(ServletWebServerApplicationContext.java:146)
	at org.springframework.boot.SpringApplication.refresh(SpringApplication.java:754)
	at org.springframework.boot.SpringApplication.refreshContext(SpringApplication.java:456)
	at org.springframework.boot.SpringApplication.run(SpringApplication.java:335)
	at org.springframework.boot.SpringApplication.run(SpringApplication.java:1363)
	at org.springframework.boot.SpringApplication.run(SpringApplication.java:1352)
	at com.example.codedockbackend.CodedockBackendApplication.main(CodedockBackendApplication.java:21)
	at java.base/jdk.internal.reflect.NativeMethodAccessorImpl.invoke0(Native Method)
	at java.base/jdk.internal.reflect.NativeMethodAccessorImpl.invoke(NativeMethodAccessorImpl.java:77)
	at java.base/jdk.internal.reflect.DelegatingMethodAccessorImpl.invoke(DelegatingMethodAccessorImpl.java:43)
	at java.base/java.lang.reflect.Method.invoke(Method.java:569)
	at org.springframework.boot.devtools.restart.RestartLauncher.run(RestartLauncher.java:50)
Caused by: java.lang.IllegalStateException: Failed to introspect Class [com.example.codedockbackend.controller.AuthController] from ClassLoader [org.springframework.boot.devtools.restart.classloader.RestartClassLoader@379e4217]
	at org.springframework.util.ReflectionUtils.getDeclaredMethods(ReflectionUtils.java:483)
	at org.springframework.util.ReflectionUtils.doWithLocalMethods(ReflectionUtils.java:320)
	at org.springframework.beans.factory.annotation.AutowiredAnnotationBeanPostProcessor.checkLookupMethods(AutowiredAnnotationBeanPostProcessor.java:476)
	... 24 common frames omitted
Caused by: java.lang.NoClassDefFoundError: com/example/codedockbackend/dto/LoginRequest
	at java.base/java.lang.Class.getDeclaredMethods0(Native Method)
	at java.base/java.lang.Class.privateGetDeclaredMethods(Class.java:3404)
	at java.base/java.lang.Class.getDeclaredMethods(Class.java:2506)
	at org.springframework.util.ReflectionUtils.getDeclaredMethods(ReflectionUtils.java:465)
	... 26 common frames omitted
Caused by: java.lang.ClassNotFoundException: com.example.codedockbackend.dto.LoginRequest
	at java.base/jdk.internal.loader.BuiltinClassLoader.loadClass(BuiltinClassLoader.java:641)
	at java.base/jdk.internal.loader.ClassLoaders$AppClassLoader.loadClass(ClassLoaders.java:188)
	at java.base/java.lang.ClassLoader.loadClass(ClassLoader.java:525)
	at java.base/java.lang.Class.forName0(Native Method)
	at java.base/java.lang.Class.forName(Class.java:469)
	at org.springframework.boot.devtools.restart.classloader.RestartClassLoader.loadClass(RestartClassLoader.java:121)
	at java.base/java.lang.ClassLoader.loadClass(ClassLoader.java:525)
	... 30 common frames omitted
2026-03-27 18:47:28.628 [restartedMain] INFO  c.e.c.CodedockBackendApplication  - Starting CodedockBackendApplication using Java 17.0.18 with PID 29840 (C:\Users\karti\OneDrive\Documents\HavinCode\codedock-backend\target\classes started by karti in C:\Users\karti\OneDrive\Documents\HavinCode\codedock-backend)
2026-03-27 18:47:28.628 [restartedMain] DEBUG c.e.c.CodedockBackendApplication  - Running with Spring Boot v3.3.4, Spring v6.1.13
2026-03-27 18:47:28.628 [restartedMain] INFO  c.e.c.CodedockBackendApplication  - No active profile set, falling back to 1 default profile: "default"
2026-03-27 18:47:29.259 [restartedMain] INFO  o.h.jpa.internal.util.LogHelper  - HHH000204: Processing PersistenceUnitInfo [name: default]
2026-03-27 18:47:29.263 [restartedMain] INFO  o.h.c.i.RegionFactoryInitiator  - HHH000026: Second-level cache disabled
2026-03-27 18:47:29.408 [restartedMain] INFO  o.h.e.t.j.p.i.JtaPlatformInitiator  - HHH000489: No JTA platform available (set 'hibernate.transaction.jta.platform' to enable JTA platform integration)
2026-03-27 18:47:29.735 [restartedMain] INFO  c.e.c.CodedockBackendApplication  - Started CodedockBackendApplication in 1.166 seconds (process running for 2073.689)
2026-03-27 18:47:38.281 [restartedMain] INFO  c.e.c.CodedockBackendApplication  - Starting CodedockBackendApplication using Java 17.0.18 with PID 29840 (C:\Users\karti\OneDrive\Documents\HavinCode\codedock-backend\target\classes started by karti in C:\Users\karti\OneDrive\Documents\HavinCode\codedock-backend)
2026-03-27 18:47:38.281 [restartedMain] DEBUG c.e.c.CodedockBackendApplication  - Running with Spring Boot v3.3.4, Spring v6.1.13
2026-03-27 18:47:38.281 [restartedMain] INFO  c.e.c.CodedockBackendApplication  - No active profile set, falling back to 1 default profile: "default"
2026-03-27 18:47:38.770 [restartedMain] INFO  o.h.jpa.internal.util.LogHelper  - HHH000204: Processing PersistenceUnitInfo [name: default]
2026-03-27 18:47:38.771 [restartedMain] INFO  o.h.c.i.RegionFactoryInitiator  - HHH000026: Second-level cache disabled
2026-03-27 18:47:38.828 [restartedMain] INFO  o.h.e.t.j.p.i.JtaPlatformInitiator  - HHH000489: No JTA platform available (set 'hibernate.transaction.jta.platform' to enable JTA platform integration)
2026-03-27 18:47:38.832 [restartedMain] WARN  o.s.b.w.s.c.AnnotationConfigServletWebServerApplicationContext  - Exception encountered during context initialization - cancelling refresh attempt: org.springframework.beans.factory.BeanCreationException: Error creating bean with name 'authController': Lookup method resolution failed
2026-03-27 18:47:38.840 [restartedMain] ERROR o.s.boot.SpringApplication  - Application run failed
org.springframework.beans.factory.BeanCreationException: Error creating bean with name 'authController': Lookup method resolution failed
	at org.springframework.beans.factory.annotation.AutowiredAnnotationBeanPostProcessor.checkLookupMethods(AutowiredAnnotationBeanPostProcessor.java:498)
	at org.springframework.beans.factory.annotation.AutowiredAnnotationBeanPostProcessor.determineCandidateConstructors(AutowiredAnnotationBeanPostProcessor.java:368)
	at org.springframework.beans.factory.support.AbstractAutowireCapableBeanFactory.determineConstructorsFromBeanPostProcessors(AbstractAutowireCapableBeanFactory.java:1314)
	at org.springframework.beans.factory.support.AbstractAutowireCapableBeanFactory.createBeanInstance(AbstractAutowireCapableBeanFactory.java:1209)
	at org.springframework.beans.factory.support.AbstractAutowireCapableBeanFactory.doCreateBean(AbstractAutowireCapableBeanFactory.java:562)
	at org.springframework.beans.factory.support.AbstractAutowireCapableBeanFactory.createBean(AbstractAutowireCapableBeanFactory.java:522)
	at org.springframework.beans.factory.support.AbstractBeanFactory.lambda$doGetBean$0(AbstractBeanFactory.java:337)
	at org.springframework.beans.factory.support.DefaultSingletonBeanRegistry.getSingleton(DefaultSingletonBeanRegistry.java:234)
	at org.springframework.beans.factory.support.AbstractBeanFactory.doGetBean(AbstractBeanFactory.java:335)
	at org.springframework.beans.factory.support.AbstractBeanFactory.getBean(AbstractBeanFactory.java:200)
	at org.springframework.beans.factory.support.DefaultListableBeanFactory.preInstantiateSingletons(DefaultListableBeanFactory.java:975)
	at org.springframework.context.support.AbstractApplicationContext.finishBeanFactoryInitialization(AbstractApplicationContext.java:971)
	at org.springframework.context.support.AbstractApplicationContext.refresh(AbstractApplicationContext.java:625)
	at org.springframework.boot.web.servlet.context.ServletWebServerApplicationContext.refresh(ServletWebServerApplicationContext.java:146)
	at org.springframework.boot.SpringApplication.refresh(SpringApplication.java:754)
	at org.springframework.boot.SpringApplication.refreshContext(SpringApplication.java:456)
	at org.springframework.boot.SpringApplication.run(SpringApplication.java:335)
	at org.springframework.boot.SpringApplication.run(SpringApplication.java:1363)
	at org.springframework.boot.SpringApplication.run(SpringApplication.java:1352)
	at com.example.codedockbackend.CodedockBackendApplication.main(CodedockBackendApplication.java:21)
	at java.base/jdk.internal.reflect.NativeMethodAccessorImpl.invoke0(Native Method)
	at java.base/jdk.internal.reflect.NativeMethodAccessorImpl.invoke(NativeMethodAccessorImpl.java:77)
	at java.base/jdk.internal.reflect.DelegatingMethodAccessorImpl.invoke(DelegatingMethodAccessorImpl.java:43)
	at java.base/java.lang.reflect.Method.invoke(Method.java:569)
	at org.springframework.boot.devtools.restart.RestartLauncher.run(RestartLauncher.java:50)
Caused by: java.lang.IllegalStateException: Failed to introspect Class [com.example.codedockbackend.controller.AuthController] from ClassLoader [org.springframework.boot.devtools.restart.classloader.RestartClassLoader@7c7e7c95]
	at org.springframework.util.ReflectionUtils.getDeclaredMethods(ReflectionUtils.java:483)
	at org.springframework.util.ReflectionUtils.doWithLocalMethods(ReflectionUtils.java:320)
	at org.springframework.beans.factory.annotation.AutowiredAnnotationBeanPostProcessor.checkLookupMethods(AutowiredAnnotationBeanPostProcessor.java:476)
	... 24 common frames omitted
Caused by: java.lang.NoClassDefFoundError: com/example/codedockbackend/dto/LoginRequest
	at java.base/java.lang.Class.getDeclaredMethods0(Native Method)
	at java.base/java.lang.Class.privateGetDeclaredMethods(Class.java:3404)
	at java.base/java.lang.Class.getDeclaredMethods(Class.java:2506)
	at org.springframework.util.ReflectionUtils.getDeclaredMethods(ReflectionUtils.java:465)
	... 26 common frames omitted
Caused by: java.lang.ClassNotFoundException: com.example.codedockbackend.dto.LoginRequest
	at java.base/jdk.internal.loader.BuiltinClassLoader.loadClass(BuiltinClassLoader.java:641)
	at java.base/jdk.internal.loader.ClassLoaders$AppClassLoader.loadClass(ClassLoaders.java:188)
	at java.base/java.lang.ClassLoader.loadClass(ClassLoader.java:525)
	at java.base/java.lang.Class.forName0(Native Method)
	at java.base/java.lang.Class.forName(Class.java:469)
	at org.springframework.boot.devtools.restart.classloader.RestartClassLoader.loadClass(RestartClassLoader.java:121)
	at java.base/java.lang.ClassLoader.loadClass(ClassLoader.java:525)
	... 30 common frames omitted
2026-03-27 18:47:48.489 [restartedMain] INFO  c.e.c.CodedockBackendApplication  - Starting CodedockBackendApplication using Java 17.0.18 with PID 29840 (C:\Users\karti\OneDrive\Documents\HavinCode\codedock-backend\target\classes started by karti in C:\Users\karti\OneDrive\Documents\HavinCode\codedock-backend)
2026-03-27 18:47:48.490 [restartedMain] DEBUG c.e.c.CodedockBackendApplication  - Running with Spring Boot v3.3.4, Spring v6.1.13
2026-03-27 18:47:48.490 [restartedMain] INFO  c.e.c.CodedockBackendApplication  - No active profile set, falling back to 1 default profile: "default"
2026-03-27 18:47:49.185 [restartedMain] INFO  o.h.jpa.internal.util.LogHelper  - HHH000204: Processing PersistenceUnitInfo [name: default]
2026-03-27 18:47:49.185 [restartedMain] INFO  o.h.c.i.RegionFactoryInitiator  - HHH000026: Second-level cache disabled
2026-03-27 18:47:49.330 [restartedMain] INFO  o.h.e.t.j.p.i.JtaPlatformInitiator  - HHH000489: No JTA platform available (set 'hibernate.transaction.jta.platform' to enable JTA platform integration)
2026-03-27 18:47:49.346 [restartedMain] WARN  o.s.b.w.s.c.AnnotationConfigServletWebServerApplicationContext  - Exception encountered during context initialization - cancelling refresh attempt: org.springframework.beans.factory.BeanCreationException: Error creating bean with name 'authController': Lookup method resolution failed
2026-03-27 18:47:49.365 [restartedMain] ERROR o.s.boot.SpringApplication  - Application run failed
org.springframework.beans.factory.BeanCreationException: Error creating bean with name 'authController': Lookup method resolution failed
	at org.springframework.beans.factory.annotation.AutowiredAnnotationBeanPostProcessor.checkLookupMethods(AutowiredAnnotationBeanPostProcessor.java:498)
	at org.springframework.beans.factory.annotation.AutowiredAnnotationBeanPostProcessor.determineCandidateConstructors(AutowiredAnnotationBeanPostProcessor.java:368)
	at org.springframework.beans.factory.support.AbstractAutowireCapableBeanFactory.determineConstructorsFromBeanPostProcessors(AbstractAutowireCapableBeanFactory.java:1314)
	at org.springframework.beans.factory.support.AbstractAutowireCapableBeanFactory.createBeanInstance(AbstractAutowireCapableBeanFactory.java:1209)
	at org.springframework.beans.factory.support.AbstractAutowireCapableBeanFactory.doCreateBean(AbstractAutowireCapableBeanFactory.java:562)
	at org.springframework.beans.factory.support.AbstractAutowireCapableBeanFactory.createBean(AbstractAutowireCapableBeanFactory.java:522)
	at org.springframework.beans.factory.support.AbstractBeanFactory.lambda$doGetBean$0(AbstractBeanFactory.java:337)
	at org.springframework.beans.factory.support.DefaultSingletonBeanRegistry.getSingleton(DefaultSingletonBeanRegistry.java:234)
	at org.springframework.beans.factory.support.AbstractBeanFactory.doGetBean(AbstractBeanFactory.java:335)
	at org.springframework.beans.factory.support.AbstractBeanFactory.getBean(AbstractBeanFactory.java:200)
	at org.springframework.beans.factory.support.DefaultListableBeanFactory.preInstantiateSingletons(DefaultListableBeanFactory.java:975)
	at org.springframework.context.support.AbstractApplicationContext.finishBeanFactoryInitialization(AbstractApplicationContext.java:971)
	at org.springframework.context.support.AbstractApplicationContext.refresh(AbstractApplicationContext.java:625)
	at org.springframework.boot.web.servlet.context.ServletWebServerApplicationContext.refresh(ServletWebServerApplicationContext.java:146)
	at org.springframework.boot.SpringApplication.refresh(SpringApplication.java:754)
	at org.springframework.boot.SpringApplication.refreshContext(SpringApplication.java:456)
	at org.springframework.boot.SpringApplication.run(SpringApplication.java:335)
	at org.springframework.boot.SpringApplication.run(SpringApplication.java:1363)
	at org.springframework.boot.SpringApplication.run(SpringApplication.java:1352)
	at com.example.codedockbackend.CodedockBackendApplication.main(CodedockBackendApplication.java:21)
	at java.base/jdk.internal.reflect.NativeMethodAccessorImpl.invoke0(Native Method)
	at java.base/jdk.internal.reflect.NativeMethodAccessorImpl.invoke(NativeMethodAccessorImpl.java:77)
	at java.base/jdk.internal.reflect.DelegatingMethodAccessorImpl.invoke(DelegatingMethodAccessorImpl.java:43)
	at java.base/java.lang.reflect.Method.invoke(Method.java:569)
	at org.springframework.boot.devtools.restart.RestartLauncher.run(RestartLauncher.java:50)
Caused by: java.lang.IllegalStateException: Failed to introspect Class [com.example.codedockbackend.controller.AuthController] from ClassLoader [org.springframework.boot.devtools.restart.classloader.RestartClassLoader@6912651]
	at org.springframework.util.ReflectionUtils.getDeclaredMethods(ReflectionUtils.java:483)
	at org.springframework.util.ReflectionUtils.doWithLocalMethods(ReflectionUtils.java:320)
	at org.springframework.beans.factory.annotation.AutowiredAnnotationBeanPostProcessor.checkLookupMethods(AutowiredAnnotationBeanPostProcessor.java:476)
	... 24 common frames omitted
Caused by: java.lang.NoClassDefFoundError: com/example/codedockbackend/dto/LoginRequest
	at java.base/java.lang.Class.getDeclaredMethods0(Native Method)
	at java.base/java.lang.Class.privateGetDeclaredMethods(Class.java:3404)
	at java.base/java.lang.Class.getDeclaredMethods(Class.java:2506)
	at org.springframework.util.ReflectionUtils.getDeclaredMethods(ReflectionUtils.java:465)
	... 26 common frames omitted
Caused by: java.lang.ClassNotFoundException: com.example.codedockbackend.dto.LoginRequest
	at java.base/jdk.internal.loader.BuiltinClassLoader.loadClass(BuiltinClassLoader.java:641)
	at java.base/jdk.internal.loader.ClassLoaders$AppClassLoader.loadClass(ClassLoaders.java:188)
	at java.base/java.lang.ClassLoader.loadClass(ClassLoader.java:525)
	at java.base/java.lang.Class.forName0(Native Method)
	at java.base/java.lang.Class.forName(Class.java:469)
	at org.springframework.boot.devtools.restart.classloader.RestartClassLoader.loadClass(RestartClassLoader.java:121)
	at java.base/java.lang.ClassLoader.loadClass(ClassLoader.java:525)
	... 30 common frames omitted
2026-03-27 18:47:50.862 [restartedMain] INFO  c.e.c.CodedockBackendApplication  - Starting CodedockBackendApplication using Java 17.0.18 with PID 29840 (C:\Users\karti\OneDrive\Documents\HavinCode\codedock-backend\target\classes started by karti in C:\Users\karti\OneDrive\Documents\HavinCode\codedock-backend)
2026-03-27 18:47:50.862 [restartedMain] DEBUG c.e.c.CodedockBackendApplication  - Running with Spring Boot v3.3.4, Spring v6.1.13
2026-03-27 18:47:50.862 [restartedMain] INFO  c.e.c.CodedockBackendApplication  - No active profile set, falling back to 1 default profile: "default"
2026-03-27 18:47:51.532 [restartedMain] INFO  o.h.jpa.internal.util.LogHelper  - HHH000204: Processing PersistenceUnitInfo [name: default]
2026-03-27 18:47:51.532 [restartedMain] INFO  o.h.c.i.RegionFactoryInitiator  - HHH000026: Second-level cache disabled
2026-03-27 18:47:51.659 [restartedMain] INFO  o.h.e.t.j.p.i.JtaPlatformInitiator  - HHH000489: No JTA platform available (set 'hibernate.transaction.jta.platform' to enable JTA platform integration)
2026-03-27 18:47:51.996 [restartedMain] INFO  c.e.c.CodedockBackendApplication  - Started CodedockBackendApplication in 1.19 seconds (process running for 2095.953)
2026-03-27 18:47:54.641 [restartedMain] INFO  c.e.c.CodedockBackendApplication  - Starting CodedockBackendApplication using Java 17.0.18 with PID 29840 (C:\Users\karti\OneDrive\Documents\HavinCode\codedock-backend\target\classes started by karti in C:\Users\karti\OneDrive\Documents\HavinCode\codedock-backend)
2026-03-27 18:47:54.641 [restartedMain] DEBUG c.e.c.CodedockBackendApplication  - Running with Spring Boot v3.3.4, Spring v6.1.13
2026-03-27 18:47:54.641 [restartedMain] INFO  c.e.c.CodedockBackendApplication  - No active profile set, falling back to 1 default profile: "default"
2026-03-27 18:47:54.786 [restartedMain] INFO  o.h.jpa.internal.util.LogHelper  - HHH000204: Processing PersistenceUnitInfo [name: default]
2026-03-27 18:47:54.788 [restartedMain] INFO  o.h.c.i.RegionFactoryInitiator  - HHH000026: Second-level cache disabled
2026-03-27 18:47:54.843 [restartedMain] INFO  o.h.e.t.j.p.i.JtaPlatformInitiator  - HHH000489: No JTA platform available (set 'hibernate.transaction.jta.platform' to enable JTA platform integration)
2026-03-27 18:47:54.848 [restartedMain] WARN  o.s.b.w.s.c.AnnotationConfigServletWebServerApplicationContext  - Exception encountered during context initialization - cancelling refresh attempt: org.springframework.beans.factory.BeanCreationException: Error creating bean with name 'authController': Lookup method resolution failed
2026-03-27 18:47:54.856 [restartedMain] ERROR o.s.boot.SpringApplication  - Application run failed
org.springframework.beans.factory.BeanCreationException: Error creating bean with name 'authController': Lookup method resolution failed
	at org.springframework.beans.factory.annotation.AutowiredAnnotationBeanPostProcessor.checkLookupMethods(AutowiredAnnotationBeanPostProcessor.java:498)
	at org.springframework.beans.factory.annotation.AutowiredAnnotationBeanPostProcessor.determineCandidateConstructors(AutowiredAnnotationBeanPostProcessor.java:368)
	at org.springframework.beans.factory.support.AbstractAutowireCapableBeanFactory.determineConstructorsFromBeanPostProcessors(AbstractAutowireCapableBeanFactory.java:1314)
	at org.springframework.beans.factory.support.AbstractAutowireCapableBeanFactory.createBeanInstance(AbstractAutowireCapableBeanFactory.java:1209)
	at org.springframework.beans.factory.support.AbstractAutowireCapableBeanFactory.doCreateBean(AbstractAutowireCapableBeanFactory.java:562)
	at org.springframework.beans.factory.support.AbstractAutowireCapableBeanFactory.createBean(AbstractAutowireCapableBeanFactory.java:522)
	at org.springframework.beans.factory.support.AbstractBeanFactory.lambda$doGetBean$0(AbstractBeanFactory.java:337)
	at org.springframework.beans.factory.support.DefaultSingletonBeanRegistry.getSingleton(DefaultSingletonBeanRegistry.java:234)
	at org.springframework.beans.factory.support.AbstractBeanFactory.doGetBean(AbstractBeanFactory.java:335)
	at org.springframework.beans.factory.support.AbstractBeanFactory.getBean(AbstractBeanFactory.java:200)
	at org.springframework.beans.factory.support.DefaultListableBeanFactory.preInstantiateSingletons(DefaultListableBeanFactory.java:975)
	at org.springframework.context.support.AbstractApplicationContext.finishBeanFactoryInitialization(AbstractApplicationContext.java:971)
	at org.springframework.context.support.AbstractApplicationContext.refresh(AbstractApplicationContext.java:625)
	at org.springframework.boot.web.servlet.context.ServletWebServerApplicationContext.refresh(ServletWebServerApplicationContext.java:146)
	at org.springframework.boot.SpringApplication.refresh(SpringApplication.java:754)
	at org.springframework.boot.SpringApplication.refreshContext(SpringApplication.java:456)
	at org.springframework.boot.SpringApplication.run(SpringApplication.java:335)
	at org.springframework.boot.SpringApplication.run(SpringApplication.java:1363)
	at org.springframework.boot.SpringApplication.run(SpringApplication.java:1352)
	at com.example.codedockbackend.CodedockBackendApplication.main(CodedockBackendApplication.java:21)
	at jdk.internal.reflect.GeneratedMethodAccessor146.invoke(Unknown Source)
	at java.base/jdk.internal.reflect.DelegatingMethodAccessorImpl.invoke(DelegatingMethodAccessorImpl.java:43)
	at java.base/java.lang.reflect.Method.invoke(Method.java:569)
	at org.springframework.boot.devtools.restart.RestartLauncher.run(RestartLauncher.java:50)
Caused by: java.lang.IllegalStateException: Failed to introspect Class [com.example.codedockbackend.controller.AuthController] from ClassLoader [org.springframework.boot.devtools.restart.classloader.RestartClassLoader@437f0a4c]
	at org.springframework.util.ReflectionUtils.getDeclaredMethods(ReflectionUtils.java:483)
	at org.springframework.util.ReflectionUtils.doWithLocalMethods(ReflectionUtils.java:320)
	at org.springframework.beans.factory.annotation.AutowiredAnnotationBeanPostProcessor.checkLookupMethods(AutowiredAnnotationBeanPostProcessor.java:476)
	... 23 common frames omitted
Caused by: java.lang.NoClassDefFoundError: com/example/codedockbackend/dto/LoginRequest
	at java.base/java.lang.Class.getDeclaredMethods0(Native Method)
	at java.base/java.lang.Class.privateGetDeclaredMethods(Class.java:3404)
	at java.base/java.lang.Class.getDeclaredMethods(Class.java:2506)
	at org.springframework.util.ReflectionUtils.getDeclaredMethods(ReflectionUtils.java:465)
	... 25 common frames omitted
Caused by: java.lang.ClassNotFoundException: com.example.codedockbackend.dto.LoginRequest
	at java.base/jdk.internal.loader.BuiltinClassLoader.loadClass(BuiltinClassLoader.java:641)
	at java.base/jdk.internal.loader.ClassLoaders$AppClassLoader.loadClass(ClassLoaders.java:188)
	at java.base/java.lang.ClassLoader.loadClass(ClassLoader.java:525)
	at java.base/java.lang.Class.forName0(Native Method)
	at java.base/java.lang.Class.forName(Class.java:469)
	at org.springframework.boot.devtools.restart.classloader.RestartClassLoader.loadClass(RestartClassLoader.java:121)
	at java.base/java.lang.ClassLoader.loadClass(ClassLoader.java:525)
	... 29 common frames omitted
2026-03-27 18:48:06.555 [restartedMain] INFO  c.e.c.CodedockBackendApplication  - Starting CodedockBackendApplication using Java 17.0.18 with PID 29840 (C:\Users\karti\OneDrive\Documents\HavinCode\codedock-backend\target\classes started by karti in C:\Users\karti\OneDrive\Documents\HavinCode\codedock-backend)
2026-03-27 18:48:06.555 [restartedMain] DEBUG c.e.c.CodedockBackendApplication  - Running with Spring Boot v3.3.4, Spring v6.1.13
2026-03-27 18:48:06.555 [restartedMain] INFO  c.e.c.CodedockBackendApplication  - No active profile set, falling back to 1 default profile: "default"
2026-03-27 18:48:07.198 [restartedMain] INFO  o.h.jpa.internal.util.LogHelper  - HHH000204: Processing PersistenceUnitInfo [name: default]
2026-03-27 18:48:07.204 [restartedMain] INFO  o.h.c.i.RegionFactoryInitiator  - HHH000026: Second-level cache disabled
2026-03-27 18:48:07.329 [restartedMain] INFO  o.h.e.t.j.p.i.JtaPlatformInitiator  - HHH000489: No JTA platform available (set 'hibernate.transaction.jta.platform' to enable JTA platform integration)
2026-03-27 18:48:07.343 [restartedMain] WARN  o.s.b.w.s.c.AnnotationConfigServletWebServerApplicationContext  - Exception encountered during context initialization - cancelling refresh attempt: org.springframework.beans.factory.BeanCreationException: Error creating bean with name 'authController': Lookup method resolution failed
2026-03-27 18:48:07.363 [restartedMain] ERROR o.s.boot.SpringApplication  - Application run failed
org.springframework.beans.factory.BeanCreationException: Error creating bean with name 'authController': Lookup method resolution failed
	at org.springframework.beans.factory.annotation.AutowiredAnnotationBeanPostProcessor.checkLookupMethods(AutowiredAnnotationBeanPostProcessor.java:498)
	at org.springframework.beans.factory.annotation.AutowiredAnnotationBeanPostProcessor.determineCandidateConstructors(AutowiredAnnotationBeanPostProcessor.java:368)
	at org.springframework.beans.factory.support.AbstractAutowireCapableBeanFactory.determineConstructorsFromBeanPostProcessors(AbstractAutowireCapableBeanFactory.java:1314)
	at org.springframework.beans.factory.support.AbstractAutowireCapableBeanFactory.createBeanInstance(AbstractAutowireCapableBeanFactory.java:1209)
	at org.springframework.beans.factory.support.AbstractAutowireCapableBeanFactory.doCreateBean(AbstractAutowireCapableBeanFactory.java:562)
	at org.springframework.beans.factory.support.AbstractAutowireCapableBeanFactory.createBean(AbstractAutowireCapableBeanFactory.java:522)
	at org.springframework.beans.factory.support.AbstractBeanFactory.lambda$doGetBean$0(AbstractBeanFactory.java:337)
	at org.springframework.beans.factory.support.DefaultSingletonBeanRegistry.getSingleton(DefaultSingletonBeanRegistry.java:234)
	at org.springframework.beans.factory.support.AbstractBeanFactory.doGetBean(AbstractBeanFactory.java:335)
	at org.springframework.beans.factory.support.AbstractBeanFactory.getBean(AbstractBeanFactory.java:200)
	at org.springframework.beans.factory.support.DefaultListableBeanFactory.preInstantiateSingletons(DefaultListableBeanFactory.java:975)
	at org.springframework.context.support.AbstractApplicationContext.finishBeanFactoryInitialization(AbstractApplicationContext.java:971)
	at org.springframework.context.support.AbstractApplicationContext.refresh(AbstractApplicationContext.java:625)
	at org.springframework.boot.web.servlet.context.ServletWebServerApplicationContext.refresh(ServletWebServerApplicationContext.java:146)
	at org.springframework.boot.SpringApplication.refresh(SpringApplication.java:754)
	at org.springframework.boot.SpringApplication.refreshContext(SpringApplication.java:456)
	at org.springframework.boot.SpringApplication.run(SpringApplication.java:335)
	at org.springframework.boot.SpringApplication.run(SpringApplication.java:1363)
	at org.springframework.boot.SpringApplication.run(SpringApplication.java:1352)
	at com.example.codedockbackend.CodedockBackendApplication.main(CodedockBackendApplication.java:21)
	at jdk.internal.reflect.GeneratedMethodAccessor146.invoke(Unknown Source)
	at java.base/jdk.internal.reflect.DelegatingMethodAccessorImpl.invoke(DelegatingMethodAccessorImpl.java:43)
	at java.base/java.lang.reflect.Method.invoke(Method.java:569)
	at org.springframework.boot.devtools.restart.RestartLauncher.run(RestartLauncher.java:50)
Caused by: java.lang.IllegalStateException: Failed to introspect Class [com.example.codedockbackend.controller.AuthController] from ClassLoader [org.springframework.boot.devtools.restart.classloader.RestartClassLoader@317121b8]
	at org.springframework.util.ReflectionUtils.getDeclaredMethods(ReflectionUtils.java:483)
	at org.springframework.util.ReflectionUtils.doWithLocalMethods(ReflectionUtils.java:320)
	at org.springframework.beans.factory.annotation.AutowiredAnnotationBeanPostProcessor.checkLookupMethods(AutowiredAnnotationBeanPostProcessor.java:476)
	... 23 common frames omitted
Caused by: java.lang.NoClassDefFoundError: com/example/codedockbackend/dto/LoginRequest
	at java.base/java.lang.Class.getDeclaredMethods0(Native Method)
	at java.base/java.lang.Class.privateGetDeclaredMethods(Class.java:3404)
	at java.base/java.lang.Class.getDeclaredMethods(Class.java:2506)
	at org.springframework.util.ReflectionUtils.getDeclaredMethods(ReflectionUtils.java:465)
	... 25 common frames omitted
Caused by: java.lang.ClassNotFoundException: com.example.codedockbackend.dto.LoginRequest
	at java.base/jdk.internal.loader.BuiltinClassLoader.loadClass(BuiltinClassLoader.java:641)
	at java.base/jdk.internal.loader.ClassLoaders$AppClassLoader.loadClass(ClassLoaders.java:188)
	at java.base/java.lang.ClassLoader.loadClass(ClassLoader.java:525)
	at java.base/java.lang.Class.forName0(Native Method)
	at java.base/java.lang.Class.forName(Class.java:469)
	at org.springframework.boot.devtools.restart.classloader.RestartClassLoader.loadClass(RestartClassLoader.java:121)
	at java.base/java.lang.ClassLoader.loadClass(ClassLoader.java:525)
	... 29 common frames omitted
2026-03-27 18:48:08.819 [restartedMain] INFO  c.e.c.CodedockBackendApplication  - Starting CodedockBackendApplication using Java 17.0.18 with PID 29840 (C:\Users\karti\OneDrive\Documents\HavinCode\codedock-backend\target\classes started by karti in C:\Users\karti\OneDrive\Documents\HavinCode\codedock-backend)
2026-03-27 18:48:08.819 [restartedMain] DEBUG c.e.c.CodedockBackendApplication  - Running with Spring Boot v3.3.4, Spring v6.1.13
2026-03-27 18:48:08.819 [restartedMain] INFO  c.e.c.CodedockBackendApplication  - No active profile set, falling back to 1 default profile: "default"
2026-03-27 18:48:09.403 [restartedMain] INFO  o.h.jpa.internal.util.LogHelper  - HHH000204: Processing PersistenceUnitInfo [name: default]
2026-03-27 18:48:09.403 [restartedMain] INFO  o.h.c.i.RegionFactoryInitiator  - HHH000026: Second-level cache disabled
2026-03-27 18:48:09.539 [restartedMain] INFO  o.h.e.t.j.p.i.JtaPlatformInitiator  - HHH000489: No JTA platform available (set 'hibernate.transaction.jta.platform' to enable JTA platform integration)
2026-03-27 18:48:09.825 [restartedMain] INFO  c.e.c.CodedockBackendApplication  - Started CodedockBackendApplication in 1.037 seconds (process running for 2113.778)
2026-03-27 18:48:18.385 [restartedMain] INFO  c.e.c.CodedockBackendApplication  - Starting CodedockBackendApplication using Java 17.0.18 with PID 29840 (C:\Users\karti\OneDrive\Documents\HavinCode\codedock-backend\target\classes started by karti in C:\Users\karti\OneDrive\Documents\HavinCode\codedock-backend)
2026-03-27 18:48:18.386 [restartedMain] DEBUG c.e.c.CodedockBackendApplication  - Running with Spring Boot v3.3.4, Spring v6.1.13
2026-03-27 18:48:18.386 [restartedMain] INFO  c.e.c.CodedockBackendApplication  - No active profile set, falling back to 1 default profile: "default"
2026-03-27 18:48:18.591 [restartedMain] INFO  o.h.jpa.internal.util.LogHelper  - HHH000204: Processing PersistenceUnitInfo [name: default]
2026-03-27 18:48:18.593 [restartedMain] INFO  o.h.c.i.RegionFactoryInitiator  - HHH000026: Second-level cache disabled
2026-03-27 18:48:18.659 [restartedMain] INFO  o.h.e.t.j.p.i.JtaPlatformInitiator  - HHH000489: No JTA platform available (set 'hibernate.transaction.jta.platform' to enable JTA platform integration)
2026-03-27 18:48:18.663 [restartedMain] WARN  o.s.b.w.s.c.AnnotationConfigServletWebServerApplicationContext  - Exception encountered during context initialization - cancelling refresh attempt: org.springframework.beans.factory.BeanCreationException: Error creating bean with name 'authController': Lookup method resolution failed
2026-03-27 18:48:18.672 [restartedMain] ERROR o.s.boot.SpringApplication  - Application run failed
org.springframework.beans.factory.BeanCreationException: Error creating bean with name 'authController': Lookup method resolution failed
	at org.springframework.beans.factory.annotation.AutowiredAnnotationBeanPostProcessor.checkLookupMethods(AutowiredAnnotationBeanPostProcessor.java:498)
	at org.springframework.beans.factory.annotation.AutowiredAnnotationBeanPostProcessor.determineCandidateConstructors(AutowiredAnnotationBeanPostProcessor.java:368)
	at org.springframework.beans.factory.support.AbstractAutowireCapableBeanFactory.determineConstructorsFromBeanPostProcessors(AbstractAutowireCapableBeanFactory.java:1314)
	at org.springframework.beans.factory.support.AbstractAutowireCapableBeanFactory.createBeanInstance(AbstractAutowireCapableBeanFactory.java:1209)
	at org.springframework.beans.factory.support.AbstractAutowireCapableBeanFactory.doCreateBean(AbstractAutowireCapableBeanFactory.java:562)
	at org.springframework.beans.factory.support.AbstractAutowireCapableBeanFactory.createBean(AbstractAutowireCapableBeanFactory.java:522)
	at org.springframework.beans.factory.support.AbstractBeanFactory.lambda$doGetBean$0(AbstractBeanFactory.java:337)
	at org.springframework.beans.factory.support.DefaultSingletonBeanRegistry.getSingleton(DefaultSingletonBeanRegistry.java:234)
	at org.springframework.beans.factory.support.AbstractBeanFactory.doGetBean(AbstractBeanFactory.java:335)
	at org.springframework.beans.factory.support.AbstractBeanFactory.getBean(AbstractBeanFactory.java:200)
	at org.springframework.beans.factory.support.DefaultListableBeanFactory.preInstantiateSingletons(DefaultListableBeanFactory.java:975)
	at org.springframework.context.support.AbstractApplicationContext.finishBeanFactoryInitialization(AbstractApplicationContext.java:971)
	at org.springframework.context.support.AbstractApplicationContext.refresh(AbstractApplicationContext.java:625)
	at org.springframework.boot.web.servlet.context.ServletWebServerApplicationContext.refresh(ServletWebServerApplicationContext.java:146)
	at org.springframework.boot.SpringApplication.refresh(SpringApplication.java:754)
	at org.springframework.boot.SpringApplication.refreshContext(SpringApplication.java:456)
	at org.springframework.boot.SpringApplication.run(SpringApplication.java:335)
	at org.springframework.boot.SpringApplication.run(SpringApplication.java:1363)
	at org.springframework.boot.SpringApplication.run(SpringApplication.java:1352)
	at com.example.codedockbackend.CodedockBackendApplication.main(CodedockBackendApplication.java:21)
	at jdk.internal.reflect.GeneratedMethodAccessor146.invoke(Unknown Source)
	at java.base/jdk.internal.reflect.DelegatingMethodAccessorImpl.invoke(DelegatingMethodAccessorImpl.java:43)
	at java.base/java.lang.reflect.Method.invoke(Method.java:569)
	at org.springframework.boot.devtools.restart.RestartLauncher.run(RestartLauncher.java:50)
Caused by: java.lang.IllegalStateException: Failed to introspect Class [com.example.codedockbackend.controller.AuthController] from ClassLoader [org.springframework.boot.devtools.restart.classloader.RestartClassLoader@44f93af0]
	at org.springframework.util.ReflectionUtils.getDeclaredMethods(ReflectionUtils.java:483)
	at org.springframework.util.ReflectionUtils.doWithLocalMethods(ReflectionUtils.java:320)
	at org.springframework.beans.factory.annotation.AutowiredAnnotationBeanPostProcessor.checkLookupMethods(AutowiredAnnotationBeanPostProcessor.java:476)
	... 23 common frames omitted
Caused by: java.lang.NoClassDefFoundError: com/example/codedockbackend/dto/LoginRequest
	at java.base/java.lang.Class.getDeclaredMethods0(Native Method)
	at java.base/java.lang.Class.privateGetDeclaredMethods(Class.java:3404)
	at java.base/java.lang.Class.getDeclaredMethods(Class.java:2506)
	at org.springframework.util.ReflectionUtils.getDeclaredMethods(ReflectionUtils.java:465)
	... 25 common frames omitted
Caused by: java.lang.ClassNotFoundException: com.example.codedockbackend.dto.LoginRequest
	at java.base/jdk.internal.loader.BuiltinClassLoader.loadClass(BuiltinClassLoader.java:641)
	at java.base/jdk.internal.loader.ClassLoaders$AppClassLoader.loadClass(ClassLoaders.java:188)
	at java.base/java.lang.ClassLoader.loadClass(ClassLoader.java:525)
	at java.base/java.lang.Class.forName0(Native Method)
	at java.base/java.lang.Class.forName(Class.java:469)
	at org.springframework.boot.devtools.restart.classloader.RestartClassLoader.loadClass(RestartClassLoader.java:121)
	at java.base/java.lang.ClassLoader.loadClass(ClassLoader.java:525)
	... 29 common frames omitted
2026-03-27 18:48:54.245 [restartedMain] INFO  c.e.c.CodedockBackendApplication  - Starting CodedockBackendApplication using Java 17.0.18 with PID 29840 (C:\Users\karti\OneDrive\Documents\HavinCode\codedock-backend\target\classes started by karti in C:\Users\karti\OneDrive\Documents\HavinCode\codedock-backend)
2026-03-27 18:48:54.245 [restartedMain] DEBUG c.e.c.CodedockBackendApplication  - Running with Spring Boot v3.3.4, Spring v6.1.13
2026-03-27 18:48:54.245 [restartedMain] INFO  c.e.c.CodedockBackendApplication  - No active profile set, falling back to 1 default profile: "default"
2026-03-27 18:48:54.957 [restartedMain] INFO  o.h.jpa.internal.util.LogHelper  - HHH000204: Processing PersistenceUnitInfo [name: default]
2026-03-27 18:48:54.961 [restartedMain] INFO  o.h.c.i.RegionFactoryInitiator  - HHH000026: Second-level cache disabled
2026-03-27 18:48:55.207 [restartedMain] INFO  o.h.e.t.j.p.i.JtaPlatformInitiator  - HHH000489: No JTA platform available (set 'hibernate.transaction.jta.platform' to enable JTA platform integration)
2026-03-27 18:48:55.221 [restartedMain] WARN  o.s.b.w.s.c.AnnotationConfigServletWebServerApplicationContext  - Exception encountered during context initialization - cancelling refresh attempt: org.springframework.beans.factory.BeanCreationException: Error creating bean with name 'authController': Lookup method resolution failed
2026-03-27 18:48:55.236 [restartedMain] ERROR o.s.boot.SpringApplication  - Application run failed
org.springframework.beans.factory.BeanCreationException: Error creating bean with name 'authController': Lookup method resolution failed
	at org.springframework.beans.factory.annotation.AutowiredAnnotationBeanPostProcessor.checkLookupMethods(AutowiredAnnotationBeanPostProcessor.java:498)
	at org.springframework.beans.factory.annotation.AutowiredAnnotationBeanPostProcessor.determineCandidateConstructors(AutowiredAnnotationBeanPostProcessor.java:368)
	at org.springframework.beans.factory.support.AbstractAutowireCapableBeanFactory.determineConstructorsFromBeanPostProcessors(AbstractAutowireCapableBeanFactory.java:1314)
	at org.springframework.beans.factory.support.AbstractAutowireCapableBeanFactory.createBeanInstance(AbstractAutowireCapableBeanFactory.java:1209)
	at org.springframework.beans.factory.support.AbstractAutowireCapableBeanFactory.doCreateBean(AbstractAutowireCapableBeanFactory.java:562)
	at org.springframework.beans.factory.support.AbstractAutowireCapableBeanFactory.createBean(AbstractAutowireCapableBeanFactory.java:522)
	at org.springframework.beans.factory.support.AbstractBeanFactory.lambda$doGetBean$0(AbstractBeanFactory.java:337)
	at org.springframework.beans.factory.support.DefaultSingletonBeanRegistry.getSingleton(DefaultSingletonBeanRegistry.java:234)
	at org.springframework.beans.factory.support.AbstractBeanFactory.doGetBean(AbstractBeanFactory.java:335)
	at org.springframework.beans.factory.support.AbstractBeanFactory.getBean(AbstractBeanFactory.java:200)
	at org.springframework.beans.factory.support.DefaultListableBeanFactory.preInstantiateSingletons(DefaultListableBeanFactory.java:975)
	at org.springframework.context.support.AbstractApplicationContext.finishBeanFactoryInitialization(AbstractApplicationContext.java:971)
	at org.springframework.context.support.AbstractApplicationContext.refresh(AbstractApplicationContext.java:625)
	at org.springframework.boot.web.servlet.context.ServletWebServerApplicationContext.refresh(ServletWebServerApplicationContext.java:146)
	at org.springframework.boot.SpringApplication.refresh(SpringApplication.java:754)
	at org.springframework.boot.SpringApplication.refreshContext(SpringApplication.java:456)
	at org.springframework.boot.SpringApplication.run(SpringApplication.java:335)
	at org.springframework.boot.SpringApplication.run(SpringApplication.java:1363)
	at org.springframework.boot.SpringApplication.run(SpringApplication.java:1352)
	at com.example.codedockbackend.CodedockBackendApplication.main(CodedockBackendApplication.java:21)
	at jdk.internal.reflect.GeneratedMethodAccessor146.invoke(Unknown Source)
	at java.base/jdk.internal.reflect.DelegatingMethodAccessorImpl.invoke(DelegatingMethodAccessorImpl.java:43)
	at java.base/java.lang.reflect.Method.invoke(Method.java:569)
	at org.springframework.boot.devtools.restart.RestartLauncher.run(RestartLauncher.java:50)
Caused by: java.lang.IllegalStateException: Failed to introspect Class [com.example.codedockbackend.controller.AuthController] from ClassLoader [org.springframework.boot.devtools.restart.classloader.RestartClassLoader@5000a0fe]
	at org.springframework.util.ReflectionUtils.getDeclaredMethods(ReflectionUtils.java:483)
	at org.springframework.util.ReflectionUtils.doWithLocalMethods(ReflectionUtils.java:320)
	at org.springframework.beans.factory.annotation.AutowiredAnnotationBeanPostProcessor.checkLookupMethods(AutowiredAnnotationBeanPostProcessor.java:476)
	... 23 common frames omitted
Caused by: java.lang.NoClassDefFoundError: LoginRequest
	at java.base/java.lang.Class.getDeclaredMethods0(Native Method)
	at java.base/java.lang.Class.privateGetDeclaredMethods(Class.java:3404)
	at java.base/java.lang.Class.getDeclaredMethods(Class.java:2506)
	at org.springframework.util.ReflectionUtils.getDeclaredMethods(ReflectionUtils.java:465)
	... 25 common frames omitted
Caused by: java.lang.ClassNotFoundException: LoginRequest
	at java.base/jdk.internal.loader.BuiltinClassLoader.loadClass(BuiltinClassLoader.java:641)
	at java.base/jdk.internal.loader.ClassLoaders$AppClassLoader.loadClass(ClassLoaders.java:188)
	at java.base/java.lang.ClassLoader.loadClass(ClassLoader.java:525)
	at java.base/java.lang.Class.forName0(Native Method)
	at java.base/java.lang.Class.forName(Class.java:469)
	at org.springframework.boot.devtools.restart.classloader.RestartClassLoader.loadClass(RestartClassLoader.java:121)
	at java.base/java.lang.ClassLoader.loadClass(ClassLoader.java:525)
	... 29 common frames omitted
2026-03-27 18:48:56.742 [restartedMain] INFO  c.e.c.CodedockBackendApplication  - Starting CodedockBackendApplication using Java 17.0.18 with PID 29840 (C:\Users\karti\OneDrive\Documents\HavinCode\codedock-backend\target\classes started by karti in C:\Users\karti\OneDrive\Documents\HavinCode\codedock-backend)
2026-03-27 18:48:56.742 [restartedMain] DEBUG c.e.c.CodedockBackendApplication  - Running with Spring Boot v3.3.4, Spring v6.1.13
2026-03-27 18:48:56.742 [restartedMain] INFO  c.e.c.CodedockBackendApplication  - No active profile set, falling back to 1 default profile: "default"
2026-03-27 18:48:57.457 [restartedMain] INFO  o.h.jpa.internal.util.LogHelper  - HHH000204: Processing PersistenceUnitInfo [name: default]
2026-03-27 18:48:57.462 [restartedMain] INFO  o.h.c.i.RegionFactoryInitiator  - HHH000026: Second-level cache disabled
2026-03-27 18:48:57.604 [restartedMain] INFO  o.h.e.t.j.p.i.JtaPlatformInitiator  - HHH000489: No JTA platform available (set 'hibernate.transaction.jta.platform' to enable JTA platform integration)
2026-03-27 18:48:57.620 [restartedMain] WARN  o.s.b.w.s.c.AnnotationConfigServletWebServerApplicationContext  - Exception encountered during context initialization - cancelling refresh attempt: org.springframework.beans.factory.BeanCreationException: Error creating bean with name 'authService': Lookup method resolution failed
2026-03-27 18:48:57.638 [restartedMain] ERROR o.s.boot.SpringApplication  - Application run failed
org.springframework.beans.factory.BeanCreationException: Error creating bean with name 'authService': Lookup method resolution failed
	at org.springframework.beans.factory.annotation.AutowiredAnnotationBeanPostProcessor.checkLookupMethods(AutowiredAnnotationBeanPostProcessor.java:498)
	at org.springframework.beans.factory.annotation.AutowiredAnnotationBeanPostProcessor.determineCandidateConstructors(AutowiredAnnotationBeanPostProcessor.java:368)
	at org.springframework.beans.factory.support.AbstractAutowireCapableBeanFactory.determineConstructorsFromBeanPostProcessors(AbstractAutowireCapableBeanFactory.java:1314)
	at org.springframework.beans.factory.support.AbstractAutowireCapableBeanFactory.createBeanInstance(AbstractAutowireCapableBeanFactory.java:1209)
	at org.springframework.beans.factory.support.AbstractAutowireCapableBeanFactory.doCreateBean(AbstractAutowireCapableBeanFactory.java:562)
	at org.springframework.beans.factory.support.AbstractAutowireCapableBeanFactory.createBean(AbstractAutowireCapableBeanFactory.java:522)
	at org.springframework.beans.factory.support.AbstractBeanFactory.lambda$doGetBean$0(AbstractBeanFactory.java:337)
	at org.springframework.beans.factory.support.DefaultSingletonBeanRegistry.getSingleton(DefaultSingletonBeanRegistry.java:234)
	at org.springframework.beans.factory.support.AbstractBeanFactory.doGetBean(AbstractBeanFactory.java:335)
	at org.springframework.beans.factory.support.AbstractBeanFactory.getBean(AbstractBeanFactory.java:200)
	at org.springframework.beans.factory.support.DefaultListableBeanFactory.preInstantiateSingletons(DefaultListableBeanFactory.java:975)
	at org.springframework.context.support.AbstractApplicationContext.finishBeanFactoryInitialization(AbstractApplicationContext.java:971)
	at org.springframework.context.support.AbstractApplicationContext.refresh(AbstractApplicationContext.java:625)
	at org.springframework.boot.web.servlet.context.ServletWebServerApplicationContext.refresh(ServletWebServerApplicationContext.java:146)
	at org.springframework.boot.SpringApplication.refresh(SpringApplication.java:754)
	at org.springframework.boot.SpringApplication.refreshContext(SpringApplication.java:456)
	at org.springframework.boot.SpringApplication.run(SpringApplication.java:335)
	at org.springframework.boot.SpringApplication.run(SpringApplication.java:1363)
	at org.springframework.boot.SpringApplication.run(SpringApplication.java:1352)
	at com.example.codedockbackend.CodedockBackendApplication.main(CodedockBackendApplication.java:21)
	at jdk.internal.reflect.GeneratedMethodAccessor146.invoke(Unknown Source)
	at java.base/jdk.internal.reflect.DelegatingMethodAccessorImpl.invoke(DelegatingMethodAccessorImpl.java:43)
	at java.base/java.lang.reflect.Method.invoke(Method.java:569)
	at org.springframework.boot.devtools.restart.RestartLauncher.run(RestartLauncher.java:50)
Caused by: java.lang.IllegalStateException: Failed to introspect Class [com.example.codedockbackend.service.AuthService] from ClassLoader [org.springframework.boot.devtools.restart.classloader.RestartClassLoader@3c3841e5]
	at org.springframework.util.ReflectionUtils.getDeclaredMethods(ReflectionUtils.java:483)
	at org.springframework.util.ReflectionUtils.doWithLocalMethods(ReflectionUtils.java:320)
	at org.springframework.beans.factory.annotation.AutowiredAnnotationBeanPostProcessor.checkLookupMethods(AutowiredAnnotationBeanPostProcessor.java:476)
	... 23 common frames omitted
Caused by: java.lang.NoClassDefFoundError: LoginRequest
	at java.base/java.lang.Class.getDeclaredMethods0(Native Method)
	at java.base/java.lang.Class.privateGetDeclaredMethods(Class.java:3404)
	at java.base/java.lang.Class.getDeclaredMethods(Class.java:2506)
	at org.springframework.util.ReflectionUtils.getDeclaredMethods(ReflectionUtils.java:465)
	... 25 common frames omitted
Caused by: java.lang.ClassNotFoundException: LoginRequest
	at java.base/jdk.internal.loader.BuiltinClassLoader.loadClass(BuiltinClassLoader.java:641)
	at java.base/jdk.internal.loader.ClassLoaders$AppClassLoader.loadClass(ClassLoaders.java:188)
	at java.base/java.lang.ClassLoader.loadClass(ClassLoader.java:525)
	at java.base/java.lang.Class.forName0(Native Method)
	at java.base/java.lang.Class.forName(Class.java:469)
	at org.springframework.boot.devtools.restart.classloader.RestartClassLoader.loadClass(RestartClassLoader.java:121)
	at java.base/java.lang.ClassLoader.loadClass(ClassLoader.java:525)
	... 29 common frames omitted
2026-03-27 18:49:06.150 [restartedMain] INFO  c.e.c.CodedockBackendApplication  - Starting CodedockBackendApplication using Java 17.0.18 with PID 29840 (C:\Users\karti\OneDrive\Documents\HavinCode\codedock-backend\target\classes started by karti in C:\Users\karti\OneDrive\Documents\HavinCode\codedock-backend)
2026-03-27 18:49:06.152 [restartedMain] DEBUG c.e.c.CodedockBackendApplication  - Running with Spring Boot v3.3.4, Spring v6.1.13
2026-03-27 18:49:06.152 [restartedMain] INFO  c.e.c.CodedockBackendApplication  - No active profile set, falling back to 1 default profile: "default"
2026-03-27 18:49:06.860 [restartedMain] INFO  o.h.jpa.internal.util.LogHelper  - HHH000204: Processing PersistenceUnitInfo [name: default]
2026-03-27 18:49:06.865 [restartedMain] INFO  o.h.c.i.RegionFactoryInitiator  - HHH000026: Second-level cache disabled
2026-03-27 18:49:06.966 [restartedMain] INFO  o.h.e.t.j.p.i.JtaPlatformInitiator  - HHH000489: No JTA platform available (set 'hibernate.transaction.jta.platform' to enable JTA platform integration)
2026-03-27 18:49:06.976 [restartedMain] WARN  o.s.b.w.s.c.AnnotationConfigServletWebServerApplicationContext  - Exception encountered during context initialization - cancelling refresh attempt: org.springframework.beans.factory.BeanCreationException: Error creating bean with name 'authController': Lookup method resolution failed
2026-03-27 18:49:06.998 [restartedMain] ERROR o.s.boot.SpringApplication  - Application run failed
org.springframework.beans.factory.BeanCreationException: Error creating bean with name 'authController': Lookup method resolution failed
	at org.springframework.beans.factory.annotation.AutowiredAnnotationBeanPostProcessor.checkLookupMethods(AutowiredAnnotationBeanPostProcessor.java:498)
	at org.springframework.beans.factory.annotation.AutowiredAnnotationBeanPostProcessor.determineCandidateConstructors(AutowiredAnnotationBeanPostProcessor.java:368)
	at org.springframework.beans.factory.support.AbstractAutowireCapableBeanFactory.determineConstructorsFromBeanPostProcessors(AbstractAutowireCapableBeanFactory.java:1314)
	at org.springframework.beans.factory.support.AbstractAutowireCapableBeanFactory.createBeanInstance(AbstractAutowireCapableBeanFactory.java:1209)
	at org.springframework.beans.factory.support.AbstractAutowireCapableBeanFactory.doCreateBean(AbstractAutowireCapableBeanFactory.java:562)
	at org.springframework.beans.factory.support.AbstractAutowireCapableBeanFactory.createBean(AbstractAutowireCapableBeanFactory.java:522)
	at org.springframework.beans.factory.support.AbstractBeanFactory.lambda$doGetBean$0(AbstractBeanFactory.java:337)
	at org.springframework.beans.factory.support.DefaultSingletonBeanRegistry.getSingleton(DefaultSingletonBeanRegistry.java:234)
	at org.springframework.beans.factory.support.AbstractBeanFactory.doGetBean(AbstractBeanFactory.java:335)
	at org.springframework.beans.factory.support.AbstractBeanFactory.getBean(AbstractBeanFactory.java:200)
	at org.springframework.beans.factory.support.DefaultListableBeanFactory.preInstantiateSingletons(DefaultListableBeanFactory.java:975)
	at org.springframework.context.support.AbstractApplicationContext.finishBeanFactoryInitialization(AbstractApplicationContext.java:971)
	at org.springframework.context.support.AbstractApplicationContext.refresh(AbstractApplicationContext.java:625)
	at org.springframework.boot.web.servlet.context.ServletWebServerApplicationContext.refresh(ServletWebServerApplicationContext.java:146)
	at org.springframework.boot.SpringApplication.refresh(SpringApplication.java:754)
	at org.springframework.boot.SpringApplication.refreshContext(SpringApplication.java:456)
	at org.springframework.boot.SpringApplication.run(SpringApplication.java:335)
	at org.springframework.boot.SpringApplication.run(SpringApplication.java:1363)
	at org.springframework.boot.SpringApplication.run(SpringApplication.java:1352)
	at com.example.codedockbackend.CodedockBackendApplication.main(CodedockBackendApplication.java:21)
	at jdk.internal.reflect.GeneratedMethodAccessor146.invoke(Unknown Source)
	at java.base/jdk.internal.reflect.DelegatingMethodAccessorImpl.invoke(DelegatingMethodAccessorImpl.java:43)
	at java.base/java.lang.reflect.Method.invoke(Method.java:569)
	at org.springframework.boot.devtools.restart.RestartLauncher.run(RestartLauncher.java:50)
Caused by: java.lang.IllegalStateException: Failed to introspect Class [com.example.codedockbackend.controller.AuthController] from ClassLoader [org.springframework.boot.devtools.restart.classloader.RestartClassLoader@1047a1a]
	at org.springframework.util.ReflectionUtils.getDeclaredMethods(ReflectionUtils.java:483)
	at org.springframework.util.ReflectionUtils.doWithLocalMethods(ReflectionUtils.java:320)
	at org.springframework.beans.factory.annotation.AutowiredAnnotationBeanPostProcessor.checkLookupMethods(AutowiredAnnotationBeanPostProcessor.java:476)
	... 23 common frames omitted
Caused by: java.lang.NoClassDefFoundError: com/example/codedockbackend/dto/LoginRequest
	at java.base/java.lang.Class.getDeclaredMethods0(Native Method)
	at java.base/java.lang.Class.privateGetDeclaredMethods(Class.java:3404)
	at java.base/java.lang.Class.getDeclaredMethods(Class.java:2506)
	at org.springframework.util.ReflectionUtils.getDeclaredMethods(ReflectionUtils.java:465)
	... 25 common frames omitted
Caused by: java.lang.ClassNotFoundException: com.example.codedockbackend.dto.LoginRequest
	at java.base/jdk.internal.loader.BuiltinClassLoader.loadClass(BuiltinClassLoader.java:641)
	at java.base/jdk.internal.loader.ClassLoaders$AppClassLoader.loadClass(ClassLoaders.java:188)
	at java.base/java.lang.ClassLoader.loadClass(ClassLoader.java:525)
	at java.base/java.lang.Class.forName0(Native Method)
	at java.base/java.lang.Class.forName(Class.java:469)
	at org.springframework.boot.devtools.restart.classloader.RestartClassLoader.loadClass(RestartClassLoader.java:121)
	at java.base/java.lang.ClassLoader.loadClass(ClassLoader.java:525)
	... 29 common frames omitted
2026-03-27 18:49:41.379 [background-preinit] INFO  o.h.validator.internal.util.Version  - HV000001: Hibernate Validator 8.0.1.Final
2026-03-27 18:49:41.409 [restartedMain] INFO  c.e.c.CodedockBackendApplication  - Starting CodedockBackendApplication using Java 17.0.18 with PID 31568 (C:\Users\karti\OneDrive\Documents\HavinCode\codedock-backend\target\classes started by karti in C:\Users\karti\OneDrive\Documents\HavinCode\codedock-backend)
2026-03-27 18:49:41.409 [restartedMain] DEBUG c.e.c.CodedockBackendApplication  - Running with Spring Boot v3.3.4, Spring v6.1.13
2026-03-27 18:49:41.409 [restartedMain] INFO  c.e.c.CodedockBackendApplication  - No active profile set, falling back to 1 default profile: "default"
2026-03-27 18:49:42.491 [restartedMain] DEBUG c.e.c.security.JwtAuthFilter  - Filter 'jwtAuthFilter' configured for use
2026-03-27 18:49:42.573 [restartedMain] INFO  o.h.jpa.internal.util.LogHelper  - HHH000204: Processing PersistenceUnitInfo [name: default]
2026-03-27 18:49:42.640 [restartedMain] INFO  org.hibernate.Version  - HHH000412: Hibernate ORM core version 6.5.3.Final
2026-03-27 18:49:42.686 [restartedMain] INFO  o.h.c.i.RegionFactoryInitiator  - HHH000026: Second-level cache disabled
2026-03-27 18:49:44.007 [restartedMain] INFO  o.h.e.t.j.p.i.JtaPlatformInitiator  - HHH000489: No JTA platform available (set 'hibernate.transaction.jta.platform' to enable JTA platform integration)
2026-03-27 18:49:44.704 [restartedMain] INFO  c.e.c.CodedockBackendApplication  - Started CodedockBackendApplication in 3.729 seconds (process running for 4.28)
2026-03-27 18:50:06.339 [http-nio-8080-exec-10] ERROR c.e.c.e.GlobalExceptionHandler 60cc7841-13c3-4f01-a087-2b7a15d115f9 - Unhandled exception for POST /api/auth/forgot-password
org.springframework.mail.MailAuthenticationException: Authentication failed
	at org.springframework.mail.javamail.JavaMailSenderImpl.doSend(JavaMailSenderImpl.java:402)
	at org.springframework.mail.javamail.JavaMailSenderImpl.send(JavaMailSenderImpl.java:317)
	at org.springframework.mail.MailSender.send(MailSender.java:42)
	at com.example.codedockbackend.service.EmailService.sendResetEmail(EmailService.java:25)
	at com.example.codedockbackend.service.AuthService.forgotPassword(AuthService.java:57)
	at com.example.codedockbackend.controller.AuthController.forgotPassword(AuthController.java:34)
	at java.base/jdk.internal.reflect.NativeMethodAccessorImpl.invoke0(Native Method)
	at java.base/jdk.internal.reflect.NativeMethodAccessorImpl.invoke(NativeMethodAccessorImpl.java:77)
	at java.base/jdk.internal.reflect.DelegatingMethodAccessorImpl.invoke(DelegatingMethodAccessorImpl.java:43)
	at java.base/java.lang.reflect.Method.invoke(Method.java:569)
	at org.springframework.web.method.support.InvocableHandlerMethod.doInvoke(InvocableHandlerMethod.java:255)
	at org.springframework.web.method.support.InvocableHandlerMethod.invokeForRequest(InvocableHandlerMethod.java:188)
	at org.springframework.web.servlet.mvc.method.annotation.ServletInvocableHandlerMethod.invokeAndHandle(ServletInvocableHandlerMethod.java:118)
	at org.springframework.web.servlet.mvc.method.annotation.RequestMappingHandlerAdapter.invokeHandlerMethod(RequestMappingHandlerAdapter.java:926)
	at org.springframework.web.servlet.mvc.method.annotation.RequestMappingHandlerAdapter.handleInternal(RequestMappingHandlerAdapter.java:831)
	at org.springframework.web.servlet.mvc.method.AbstractHandlerMethodAdapter.handle(AbstractHandlerMethodAdapter.java:87)
	at org.springframework.web.servlet.DispatcherServlet.doDispatch(DispatcherServlet.java:1089)
	at org.springframework.web.servlet.DispatcherServlet.doService(DispatcherServlet.java:979)
	at org.springframework.web.servlet.FrameworkServlet.processRequest(FrameworkServlet.java:1014)
	at org.springframework.web.servlet.FrameworkServlet.doPost(FrameworkServlet.java:914)
	at jakarta.servlet.http.HttpServlet.service(HttpServlet.java:590)
	at org.springframework.web.servlet.FrameworkServlet.service(FrameworkServlet.java:885)
	at jakarta.servlet.http.HttpServlet.service(HttpServlet.java:658)
	at org.apache.catalina.core.ApplicationFilterChain.internalDoFilter(ApplicationFilterChain.java:195)
	at org.apache.catalina.core.ApplicationFilterChain.doFilter(ApplicationFilterChain.java:140)
	at org.apache.tomcat.websocket.server.WsFilter.doFilter(WsFilter.java:51)
	at org.apache.catalina.core.ApplicationFilterChain.internalDoFilter(ApplicationFilterChain.java:164)
	at org.apache.catalina.core.ApplicationFilterChain.doFilter(ApplicationFilterChain.java:140)
	at org.springframework.web.filter.OncePerRequestFilter.doFilter(OncePerRequestFilter.java:110)
	at org.apache.catalina.core.ApplicationFilterChain.internalDoFilter(ApplicationFilterChain.java:164)
	at org.apache.catalina.core.ApplicationFilterChain.doFilter(ApplicationFilterChain.java:140)
	at com.example.codedockbackend.logging.RequestResponseLoggingFilter.doFilter(RequestResponseLoggingFilter.java:34)
	at org.apache.catalina.core.ApplicationFilterChain.internalDoFilter(ApplicationFilterChain.java:164)
	at org.apache.catalina.core.ApplicationFilterChain.doFilter(ApplicationFilterChain.java:140)
	at com.example.codedockbackend.logging.MdcFilter.doFilter(MdcFilter.java:30)
	at org.apache.catalina.core.ApplicationFilterChain.internalDoFilter(ApplicationFilterChain.java:164)
	at org.apache.catalina.core.ApplicationFilterChain.doFilter(ApplicationFilterChain.java:140)
	at org.springframework.web.filter.CompositeFilter$VirtualFilterChain.doFilter(CompositeFilter.java:108)
	at org.springframework.security.web.FilterChainProxy.lambda$doFilterInternal$3(FilterChainProxy.java:231)
	at org.springframework.security.web.FilterChainProxy$VirtualFilterChain.doFilter(FilterChainProxy.java:365)
	at org.springframework.security.web.access.intercept.AuthorizationFilter.doFilter(AuthorizationFilter.java:100)
	at org.springframework.security.web.FilterChainProxy$VirtualFilterChain.doFilter(FilterChainProxy.java:374)
	at org.springframework.security.web.access.ExceptionTranslationFilter.doFilter(ExceptionTranslationFilter.java:126)
	at org.springframework.security.web.access.ExceptionTranslationFilter.doFilter(ExceptionTranslationFilter.java:120)
	at org.springframework.security.web.FilterChainProxy$VirtualFilterChain.doFilter(FilterChainProxy.java:374)
	at org.springframework.security.web.session.SessionManagementFilter.doFilter(SessionManagementFilter.java:131)
	at org.springframework.security.web.session.SessionManagementFilter.doFilter(SessionManagementFilter.java:85)
	at org.springframework.security.web.FilterChainProxy$VirtualFilterChain.doFilter(FilterChainProxy.java:374)
	at org.springframework.security.web.authentication.AnonymousAuthenticationFilter.doFilter(AnonymousAuthenticationFilter.java:100)
	at org.springframework.security.web.FilterChainProxy$VirtualFilterChain.doFilter(FilterChainProxy.java:374)
	at org.springframework.security.web.servletapi.SecurityContextHolderAwareRequestFilter.doFilter(SecurityContextHolderAwareRequestFilter.java:179)
	at org.springframework.security.web.FilterChainProxy$VirtualFilterChain.doFilter(FilterChainProxy.java:374)
	at org.springframework.security.web.savedrequest.RequestCacheAwareFilter.doFilter(RequestCacheAwareFilter.java:63)
	at org.springframework.security.web.FilterChainProxy$VirtualFilterChain.doFilter(FilterChainProxy.java:374)
	at org.springframework.security.web.authentication.www.BasicAuthenticationFilter.doFilterInternal(BasicAuthenticationFilter.java:181)
	at org.springframework.web.filter.OncePerRequestFilter.doFilter(OncePerRequestFilter.java:116)
	at org.springframework.security.web.FilterChainProxy$VirtualFilterChain.doFilter(FilterChainProxy.java:374)
	at com.example.codedockbackend.security.JwtAuthFilter.doFilterInternal(JwtAuthFilter.java:47)
	at org.springframework.web.filter.OncePerRequestFilter.doFilter(OncePerRequestFilter.java:116)
	at org.springframework.security.web.FilterChainProxy$VirtualFilterChain.doFilter(FilterChainProxy.java:374)
	at org.springframework.security.web.authentication.logout.LogoutFilter.doFilter(LogoutFilter.java:107)
	at org.springframework.security.web.authentication.logout.LogoutFilter.doFilter(LogoutFilter.java:93)
	at org.springframework.security.web.FilterChainProxy$VirtualFilterChain.doFilter(FilterChainProxy.java:374)
	at org.springframework.web.filter.CorsFilter.doFilterInternal(CorsFilter.java:91)
	at org.springframework.web.filter.OncePerRequestFilter.doFilter(OncePerRequestFilter.java:116)
	at org.springframework.security.web.FilterChainProxy$VirtualFilterChain.doFilter(FilterChainProxy.java:374)
	at org.springframework.security.web.header.HeaderWriterFilter.doHeadersAfter(HeaderWriterFilter.java:90)
	at org.springframework.security.web.header.HeaderWriterFilter.doFilterInternal(HeaderWriterFilter.java:75)
	at org.springframework.web.filter.OncePerRequestFilter.doFilter(OncePerRequestFilter.java:116)
	at org.springframework.security.web.FilterChainProxy$VirtualFilterChain.doFilter(FilterChainProxy.java:374)
	at org.springframework.security.web.context.SecurityContextHolderFilter.doFilter(SecurityContextHolderFilter.java:82)
	at org.springframework.security.web.context.SecurityContextHolderFilter.doFilter(SecurityContextHolderFilter.java:69)
	at org.springframework.security.web.FilterChainProxy$VirtualFilterChain.doFilter(FilterChainProxy.java:374)
	at org.springframework.security.web.context.request.async.WebAsyncManagerIntegrationFilter.doFilterInternal(WebAsyncManagerIntegrationFilter.java:62)
	at org.springframework.web.filter.OncePerRequestFilter.doFilter(OncePerRequestFilter.java:116)
	at org.springframework.security.web.FilterChainProxy$VirtualFilterChain.doFilter(FilterChainProxy.java:374)
	at org.springframework.security.web.session.DisableEncodeUrlFilter.doFilterInternal(DisableEncodeUrlFilter.java:42)
	at org.springframework.web.filter.OncePerRequestFilter.doFilter(OncePerRequestFilter.java:116)
	at org.springframework.security.web.FilterChainProxy$VirtualFilterChain.doFilter(FilterChainProxy.java:374)
	at org.springframework.security.web.FilterChainProxy.doFilterInternal(FilterChainProxy.java:233)
	at org.springframework.security.web.FilterChainProxy.doFilter(FilterChainProxy.java:191)
	at org.springframework.web.filter.CompositeFilter$VirtualFilterChain.doFilter(CompositeFilter.java:113)
	at org.springframework.web.servlet.handler.HandlerMappingIntrospector.lambda$createCacheFilter$3(HandlerMappingIntrospector.java:195)
	at org.springframework.web.filter.CompositeFilter$VirtualFilterChain.doFilter(CompositeFilter.java:113)
	at org.springframework.web.filter.CompositeFilter.doFilter(CompositeFilter.java:74)
	at org.springframework.security.config.annotation.web.configuration.WebMvcSecurityConfiguration$CompositeFilterChainProxy.doFilter(WebMvcSecurityConfiguration.java:230)
	at org.springframework.web.filter.DelegatingFilterProxy.invokeDelegate(DelegatingFilterProxy.java:352)
	at org.springframework.web.filter.DelegatingFilterProxy.doFilter(DelegatingFilterProxy.java:268)
	at org.apache.catalina.core.ApplicationFilterChain.internalDoFilter(ApplicationFilterChain.java:164)
	at org.apache.catalina.core.ApplicationFilterChain.doFilter(ApplicationFilterChain.java:140)
	at org.springframework.web.filter.RequestContextFilter.doFilterInternal(RequestContextFilter.java:100)
	at org.springframework.web.filter.OncePerRequestFilter.doFilter(OncePerRequestFilter.java:116)
	at org.apache.catalina.core.ApplicationFilterChain.internalDoFilter(ApplicationFilterChain.java:164)
	at org.apache.catalina.core.ApplicationFilterChain.doFilter(ApplicationFilterChain.java:140)
	at org.springframework.web.filter.FormContentFilter.doFilterInternal(FormContentFilter.java:93)
	at org.springframework.web.filter.OncePerRequestFilter.doFilter(OncePerRequestFilter.java:116)
	at org.apache.catalina.core.ApplicationFilterChain.internalDoFilter(ApplicationFilterChain.java:164)
	at org.apache.catalina.core.ApplicationFilterChain.doFilter(ApplicationFilterChain.java:140)
	at org.springframework.web.filter.CharacterEncodingFilter.doFilterInternal(CharacterEncodingFilter.java:201)
	at org.springframework.web.filter.OncePerRequestFilter.doFilter(OncePerRequestFilter.java:116)
	at org.apache.catalina.core.ApplicationFilterChain.internalDoFilter(ApplicationFilterChain.java:164)
	at org.apache.catalina.core.ApplicationFilterChain.doFilter(ApplicationFilterChain.java:140)
	at org.apache.catalina.core.StandardWrapperValve.invoke(StandardWrapperValve.java:167)
	at org.apache.catalina.core.StandardContextValve.invoke(StandardContextValve.java:90)
	at org.apache.catalina.authenticator.AuthenticatorBase.invoke(AuthenticatorBase.java:483)
	at org.apache.catalina.core.StandardHostValve.invoke(StandardHostValve.java:115)
	at org.apache.catalina.valves.ErrorReportValve.invoke(ErrorReportValve.java:93)
	at org.apache.catalina.core.StandardEngineValve.invoke(StandardEngineValve.java:74)
	at org.apache.catalina.connector.CoyoteAdapter.service(CoyoteAdapter.java:344)
	at org.apache.coyote.http11.Http11Processor.service(Http11Processor.java:384)
	at org.apache.coyote.AbstractProcessorLight.process(AbstractProcessorLight.java:63)
	at org.apache.coyote.AbstractProtocol$ConnectionHandler.process(AbstractProtocol.java:905)
	at org.apache.tomcat.util.net.NioEndpoint$SocketProcessor.doRun(NioEndpoint.java:1741)
	at org.apache.tomcat.util.net.SocketProcessorBase.run(SocketProcessorBase.java:52)
	at org.apache.tomcat.util.threads.ThreadPoolExecutor.runWorker(ThreadPoolExecutor.java:1190)
	at org.apache.tomcat.util.threads.ThreadPoolExecutor$Worker.run(ThreadPoolExecutor.java:659)
	at org.apache.tomcat.util.threads.TaskThread$WrappingRunnable.run(TaskThread.java:63)
	at java.base/java.lang.Thread.run(Thread.java:840)
Caused by: jakarta.mail.AuthenticationFailedException: 534-5.7.9 Application-specific password required. For more information, go to
534 5.7.9  https://support.google.com/mail/?p=InvalidSecondFactor d2e1a72fcca58-82c7d385601sm5449657b3a.33 - gsmtp

	at org.eclipse.angus.mail.smtp.SMTPTransport$Authenticator.authenticate(SMTPTransport.java:954)
	at org.eclipse.angus.mail.smtp.SMTPTransport.authenticate(SMTPTransport.java:865)
	at org.eclipse.angus.mail.smtp.SMTPTransport.protocolConnect(SMTPTransport.java:769)
	at jakarta.mail.Service.connect(Service.java:345)
	at org.springframework.mail.javamail.JavaMailSenderImpl.connectTransport(JavaMailSenderImpl.java:480)
	at org.springframework.mail.javamail.JavaMailSenderImpl.doSend(JavaMailSenderImpl.java:399)
	... 117 common frames omitted
2026-03-27 18:50:06.404 [http-nio-8080-exec-10] WARN  o.s.w.s.m.m.a.ExceptionHandlerExceptionResolver 60cc7841-13c3-4f01-a087-2b7a15d115f9 - Resolved [org.springframework.mail.MailAuthenticationException: Authentication failed]
2026-03-27 18:50:06.404 [http-nio-8080-exec-10] INFO  c.e.c.l.RequestResponseLoggingFilter 60cc7841-13c3-4f01-a087-2b7a15d115f9 - HTTP POST /api/auth/forgot-password | status=500 | duration=4100ms | req={
   "email": "kartiksantwani5@gmail.com"
} | res={"timestamp":"2026-03-27T13:20:06.339620100Z","status":500,"error":"Internal Server Error","message":"Authentication failed","path":"/api/auth/forgot-password"}
2026-03-27 18:55:04.570 [http-nio-8080-exec-4] INFO  c.e.c.l.RequestResponseLoggingFilter d9812aac-5de7-44c0-bbc9-377e96dcb6ca - HTTP POST /api/users/create | status=200 | duration=294ms | req={
  "name": "Test User",
  "email": "kartiksantwani1996@gmail.com",
  "password": "password123"
} | res={"id":"ac189001-9d2f-135e-819d-2f7845890000","name":"Test User","email":"kartiksantwani1996@gmail.com"}
2026-03-27 18:55:14.776 [http-nio-8080-exec-5] INFO  c.e.c.l.RequestResponseLoggingFilter 437c6467-93a2-4fda-972b-b3fe4ca47e87 - HTTP POST /api/auth/login | status=200 | duration=205ms | req={
     "email": "kartiksantwani5@gmail.com",
  "password": "password123"
} | res={"token":"eyJhbGciOiJIUzI1NiJ9.eyJzdWIiOiJrYXJ0aWtzYW50d2FuaTVAZ21haWwuY29tIiwiaWF0IjoxNzc0NjE3OTE0LCJleHAiOjE3NzQ3MDQzMTR9.0bm66qVcFZ6Iefo0J_S_X1H-pesLgGahq_par5HM43Q"}
2026-03-27 18:55:32.893 [http-nio-8080-exec-8] ERROR c.e.c.e.GlobalExceptionHandler 0f334780-b737-40d4-8e97-b02a766af8a1 - Unhandled exception for POST /api/auth/forgot-password
org.springframework.mail.MailAuthenticationException: Authentication failed
	at org.springframework.mail.javamail.JavaMailSenderImpl.doSend(JavaMailSenderImpl.java:402)
	at org.springframework.mail.javamail.JavaMailSenderImpl.send(JavaMailSenderImpl.java:317)
	at org.springframework.mail.MailSender.send(MailSender.java:42)
	at com.example.codedockbackend.service.EmailService.sendResetEmail(EmailService.java:25)
	at com.example.codedockbackend.service.AuthService.forgotPassword(AuthService.java:57)
	at com.example.codedockbackend.controller.AuthController.forgotPassword(AuthController.java:34)
	at java.base/jdk.internal.reflect.NativeMethodAccessorImpl.invoke0(Native Method)
	at java.base/jdk.internal.reflect.NativeMethodAccessorImpl.invoke(NativeMethodAccessorImpl.java:77)
	at java.base/jdk.internal.reflect.DelegatingMethodAccessorImpl.invoke(DelegatingMethodAccessorImpl.java:43)
	at java.base/java.lang.reflect.Method.invoke(Method.java:569)
	at org.springframework.web.method.support.InvocableHandlerMethod.doInvoke(InvocableHandlerMethod.java:255)
	at org.springframework.web.method.support.InvocableHandlerMethod.invokeForRequest(InvocableHandlerMethod.java:188)
	at org.springframework.web.servlet.mvc.method.annotation.ServletInvocableHandlerMethod.invokeAndHandle(ServletInvocableHandlerMethod.java:118)
	at org.springframework.web.servlet.mvc.method.annotation.RequestMappingHandlerAdapter.invokeHandlerMethod(RequestMappingHandlerAdapter.java:926)
	at org.springframework.web.servlet.mvc.method.annotation.RequestMappingHandlerAdapter.handleInternal(RequestMappingHandlerAdapter.java:831)
	at org.springframework.web.servlet.mvc.method.AbstractHandlerMethodAdapter.handle(AbstractHandlerMethodAdapter.java:87)
	at org.springframework.web.servlet.DispatcherServlet.doDispatch(DispatcherServlet.java:1089)
	at org.springframework.web.servlet.DispatcherServlet.doService(DispatcherServlet.java:979)
	at org.springframework.web.servlet.FrameworkServlet.processRequest(FrameworkServlet.java:1014)
	at org.springframework.web.servlet.FrameworkServlet.doPost(FrameworkServlet.java:914)
	at jakarta.servlet.http.HttpServlet.service(HttpServlet.java:590)
	at org.springframework.web.servlet.FrameworkServlet.service(FrameworkServlet.java:885)
	at jakarta.servlet.http.HttpServlet.service(HttpServlet.java:658)
	at org.apache.catalina.core.ApplicationFilterChain.internalDoFilter(ApplicationFilterChain.java:195)
	at org.apache.catalina.core.ApplicationFilterChain.doFilter(ApplicationFilterChain.java:140)
	at org.apache.tomcat.websocket.server.WsFilter.doFilter(WsFilter.java:51)
	at org.apache.catalina.core.ApplicationFilterChain.internalDoFilter(ApplicationFilterChain.java:164)
	at org.apache.catalina.core.ApplicationFilterChain.doFilter(ApplicationFilterChain.java:140)
	at org.springframework.web.filter.OncePerRequestFilter.doFilter(OncePerRequestFilter.java:110)
	at org.apache.catalina.core.ApplicationFilterChain.internalDoFilter(ApplicationFilterChain.java:164)
	at org.apache.catalina.core.ApplicationFilterChain.doFilter(ApplicationFilterChain.java:140)
	at com.example.codedockbackend.logging.RequestResponseLoggingFilter.doFilter(RequestResponseLoggingFilter.java:34)
	at org.apache.catalina.core.ApplicationFilterChain.internalDoFilter(ApplicationFilterChain.java:164)
	at org.apache.catalina.core.ApplicationFilterChain.doFilter(ApplicationFilterChain.java:140)
	at com.example.codedockbackend.logging.MdcFilter.doFilter(MdcFilter.java:30)
	at org.apache.catalina.core.ApplicationFilterChain.internalDoFilter(ApplicationFilterChain.java:164)
	at org.apache.catalina.core.ApplicationFilterChain.doFilter(ApplicationFilterChain.java:140)
	at org.springframework.web.filter.CompositeFilter$VirtualFilterChain.doFilter(CompositeFilter.java:108)
	at org.springframework.security.web.FilterChainProxy.lambda$doFilterInternal$3(FilterChainProxy.java:231)
	at org.springframework.security.web.FilterChainProxy$VirtualFilterChain.doFilter(FilterChainProxy.java:365)
	at org.springframework.security.web.access.intercept.AuthorizationFilter.doFilter(AuthorizationFilter.java:100)
	at org.springframework.security.web.FilterChainProxy$VirtualFilterChain.doFilter(FilterChainProxy.java:374)
	at org.springframework.security.web.access.ExceptionTranslationFilter.doFilter(ExceptionTranslationFilter.java:126)
	at org.springframework.security.web.access.ExceptionTranslationFilter.doFilter(ExceptionTranslationFilter.java:120)
	at org.springframework.security.web.FilterChainProxy$VirtualFilterChain.doFilter(FilterChainProxy.java:374)
	at org.springframework.security.web.session.SessionManagementFilter.doFilter(SessionManagementFilter.java:131)
	at org.springframework.security.web.session.SessionManagementFilter.doFilter(SessionManagementFilter.java:85)
	at org.springframework.security.web.FilterChainProxy$VirtualFilterChain.doFilter(FilterChainProxy.java:374)
	at org.springframework.security.web.authentication.AnonymousAuthenticationFilter.doFilter(AnonymousAuthenticationFilter.java:100)
	at org.springframework.security.web.FilterChainProxy$VirtualFilterChain.doFilter(FilterChainProxy.java:374)
	at org.springframework.security.web.servletapi.SecurityContextHolderAwareRequestFilter.doFilter(SecurityContextHolderAwareRequestFilter.java:179)
	at org.springframework.security.web.FilterChainProxy$VirtualFilterChain.doFilter(FilterChainProxy.java:374)
	at org.springframework.security.web.savedrequest.RequestCacheAwareFilter.doFilter(RequestCacheAwareFilter.java:63)
	at org.springframework.security.web.FilterChainProxy$VirtualFilterChain.doFilter(FilterChainProxy.java:374)
	at org.springframework.security.web.authentication.www.BasicAuthenticationFilter.doFilterInternal(BasicAuthenticationFilter.java:181)
	at org.springframework.web.filter.OncePerRequestFilter.doFilter(OncePerRequestFilter.java:116)
	at org.springframework.security.web.FilterChainProxy$VirtualFilterChain.doFilter(FilterChainProxy.java:374)
	at com.example.codedockbackend.security.JwtAuthFilter.doFilterInternal(JwtAuthFilter.java:47)
	at org.springframework.web.filter.OncePerRequestFilter.doFilter(OncePerRequestFilter.java:116)
	at org.springframework.security.web.FilterChainProxy$VirtualFilterChain.doFilter(FilterChainProxy.java:374)
	at org.springframework.security.web.authentication.logout.LogoutFilter.doFilter(LogoutFilter.java:107)
	at org.springframework.security.web.authentication.logout.LogoutFilter.doFilter(LogoutFilter.java:93)
	at org.springframework.security.web.FilterChainProxy$VirtualFilterChain.doFilter(FilterChainProxy.java:374)
	at org.springframework.web.filter.CorsFilter.doFilterInternal(CorsFilter.java:91)
	at org.springframework.web.filter.OncePerRequestFilter.doFilter(OncePerRequestFilter.java:116)
	at org.springframework.security.web.FilterChainProxy$VirtualFilterChain.doFilter(FilterChainProxy.java:374)
	at org.springframework.security.web.header.HeaderWriterFilter.doHeadersAfter(HeaderWriterFilter.java:90)
	at org.springframework.security.web.header.HeaderWriterFilter.doFilterInternal(HeaderWriterFilter.java:75)
	at org.springframework.web.filter.OncePerRequestFilter.doFilter(OncePerRequestFilter.java:116)
	at org.springframework.security.web.FilterChainProxy$VirtualFilterChain.doFilter(FilterChainProxy.java:374)
	at org.springframework.security.web.context.SecurityContextHolderFilter.doFilter(SecurityContextHolderFilter.java:82)
	at org.springframework.security.web.context.SecurityContextHolderFilter.doFilter(SecurityContextHolderFilter.java:69)
	at org.springframework.security.web.FilterChainProxy$VirtualFilterChain.doFilter(FilterChainProxy.java:374)
	at org.springframework.security.web.context.request.async.WebAsyncManagerIntegrationFilter.doFilterInternal(WebAsyncManagerIntegrationFilter.java:62)
	at org.springframework.web.filter.OncePerRequestFilter.doFilter(OncePerRequestFilter.java:116)
	at org.springframework.security.web.FilterChainProxy$VirtualFilterChain.doFilter(FilterChainProxy.java:374)
	at org.springframework.security.web.session.DisableEncodeUrlFilter.doFilterInternal(DisableEncodeUrlFilter.java:42)
	at org.springframework.web.filter.OncePerRequestFilter.doFilter(OncePerRequestFilter.java:116)
	at org.springframework.security.web.FilterChainProxy$VirtualFilterChain.doFilter(FilterChainProxy.java:374)
	at org.springframework.security.web.FilterChainProxy.doFilterInternal(FilterChainProxy.java:233)
	at org.springframework.security.web.FilterChainProxy.doFilter(FilterChainProxy.java:191)
	at org.springframework.web.filter.CompositeFilter$VirtualFilterChain.doFilter(CompositeFilter.java:113)
	at org.springframework.web.servlet.handler.HandlerMappingIntrospector.lambda$createCacheFilter$3(HandlerMappingIntrospector.java:195)
	at org.springframework.web.filter.CompositeFilter$VirtualFilterChain.doFilter(CompositeFilter.java:113)
	at org.springframework.web.filter.CompositeFilter.doFilter(CompositeFilter.java:74)
	at org.springframework.security.config.annotation.web.configuration.WebMvcSecurityConfiguration$CompositeFilterChainProxy.doFilter(WebMvcSecurityConfiguration.java:230)
	at org.springframework.web.filter.DelegatingFilterProxy.invokeDelegate(DelegatingFilterProxy.java:352)
	at org.springframework.web.filter.DelegatingFilterProxy.doFilter(DelegatingFilterProxy.java:268)
	at org.apache.catalina.core.ApplicationFilterChain.internalDoFilter(ApplicationFilterChain.java:164)
	at org.apache.catalina.core.ApplicationFilterChain.doFilter(ApplicationFilterChain.java:140)
	at org.springframework.web.filter.RequestContextFilter.doFilterInternal(RequestContextFilter.java:100)
	at org.springframework.web.filter.OncePerRequestFilter.doFilter(OncePerRequestFilter.java:116)
	at org.apache.catalina.core.ApplicationFilterChain.internalDoFilter(ApplicationFilterChain.java:164)
	at org.apache.catalina.core.ApplicationFilterChain.doFilter(ApplicationFilterChain.java:140)
	at org.springframework.web.filter.FormContentFilter.doFilterInternal(FormContentFilter.java:93)
	at org.springframework.web.filter.OncePerRequestFilter.doFilter(OncePerRequestFilter.java:116)
	at org.apache.catalina.core.ApplicationFilterChain.internalDoFilter(ApplicationFilterChain.java:164)
	at org.apache.catalina.core.ApplicationFilterChain.doFilter(ApplicationFilterChain.java:140)
	at org.springframework.web.filter.CharacterEncodingFilter.doFilterInternal(CharacterEncodingFilter.java:201)
	at org.springframework.web.filter.OncePerRequestFilter.doFilter(OncePerRequestFilter.java:116)
	at org.apache.catalina.core.ApplicationFilterChain.internalDoFilter(ApplicationFilterChain.java:164)
	at org.apache.catalina.core.ApplicationFilterChain.doFilter(ApplicationFilterChain.java:140)
	at org.apache.catalina.core.StandardWrapperValve.invoke(StandardWrapperValve.java:167)
	at org.apache.catalina.core.StandardContextValve.invoke(StandardContextValve.java:90)
	at org.apache.catalina.authenticator.AuthenticatorBase.invoke(AuthenticatorBase.java:483)
	at org.apache.catalina.core.StandardHostValve.invoke(StandardHostValve.java:115)
	at org.apache.catalina.valves.ErrorReportValve.invoke(ErrorReportValve.java:93)
	at org.apache.catalina.core.StandardEngineValve.invoke(StandardEngineValve.java:74)
	at org.apache.catalina.connector.CoyoteAdapter.service(CoyoteAdapter.java:344)
	at org.apache.coyote.http11.Http11Processor.service(Http11Processor.java:384)
	at org.apache.coyote.AbstractProcessorLight.process(AbstractProcessorLight.java:63)
	at org.apache.coyote.AbstractProtocol$ConnectionHandler.process(AbstractProtocol.java:905)
	at org.apache.tomcat.util.net.NioEndpoint$SocketProcessor.doRun(NioEndpoint.java:1741)
	at org.apache.tomcat.util.net.SocketProcessorBase.run(SocketProcessorBase.java:52)
	at org.apache.tomcat.util.threads.ThreadPoolExecutor.runWorker(ThreadPoolExecutor.java:1190)
	at org.apache.tomcat.util.threads.ThreadPoolExecutor$Worker.run(ThreadPoolExecutor.java:659)
	at org.apache.tomcat.util.threads.TaskThread$WrappingRunnable.run(TaskThread.java:63)
	at java.base/java.lang.Thread.run(Thread.java:840)
Caused by: jakarta.mail.AuthenticationFailedException: 534-5.7.9 Application-specific password required. For more information, go to
534 5.7.9  https://support.google.com/mail/?p=InvalidSecondFactor 98e67ed59e1d1-35c2db0a951sm917430a91.5 - gsmtp

	at org.eclipse.angus.mail.smtp.SMTPTransport$Authenticator.authenticate(SMTPTransport.java:954)
	at org.eclipse.angus.mail.smtp.SMTPTransport.authenticate(SMTPTransport.java:865)
	at org.eclipse.angus.mail.smtp.SMTPTransport.protocolConnect(SMTPTransport.java:769)
	at jakarta.mail.Service.connect(Service.java:345)
	at org.springframework.mail.javamail.JavaMailSenderImpl.connectTransport(JavaMailSenderImpl.java:480)
	at org.springframework.mail.javamail.JavaMailSenderImpl.doSend(JavaMailSenderImpl.java:399)
	... 117 common frames omitted
2026-03-27 18:55:32.893 [http-nio-8080-exec-8] WARN  o.s.w.s.m.m.a.ExceptionHandlerExceptionResolver 0f334780-b737-40d4-8e97-b02a766af8a1 - Resolved [org.springframework.mail.MailAuthenticationException: Authentication failed]
2026-03-27 18:55:32.893 [http-nio-8080-exec-8] INFO  c.e.c.l.RequestResponseLoggingFilter 0f334780-b737-40d4-8e97-b02a766af8a1 - HTTP POST /api/auth/forgot-password | status=500 | duration=2002ms | req={
   "email": "kartiksantwani1996@gmail.com"
} | res={"timestamp":"2026-03-27T13:25:32.893424400Z","status":500,"error":"Internal Server Error","message":"Authentication failed","path":"/api/auth/forgot-password"}
2026-03-27 18:58:19.159 [restartedMain] INFO  c.e.c.CodedockBackendApplication  - Starting CodedockBackendApplication using Java 17.0.18 with PID 31568 (C:\Users\karti\OneDrive\Documents\HavinCode\codedock-backend\target\classes started by karti in C:\Users\karti\OneDrive\Documents\HavinCode\codedock-backend)
2026-03-27 18:58:19.160 [restartedMain] DEBUG c.e.c.CodedockBackendApplication  - Running with Spring Boot v3.3.4, Spring v6.1.13
2026-03-27 18:58:19.160 [restartedMain] INFO  c.e.c.CodedockBackendApplication  - No active profile set, falling back to 1 default profile: "default"
2026-03-27 18:58:19.392 [restartedMain] DEBUG c.e.c.security.JwtAuthFilter  - Filter 'jwtAuthFilter' configured for use
2026-03-27 18:58:19.416 [restartedMain] INFO  o.h.jpa.internal.util.LogHelper  - HHH000204: Processing PersistenceUnitInfo [name: default]
2026-03-27 18:58:19.420 [restartedMain] INFO  o.h.c.i.RegionFactoryInitiator  - HHH000026: Second-level cache disabled
2026-03-27 18:58:19.526 [restartedMain] INFO  o.h.e.t.j.p.i.JtaPlatformInitiator  - HHH000489: No JTA platform available (set 'hibernate.transaction.jta.platform' to enable JTA platform integration)
2026-03-27 18:58:19.802 [restartedMain] INFO  c.e.c.CodedockBackendApplication  - Started CodedockBackendApplication in 0.662 seconds (process running for 519.378)
2026-03-27 18:58:21.974 [background-preinit] INFO  o.h.validator.internal.util.Version  - HV000001: Hibernate Validator 8.0.1.Final
2026-03-27 18:58:22.025 [restartedMain] INFO  c.e.c.CodedockBackendApplication  - Starting CodedockBackendApplication using Java 17.0.18 with PID 9348 (C:\Users\karti\OneDrive\Documents\HavinCode\codedock-backend\target\classes started by karti in C:\Users\karti\OneDrive\Documents\HavinCode\codedock-backend)
2026-03-27 18:58:22.025 [restartedMain] DEBUG c.e.c.CodedockBackendApplication  - Running with Spring Boot v3.3.4, Spring v6.1.13
2026-03-27 18:58:22.025 [restartedMain] INFO  c.e.c.CodedockBackendApplication  - No active profile set, falling back to 1 default profile: "default"
2026-03-27 18:58:23.104 [restartedMain] DEBUG c.e.c.security.JwtAuthFilter  - Filter 'jwtAuthFilter' configured for use
2026-03-27 18:58:23.168 [restartedMain] INFO  o.h.jpa.internal.util.LogHelper  - HHH000204: Processing PersistenceUnitInfo [name: default]
2026-03-27 18:58:23.209 [restartedMain] INFO  org.hibernate.Version  - HHH000412: Hibernate ORM core version 6.5.3.Final
2026-03-27 18:58:23.237 [restartedMain] INFO  o.h.c.i.RegionFactoryInitiator  - HHH000026: Second-level cache disabled
2026-03-27 18:58:24.240 [restartedMain] INFO  o.h.e.t.j.p.i.JtaPlatformInitiator  - HHH000489: No JTA platform available (set 'hibernate.transaction.jta.platform' to enable JTA platform integration)
2026-03-27 18:58:24.965 [restartedMain] INFO  c.e.c.CodedockBackendApplication  - Started CodedockBackendApplication in 3.345 seconds (process running for 3.903)
2026-03-27 18:58:35.718 [http-nio-8080-exec-1] ERROR c.e.c.e.GlobalExceptionHandler 45a79e38-d234-4915-b561-d4fd9c7fe597 - Unhandled exception for POST /api/auth/forgot-password
org.springframework.mail.MailAuthenticationException: Authentication failed
	at org.springframework.mail.javamail.JavaMailSenderImpl.doSend(JavaMailSenderImpl.java:402)
	at org.springframework.mail.javamail.JavaMailSenderImpl.send(JavaMailSenderImpl.java:317)
	at org.springframework.mail.MailSender.send(MailSender.java:42)
	at com.example.codedockbackend.service.EmailService.sendResetEmail(EmailService.java:25)
	at com.example.codedockbackend.service.AuthService.forgotPassword(AuthService.java:57)
	at com.example.codedockbackend.controller.AuthController.forgotPassword(AuthController.java:34)
	at java.base/jdk.internal.reflect.NativeMethodAccessorImpl.invoke0(Native Method)
	at java.base/jdk.internal.reflect.NativeMethodAccessorImpl.invoke(NativeMethodAccessorImpl.java:77)
	at java.base/jdk.internal.reflect.DelegatingMethodAccessorImpl.invoke(DelegatingMethodAccessorImpl.java:43)
	at java.base/java.lang.reflect.Method.invoke(Method.java:569)
	at org.springframework.web.method.support.InvocableHandlerMethod.doInvoke(InvocableHandlerMethod.java:255)
	at org.springframework.web.method.support.InvocableHandlerMethod.invokeForRequest(InvocableHandlerMethod.java:188)
	at org.springframework.web.servlet.mvc.method.annotation.ServletInvocableHandlerMethod.invokeAndHandle(ServletInvocableHandlerMethod.java:118)
	at org.springframework.web.servlet.mvc.method.annotation.RequestMappingHandlerAdapter.invokeHandlerMethod(RequestMappingHandlerAdapter.java:926)
	at org.springframework.web.servlet.mvc.method.annotation.RequestMappingHandlerAdapter.handleInternal(RequestMappingHandlerAdapter.java:831)
	at org.springframework.web.servlet.mvc.method.AbstractHandlerMethodAdapter.handle(AbstractHandlerMethodAdapter.java:87)
	at org.springframework.web.servlet.DispatcherServlet.doDispatch(DispatcherServlet.java:1089)
	at org.springframework.web.servlet.DispatcherServlet.doService(DispatcherServlet.java:979)
	at org.springframework.web.servlet.FrameworkServlet.processRequest(FrameworkServlet.java:1014)
	at org.springframework.web.servlet.FrameworkServlet.doPost(FrameworkServlet.java:914)
	at jakarta.servlet.http.HttpServlet.service(HttpServlet.java:590)
	at org.springframework.web.servlet.FrameworkServlet.service(FrameworkServlet.java:885)
	at jakarta.servlet.http.HttpServlet.service(HttpServlet.java:658)
	at org.apache.catalina.core.ApplicationFilterChain.internalDoFilter(ApplicationFilterChain.java:195)
	at org.apache.catalina.core.ApplicationFilterChain.doFilter(ApplicationFilterChain.java:140)
	at org.apache.tomcat.websocket.server.WsFilter.doFilter(WsFilter.java:51)
	at org.apache.catalina.core.ApplicationFilterChain.internalDoFilter(ApplicationFilterChain.java:164)
	at org.apache.catalina.core.ApplicationFilterChain.doFilter(ApplicationFilterChain.java:140)
	at org.springframework.web.filter.OncePerRequestFilter.doFilter(OncePerRequestFilter.java:110)
	at org.apache.catalina.core.ApplicationFilterChain.internalDoFilter(ApplicationFilterChain.java:164)
	at org.apache.catalina.core.ApplicationFilterChain.doFilter(ApplicationFilterChain.java:140)
	at com.example.codedockbackend.logging.RequestResponseLoggingFilter.doFilter(RequestResponseLoggingFilter.java:34)
	at org.apache.catalina.core.ApplicationFilterChain.internalDoFilter(ApplicationFilterChain.java:164)
	at org.apache.catalina.core.ApplicationFilterChain.doFilter(ApplicationFilterChain.java:140)
	at com.example.codedockbackend.logging.MdcFilter.doFilter(MdcFilter.java:30)
	at org.apache.catalina.core.ApplicationFilterChain.internalDoFilter(ApplicationFilterChain.java:164)
	at org.apache.catalina.core.ApplicationFilterChain.doFilter(ApplicationFilterChain.java:140)
	at org.springframework.web.filter.CompositeFilter$VirtualFilterChain.doFilter(CompositeFilter.java:108)
	at org.springframework.security.web.FilterChainProxy.lambda$doFilterInternal$3(FilterChainProxy.java:231)
	at org.springframework.security.web.FilterChainProxy$VirtualFilterChain.doFilter(FilterChainProxy.java:365)
	at org.springframework.security.web.access.intercept.AuthorizationFilter.doFilter(AuthorizationFilter.java:100)
	at org.springframework.security.web.FilterChainProxy$VirtualFilterChain.doFilter(FilterChainProxy.java:374)
	at org.springframework.security.web.access.ExceptionTranslationFilter.doFilter(ExceptionTranslationFilter.java:126)
	at org.springframework.security.web.access.ExceptionTranslationFilter.doFilter(ExceptionTranslationFilter.java:120)
	at org.springframework.security.web.FilterChainProxy$VirtualFilterChain.doFilter(FilterChainProxy.java:374)
	at org.springframework.security.web.session.SessionManagementFilter.doFilter(SessionManagementFilter.java:131)
	at org.springframework.security.web.session.SessionManagementFilter.doFilter(SessionManagementFilter.java:85)
	at org.springframework.security.web.FilterChainProxy$VirtualFilterChain.doFilter(FilterChainProxy.java:374)
	at org.springframework.security.web.authentication.AnonymousAuthenticationFilter.doFilter(AnonymousAuthenticationFilter.java:100)
	at org.springframework.security.web.FilterChainProxy$VirtualFilterChain.doFilter(FilterChainProxy.java:374)
	at org.springframework.security.web.servletapi.SecurityContextHolderAwareRequestFilter.doFilter(SecurityContextHolderAwareRequestFilter.java:179)
	at org.springframework.security.web.FilterChainProxy$VirtualFilterChain.doFilter(FilterChainProxy.java:374)
	at org.springframework.security.web.savedrequest.RequestCacheAwareFilter.doFilter(RequestCacheAwareFilter.java:63)
	at org.springframework.security.web.FilterChainProxy$VirtualFilterChain.doFilter(FilterChainProxy.java:374)
	at org.springframework.security.web.authentication.www.BasicAuthenticationFilter.doFilterInternal(BasicAuthenticationFilter.java:181)
	at org.springframework.web.filter.OncePerRequestFilter.doFilter(OncePerRequestFilter.java:116)
	at org.springframework.security.web.FilterChainProxy$VirtualFilterChain.doFilter(FilterChainProxy.java:374)
	at com.example.codedockbackend.security.JwtAuthFilter.doFilterInternal(JwtAuthFilter.java:47)
	at org.springframework.web.filter.OncePerRequestFilter.doFilter(OncePerRequestFilter.java:116)
	at org.springframework.security.web.FilterChainProxy$VirtualFilterChain.doFilter(FilterChainProxy.java:374)
	at org.springframework.security.web.authentication.logout.LogoutFilter.doFilter(LogoutFilter.java:107)
	at org.springframework.security.web.authentication.logout.LogoutFilter.doFilter(LogoutFilter.java:93)
	at org.springframework.security.web.FilterChainProxy$VirtualFilterChain.doFilter(FilterChainProxy.java:374)
	at org.springframework.web.filter.CorsFilter.doFilterInternal(CorsFilter.java:91)
	at org.springframework.web.filter.OncePerRequestFilter.doFilter(OncePerRequestFilter.java:116)
	at org.springframework.security.web.FilterChainProxy$VirtualFilterChain.doFilter(FilterChainProxy.java:374)
	at org.springframework.security.web.header.HeaderWriterFilter.doHeadersAfter(HeaderWriterFilter.java:90)
	at org.springframework.security.web.header.HeaderWriterFilter.doFilterInternal(HeaderWriterFilter.java:75)
	at org.springframework.web.filter.OncePerRequestFilter.doFilter(OncePerRequestFilter.java:116)
	at org.springframework.security.web.FilterChainProxy$VirtualFilterChain.doFilter(FilterChainProxy.java:374)
	at org.springframework.security.web.context.SecurityContextHolderFilter.doFilter(SecurityContextHolderFilter.java:82)
	at org.springframework.security.web.context.SecurityContextHolderFilter.doFilter(SecurityContextHolderFilter.java:69)
	at org.springframework.security.web.FilterChainProxy$VirtualFilterChain.doFilter(FilterChainProxy.java:374)
	at org.springframework.security.web.context.request.async.WebAsyncManagerIntegrationFilter.doFilterInternal(WebAsyncManagerIntegrationFilter.java:62)
	at org.springframework.web.filter.OncePerRequestFilter.doFilter(OncePerRequestFilter.java:116)
	at org.springframework.security.web.FilterChainProxy$VirtualFilterChain.doFilter(FilterChainProxy.java:374)
	at org.springframework.security.web.session.DisableEncodeUrlFilter.doFilterInternal(DisableEncodeUrlFilter.java:42)
	at org.springframework.web.filter.OncePerRequestFilter.doFilter(OncePerRequestFilter.java:116)
	at org.springframework.security.web.FilterChainProxy$VirtualFilterChain.doFilter(FilterChainProxy.java:374)
	at org.springframework.security.web.FilterChainProxy.doFilterInternal(FilterChainProxy.java:233)
	at org.springframework.security.web.FilterChainProxy.doFilter(FilterChainProxy.java:191)
	at org.springframework.web.filter.CompositeFilter$VirtualFilterChain.doFilter(CompositeFilter.java:113)
	at org.springframework.web.servlet.handler.HandlerMappingIntrospector.lambda$createCacheFilter$3(HandlerMappingIntrospector.java:195)
	at org.springframework.web.filter.CompositeFilter$VirtualFilterChain.doFilter(CompositeFilter.java:113)
	at org.springframework.web.filter.CompositeFilter.doFilter(CompositeFilter.java:74)
	at org.springframework.security.config.annotation.web.configuration.WebMvcSecurityConfiguration$CompositeFilterChainProxy.doFilter(WebMvcSecurityConfiguration.java:230)
	at org.springframework.web.filter.DelegatingFilterProxy.invokeDelegate(DelegatingFilterProxy.java:352)
	at org.springframework.web.filter.DelegatingFilterProxy.doFilter(DelegatingFilterProxy.java:268)
	at org.apache.catalina.core.ApplicationFilterChain.internalDoFilter(ApplicationFilterChain.java:164)
	at org.apache.catalina.core.ApplicationFilterChain.doFilter(ApplicationFilterChain.java:140)
	at org.springframework.web.filter.RequestContextFilter.doFilterInternal(RequestContextFilter.java:100)
	at org.springframework.web.filter.OncePerRequestFilter.doFilter(OncePerRequestFilter.java:116)
	at org.apache.catalina.core.ApplicationFilterChain.internalDoFilter(ApplicationFilterChain.java:164)
	at org.apache.catalina.core.ApplicationFilterChain.doFilter(ApplicationFilterChain.java:140)
	at org.springframework.web.filter.FormContentFilter.doFilterInternal(FormContentFilter.java:93)
	at org.springframework.web.filter.OncePerRequestFilter.doFilter(OncePerRequestFilter.java:116)
	at org.apache.catalina.core.ApplicationFilterChain.internalDoFilter(ApplicationFilterChain.java:164)
	at org.apache.catalina.core.ApplicationFilterChain.doFilter(ApplicationFilterChain.java:140)
	at org.springframework.web.filter.CharacterEncodingFilter.doFilterInternal(CharacterEncodingFilter.java:201)
	at org.springframework.web.filter.OncePerRequestFilter.doFilter(OncePerRequestFilter.java:116)
	at org.apache.catalina.core.ApplicationFilterChain.internalDoFilter(ApplicationFilterChain.java:164)
	at org.apache.catalina.core.ApplicationFilterChain.doFilter(ApplicationFilterChain.java:140)
	at org.apache.catalina.core.StandardWrapperValve.invoke(StandardWrapperValve.java:167)
	at org.apache.catalina.core.StandardContextValve.invoke(StandardContextValve.java:90)
	at org.apache.catalina.authenticator.AuthenticatorBase.invoke(AuthenticatorBase.java:483)
	at org.apache.catalina.core.StandardHostValve.invoke(StandardHostValve.java:115)
	at org.apache.catalina.valves.ErrorReportValve.invoke(ErrorReportValve.java:93)
	at org.apache.catalina.core.StandardEngineValve.invoke(StandardEngineValve.java:74)
	at org.apache.catalina.connector.CoyoteAdapter.service(CoyoteAdapter.java:344)
	at org.apache.coyote.http11.Http11Processor.service(Http11Processor.java:384)
	at org.apache.coyote.AbstractProcessorLight.process(AbstractProcessorLight.java:63)
	at org.apache.coyote.AbstractProtocol$ConnectionHandler.process(AbstractProtocol.java:905)
	at org.apache.tomcat.util.net.NioEndpoint$SocketProcessor.doRun(NioEndpoint.java:1741)
	at org.apache.tomcat.util.net.SocketProcessorBase.run(SocketProcessorBase.java:52)
	at org.apache.tomcat.util.threads.ThreadPoolExecutor.runWorker(ThreadPoolExecutor.java:1190)
	at org.apache.tomcat.util.threads.ThreadPoolExecutor$Worker.run(ThreadPoolExecutor.java:659)
	at org.apache.tomcat.util.threads.TaskThread$WrappingRunnable.run(TaskThread.java:63)
	at java.base/java.lang.Thread.run(Thread.java:840)
Caused by: jakarta.mail.AuthenticationFailedException: 535-5.7.8 Username and Password not accepted. For more information, go to
535 5.7.8  https://support.google.com/mail/?p=BadCredentials d9443c01a7336-2b0bc911530sm82479815ad.78 - gsmtp

	at org.eclipse.angus.mail.smtp.SMTPTransport$Authenticator.authenticate(SMTPTransport.java:954)
	at org.eclipse.angus.mail.smtp.SMTPTransport.authenticate(SMTPTransport.java:865)
	at org.eclipse.angus.mail.smtp.SMTPTransport.protocolConnect(SMTPTransport.java:769)
	at jakarta.mail.Service.connect(Service.java:345)
	at org.springframework.mail.javamail.JavaMailSenderImpl.connectTransport(JavaMailSenderImpl.java:480)
	at org.springframework.mail.javamail.JavaMailSenderImpl.doSend(JavaMailSenderImpl.java:399)
	... 117 common frames omitted
2026-03-27 18:58:35.784 [http-nio-8080-exec-1] WARN  o.s.w.s.m.m.a.ExceptionHandlerExceptionResolver 45a79e38-d234-4915-b561-d4fd9c7fe597 - Resolved [org.springframework.mail.MailAuthenticationException: Authentication failed]
2026-03-27 18:58:35.784 [http-nio-8080-exec-1] INFO  c.e.c.l.RequestResponseLoggingFilter 45a79e38-d234-4915-b561-d4fd9c7fe597 - HTTP POST /api/auth/forgot-password | status=500 | duration=3730ms | req={
   "email": "kartiksantwani1996@gmail.com"
} | res={"timestamp":"2026-03-27T13:28:35.718686700Z","status":500,"error":"Internal Server Error","message":"Authentication failed","path":"/api/auth/forgot-password"}
2026-03-27 18:58:50.069 [http-nio-8080-exec-4] ERROR c.e.c.e.GlobalExceptionHandler 63a7a32d-eaa9-49b6-98b2-59fccce680cb - Unhandled exception for POST /api/auth/forgot-password
org.springframework.mail.MailAuthenticationException: Authentication failed
	at org.springframework.mail.javamail.JavaMailSenderImpl.doSend(JavaMailSenderImpl.java:402)
	at org.springframework.mail.javamail.JavaMailSenderImpl.send(JavaMailSenderImpl.java:317)
	at org.springframework.mail.MailSender.send(MailSender.java:42)
	at com.example.codedockbackend.service.EmailService.sendResetEmail(EmailService.java:25)
	at com.example.codedockbackend.service.AuthService.forgotPassword(AuthService.java:57)
	at com.example.codedockbackend.controller.AuthController.forgotPassword(AuthController.java:34)
	at java.base/jdk.internal.reflect.NativeMethodAccessorImpl.invoke0(Native Method)
	at java.base/jdk.internal.reflect.NativeMethodAccessorImpl.invoke(NativeMethodAccessorImpl.java:77)
	at java.base/jdk.internal.reflect.DelegatingMethodAccessorImpl.invoke(DelegatingMethodAccessorImpl.java:43)
	at java.base/java.lang.reflect.Method.invoke(Method.java:569)
	at org.springframework.web.method.support.InvocableHandlerMethod.doInvoke(InvocableHandlerMethod.java:255)
	at org.springframework.web.method.support.InvocableHandlerMethod.invokeForRequest(InvocableHandlerMethod.java:188)
	at org.springframework.web.servlet.mvc.method.annotation.ServletInvocableHandlerMethod.invokeAndHandle(ServletInvocableHandlerMethod.java:118)
	at org.springframework.web.servlet.mvc.method.annotation.RequestMappingHandlerAdapter.invokeHandlerMethod(RequestMappingHandlerAdapter.java:926)
	at org.springframework.web.servlet.mvc.method.annotation.RequestMappingHandlerAdapter.handleInternal(RequestMappingHandlerAdapter.java:831)
	at org.springframework.web.servlet.mvc.method.AbstractHandlerMethodAdapter.handle(AbstractHandlerMethodAdapter.java:87)
	at org.springframework.web.servlet.DispatcherServlet.doDispatch(DispatcherServlet.java:1089)
	at org.springframework.web.servlet.DispatcherServlet.doService(DispatcherServlet.java:979)
	at org.springframework.web.servlet.FrameworkServlet.processRequest(FrameworkServlet.java:1014)
	at org.springframework.web.servlet.FrameworkServlet.doPost(FrameworkServlet.java:914)
	at jakarta.servlet.http.HttpServlet.service(HttpServlet.java:590)
	at org.springframework.web.servlet.FrameworkServlet.service(FrameworkServlet.java:885)
	at jakarta.servlet.http.HttpServlet.service(HttpServlet.java:658)
	at org.apache.catalina.core.ApplicationFilterChain.internalDoFilter(ApplicationFilterChain.java:195)
	at org.apache.catalina.core.ApplicationFilterChain.doFilter(ApplicationFilterChain.java:140)
	at org.apache.tomcat.websocket.server.WsFilter.doFilter(WsFilter.java:51)
	at org.apache.catalina.core.ApplicationFilterChain.internalDoFilter(ApplicationFilterChain.java:164)
	at org.apache.catalina.core.ApplicationFilterChain.doFilter(ApplicationFilterChain.java:140)
	at org.springframework.web.filter.OncePerRequestFilter.doFilter(OncePerRequestFilter.java:110)
	at org.apache.catalina.core.ApplicationFilterChain.internalDoFilter(ApplicationFilterChain.java:164)
	at org.apache.catalina.core.ApplicationFilterChain.doFilter(ApplicationFilterChain.java:140)
	at com.example.codedockbackend.logging.RequestResponseLoggingFilter.doFilter(RequestResponseLoggingFilter.java:34)
	at org.apache.catalina.core.ApplicationFilterChain.internalDoFilter(ApplicationFilterChain.java:164)
	at org.apache.catalina.core.ApplicationFilterChain.doFilter(ApplicationFilterChain.java:140)
	at com.example.codedockbackend.logging.MdcFilter.doFilter(MdcFilter.java:30)
	at org.apache.catalina.core.ApplicationFilterChain.internalDoFilter(ApplicationFilterChain.java:164)
	at org.apache.catalina.core.ApplicationFilterChain.doFilter(ApplicationFilterChain.java:140)
	at org.springframework.web.filter.CompositeFilter$VirtualFilterChain.doFilter(CompositeFilter.java:108)
	at org.springframework.security.web.FilterChainProxy.lambda$doFilterInternal$3(FilterChainProxy.java:231)
	at org.springframework.security.web.FilterChainProxy$VirtualFilterChain.doFilter(FilterChainProxy.java:365)
	at org.springframework.security.web.access.intercept.AuthorizationFilter.doFilter(AuthorizationFilter.java:100)
	at org.springframework.security.web.FilterChainProxy$VirtualFilterChain.doFilter(FilterChainProxy.java:374)
	at org.springframework.security.web.access.ExceptionTranslationFilter.doFilter(ExceptionTranslationFilter.java:126)
	at org.springframework.security.web.access.ExceptionTranslationFilter.doFilter(ExceptionTranslationFilter.java:120)
	at org.springframework.security.web.FilterChainProxy$VirtualFilterChain.doFilter(FilterChainProxy.java:374)
	at org.springframework.security.web.session.SessionManagementFilter.doFilter(SessionManagementFilter.java:131)
	at org.springframework.security.web.session.SessionManagementFilter.doFilter(SessionManagementFilter.java:85)
	at org.springframework.security.web.FilterChainProxy$VirtualFilterChain.doFilter(FilterChainProxy.java:374)
	at org.springframework.security.web.authentication.AnonymousAuthenticationFilter.doFilter(AnonymousAuthenticationFilter.java:100)
	at org.springframework.security.web.FilterChainProxy$VirtualFilterChain.doFilter(FilterChainProxy.java:374)
	at org.springframework.security.web.servletapi.SecurityContextHolderAwareRequestFilter.doFilter(SecurityContextHolderAwareRequestFilter.java:179)
	at org.springframework.security.web.FilterChainProxy$VirtualFilterChain.doFilter(FilterChainProxy.java:374)
	at org.springframework.security.web.savedrequest.RequestCacheAwareFilter.doFilter(RequestCacheAwareFilter.java:63)
	at org.springframework.security.web.FilterChainProxy$VirtualFilterChain.doFilter(FilterChainProxy.java:374)
	at org.springframework.security.web.authentication.www.BasicAuthenticationFilter.doFilterInternal(BasicAuthenticationFilter.java:181)
	at org.springframework.web.filter.OncePerRequestFilter.doFilter(OncePerRequestFilter.java:116)
	at org.springframework.security.web.FilterChainProxy$VirtualFilterChain.doFilter(FilterChainProxy.java:374)
	at com.example.codedockbackend.security.JwtAuthFilter.doFilterInternal(JwtAuthFilter.java:47)
	at org.springframework.web.filter.OncePerRequestFilter.doFilter(OncePerRequestFilter.java:116)
	at org.springframework.security.web.FilterChainProxy$VirtualFilterChain.doFilter(FilterChainProxy.java:374)
	at org.springframework.security.web.authentication.logout.LogoutFilter.doFilter(LogoutFilter.java:107)
	at org.springframework.security.web.authentication.logout.LogoutFilter.doFilter(LogoutFilter.java:93)
	at org.springframework.security.web.FilterChainProxy$VirtualFilterChain.doFilter(FilterChainProxy.java:374)
	at org.springframework.web.filter.CorsFilter.doFilterInternal(CorsFilter.java:91)
	at org.springframework.web.filter.OncePerRequestFilter.doFilter(OncePerRequestFilter.java:116)
	at org.springframework.security.web.FilterChainProxy$VirtualFilterChain.doFilter(FilterChainProxy.java:374)
	at org.springframework.security.web.header.HeaderWriterFilter.doHeadersAfter(HeaderWriterFilter.java:90)
	at org.springframework.security.web.header.HeaderWriterFilter.doFilterInternal(HeaderWriterFilter.java:75)
	at org.springframework.web.filter.OncePerRequestFilter.doFilter(OncePerRequestFilter.java:116)
	at org.springframework.security.web.FilterChainProxy$VirtualFilterChain.doFilter(FilterChainProxy.java:374)
	at org.springframework.security.web.context.SecurityContextHolderFilter.doFilter(SecurityContextHolderFilter.java:82)
	at org.springframework.security.web.context.SecurityContextHolderFilter.doFilter(SecurityContextHolderFilter.java:69)
	at org.springframework.security.web.FilterChainProxy$VirtualFilterChain.doFilter(FilterChainProxy.java:374)
	at org.springframework.security.web.context.request.async.WebAsyncManagerIntegrationFilter.doFilterInternal(WebAsyncManagerIntegrationFilter.java:62)
	at org.springframework.web.filter.OncePerRequestFilter.doFilter(OncePerRequestFilter.java:116)
	at org.springframework.security.web.FilterChainProxy$VirtualFilterChain.doFilter(FilterChainProxy.java:374)
	at org.springframework.security.web.session.DisableEncodeUrlFilter.doFilterInternal(DisableEncodeUrlFilter.java:42)
	at org.springframework.web.filter.OncePerRequestFilter.doFilter(OncePerRequestFilter.java:116)
	at org.springframework.security.web.FilterChainProxy$VirtualFilterChain.doFilter(FilterChainProxy.java:374)
	at org.springframework.security.web.FilterChainProxy.doFilterInternal(FilterChainProxy.java:233)
	at org.springframework.security.web.FilterChainProxy.doFilter(FilterChainProxy.java:191)
	at org.springframework.web.filter.CompositeFilter$VirtualFilterChain.doFilter(CompositeFilter.java:113)
	at org.springframework.web.servlet.handler.HandlerMappingIntrospector.lambda$createCacheFilter$3(HandlerMappingIntrospector.java:195)
	at org.springframework.web.filter.CompositeFilter$VirtualFilterChain.doFilter(CompositeFilter.java:113)
	at org.springframework.web.filter.CompositeFilter.doFilter(CompositeFilter.java:74)
	at org.springframework.security.config.annotation.web.configuration.WebMvcSecurityConfiguration$CompositeFilterChainProxy.doFilter(WebMvcSecurityConfiguration.java:230)
	at org.springframework.web.filter.DelegatingFilterProxy.invokeDelegate(DelegatingFilterProxy.java:352)
	at org.springframework.web.filter.DelegatingFilterProxy.doFilter(DelegatingFilterProxy.java:268)
	at org.apache.catalina.core.ApplicationFilterChain.internalDoFilter(ApplicationFilterChain.java:164)
	at org.apache.catalina.core.ApplicationFilterChain.doFilter(ApplicationFilterChain.java:140)
	at org.springframework.web.filter.RequestContextFilter.doFilterInternal(RequestContextFilter.java:100)
	at org.springframework.web.filter.OncePerRequestFilter.doFilter(OncePerRequestFilter.java:116)
	at org.apache.catalina.core.ApplicationFilterChain.internalDoFilter(ApplicationFilterChain.java:164)
	at org.apache.catalina.core.ApplicationFilterChain.doFilter(ApplicationFilterChain.java:140)
	at org.springframework.web.filter.FormContentFilter.doFilterInternal(FormContentFilter.java:93)
	at org.springframework.web.filter.OncePerRequestFilter.doFilter(OncePerRequestFilter.java:116)
	at org.apache.catalina.core.ApplicationFilterChain.internalDoFilter(ApplicationFilterChain.java:164)
	at org.apache.catalina.core.ApplicationFilterChain.doFilter(ApplicationFilterChain.java:140)
	at org.springframework.web.filter.CharacterEncodingFilter.doFilterInternal(CharacterEncodingFilter.java:201)
	at org.springframework.web.filter.OncePerRequestFilter.doFilter(OncePerRequestFilter.java:116)
	at org.apache.catalina.core.ApplicationFilterChain.internalDoFilter(ApplicationFilterChain.java:164)
	at org.apache.catalina.core.ApplicationFilterChain.doFilter(ApplicationFilterChain.java:140)
	at org.apache.catalina.core.StandardWrapperValve.invoke(StandardWrapperValve.java:167)
	at org.apache.catalina.core.StandardContextValve.invoke(StandardContextValve.java:90)
	at org.apache.catalina.authenticator.AuthenticatorBase.invoke(AuthenticatorBase.java:483)
	at org.apache.catalina.core.StandardHostValve.invoke(StandardHostValve.java:115)
	at org.apache.catalina.valves.ErrorReportValve.invoke(ErrorReportValve.java:93)
	at org.apache.catalina.core.StandardEngineValve.invoke(StandardEngineValve.java:74)
	at org.apache.catalina.connector.CoyoteAdapter.service(CoyoteAdapter.java:344)
	at org.apache.coyote.http11.Http11Processor.service(Http11Processor.java:384)
	at org.apache.coyote.AbstractProcessorLight.process(AbstractProcessorLight.java:63)
	at org.apache.coyote.AbstractProtocol$ConnectionHandler.process(AbstractProtocol.java:905)
	at org.apache.tomcat.util.net.NioEndpoint$SocketProcessor.doRun(NioEndpoint.java:1741)
	at org.apache.tomcat.util.net.SocketProcessorBase.run(SocketProcessorBase.java:52)
	at org.apache.tomcat.util.threads.ThreadPoolExecutor.runWorker(ThreadPoolExecutor.java:1190)
	at org.apache.tomcat.util.threads.ThreadPoolExecutor$Worker.run(ThreadPoolExecutor.java:659)
	at org.apache.tomcat.util.threads.TaskThread$WrappingRunnable.run(TaskThread.java:63)
	at java.base/java.lang.Thread.run(Thread.java:840)
Caused by: jakarta.mail.AuthenticationFailedException: 535-5.7.8 Username and Password not accepted. For more information, go to
535 5.7.8  https://support.google.com/mail/?p=BadCredentials d9443c01a7336-2b0bc79dffdsm80767375ad.24 - gsmtp

	at org.eclipse.angus.mail.smtp.SMTPTransport$Authenticator.authenticate(SMTPTransport.java:954)
	at org.eclipse.angus.mail.smtp.SMTPTransport.authenticate(SMTPTransport.java:865)
	at org.eclipse.angus.mail.smtp.SMTPTransport.protocolConnect(SMTPTransport.java:769)
	at jakarta.mail.Service.connect(Service.java:345)
	at org.springframework.mail.javamail.JavaMailSenderImpl.connectTransport(JavaMailSenderImpl.java:480)
	at org.springframework.mail.javamail.JavaMailSenderImpl.doSend(JavaMailSenderImpl.java:399)
	... 117 common frames omitted
2026-03-27 18:58:50.070 [http-nio-8080-exec-4] WARN  o.s.w.s.m.m.a.ExceptionHandlerExceptionResolver 63a7a32d-eaa9-49b6-98b2-59fccce680cb - Resolved [org.springframework.mail.MailAuthenticationException: Authentication failed]
2026-03-27 18:58:50.070 [http-nio-8080-exec-4] INFO  c.e.c.l.RequestResponseLoggingFilter 63a7a32d-eaa9-49b6-98b2-59fccce680cb - HTTP POST /api/auth/forgot-password | status=500 | duration=2115ms | req={
   "email": "kartiksantwani5@gmail.com"
} | res={"timestamp":"2026-03-27T13:28:50.069913900Z","status":500,"error":"Internal Server Error","message":"Authentication failed","path":"/api/auth/forgot-password"}
2026-03-27 18:59:18.908 [restartedMain] INFO  c.e.c.CodedockBackendApplication  - Starting CodedockBackendApplication using Java 17.0.18 with PID 9348 (C:\Users\karti\OneDrive\Documents\HavinCode\codedock-backend\target\classes started by karti in C:\Users\karti\OneDrive\Documents\HavinCode\codedock-backend)
2026-03-27 18:59:18.908 [restartedMain] DEBUG c.e.c.CodedockBackendApplication  - Running with Spring Boot v3.3.4, Spring v6.1.13
2026-03-27 18:59:18.908 [restartedMain] INFO  c.e.c.CodedockBackendApplication  - No active profile set, falling back to 1 default profile: "default"
2026-03-27 18:59:19.814 [restartedMain] DEBUG c.e.c.security.JwtAuthFilter  - Filter 'jwtAuthFilter' configured for use
2026-03-27 18:59:19.876 [restartedMain] INFO  o.h.jpa.internal.util.LogHelper  - HHH000204: Processing PersistenceUnitInfo [name: default]
2026-03-27 18:59:19.892 [restartedMain] INFO  o.h.c.i.RegionFactoryInitiator  - HHH000026: Second-level cache disabled
2026-03-27 18:59:20.128 [restartedMain] INFO  o.h.e.t.j.p.i.JtaPlatformInitiator  - HHH000489: No JTA platform available (set 'hibernate.transaction.jta.platform' to enable JTA platform integration)
2026-03-27 18:59:20.655 [restartedMain] INFO  c.e.c.CodedockBackendApplication  - Started CodedockBackendApplication in 1.826 seconds (process running for 59.599)
2026-03-27 18:59:22.871 [restartedMain] INFO  c.e.c.CodedockBackendApplication  - Starting CodedockBackendApplication using Java 17.0.18 with PID 9348 (C:\Users\karti\OneDrive\Documents\HavinCode\codedock-backend\target\classes started by karti in C:\Users\karti\OneDrive\Documents\HavinCode\codedock-backend)
2026-03-27 18:59:22.871 [restartedMain] DEBUG c.e.c.CodedockBackendApplication  - Running with Spring Boot v3.3.4, Spring v6.1.13
2026-03-27 18:59:22.871 [restartedMain] INFO  c.e.c.CodedockBackendApplication  - No active profile set, falling back to 1 default profile: "default"
2026-03-27 18:59:23.624 [restartedMain] DEBUG c.e.c.security.JwtAuthFilter  - Filter 'jwtAuthFilter' configured for use
2026-03-27 18:59:23.684 [restartedMain] INFO  o.h.jpa.internal.util.LogHelper  - HHH000204: Processing PersistenceUnitInfo [name: default]
2026-03-27 18:59:23.684 [restartedMain] INFO  o.h.c.i.RegionFactoryInitiator  - HHH000026: Second-level cache disabled
2026-03-27 18:59:23.900 [restartedMain] INFO  o.h.e.t.j.p.i.JtaPlatformInitiator  - HHH000489: No JTA platform available (set 'hibernate.transaction.jta.platform' to enable JTA platform integration)
2026-03-27 18:59:24.401 [restartedMain] INFO  c.e.c.CodedockBackendApplication  - Started CodedockBackendApplication in 1.594 seconds (process running for 63.339)
2026-03-27 19:09:34.295 [background-preinit] INFO  o.h.validator.internal.util.Version  - HV000001: Hibernate Validator 8.0.1.Final
2026-03-27 19:09:34.325 [restartedMain] INFO  c.e.c.CodedockBackendApplication  - Starting CodedockBackendApplication using Java 17.0.18 with PID 36280 (C:\Users\karti\OneDrive\Documents\HavinCode\codedock-backend\target\classes started by karti in C:\Users\karti\OneDrive\Documents\HavinCode\codedock-backend)
2026-03-27 19:09:34.326 [restartedMain] DEBUG c.e.c.CodedockBackendApplication  - Running with Spring Boot v3.3.4, Spring v6.1.13
2026-03-27 19:09:34.327 [restartedMain] INFO  c.e.c.CodedockBackendApplication  - No active profile set, falling back to 1 default profile: "default"
2026-03-27 19:09:35.392 [restartedMain] DEBUG c.e.c.security.JwtAuthFilter  - Filter 'jwtAuthFilter' configured for use
2026-03-27 19:09:35.462 [restartedMain] INFO  o.h.jpa.internal.util.LogHelper  - HHH000204: Processing PersistenceUnitInfo [name: default]
2026-03-27 19:09:35.496 [restartedMain] INFO  org.hibernate.Version  - HHH000412: Hibernate ORM core version 6.5.3.Final
2026-03-27 19:09:35.526 [restartedMain] INFO  o.h.c.i.RegionFactoryInitiator  - HHH000026: Second-level cache disabled
2026-03-27 19:09:36.513 [restartedMain] INFO  o.h.e.t.j.p.i.JtaPlatformInitiator  - HHH000489: No JTA platform available (set 'hibernate.transaction.jta.platform' to enable JTA platform integration)
2026-03-27 19:09:37.167 [restartedMain] INFO  c.e.c.CodedockBackendApplication  - Started CodedockBackendApplication in 3.248 seconds (process running for 3.753)
2026-03-27 19:09:48.619 [http-nio-8080-exec-1] INFO  c.e.c.l.RequestResponseLoggingFilter d2ac43c2-ed11-42b8-aae1-5945f2339c07 - HTTP POST /api/auth/forgot-password | status=200 | duration=5201ms | req={
   "email": "kartiksantwani5@gmail.com"
} | res={"message":"Reset link sent if email exists"}
2026-03-27 19:17:47.481 [http-nio-8080-exec-6] INFO  c.e.c.l.RequestResponseLoggingFilter 242578be-9faa-47d1-9226-eaaccbd28558 - HTTP POST /api/auth/reset-password | status=200 | duration=192ms | req={
  "token": "c9c2e9fa-6cdd-47c1-a061-c407c5581930",
  "newPassword": "NewPassword123"
} | res={"message":"Password updated successfully"}
2026-03-27 19:18:27.838 [http-nio-8080-exec-3] INFO  c.e.c.l.RequestResponseLoggingFilter 49cd6626-f1d7-489b-9ef2-7eea84ce6971 - HTTP POST /api/auth/login | status=200 | duration=217ms | req={
     "email": "kartiksantwani5@gmail.com",
  "password": "NewPassword123"
} | res={"token":"eyJhbGciOiJIUzI1NiJ9.eyJzdWIiOiJrYXJ0aWtzYW50d2FuaTVAZ21haWwuY29tIiwiaWF0IjoxNzc0NjE5MzA3LCJleHAiOjE3NzQ3MDU3MDd9.v2kVM7mlGcrOAPcpwhuVx5KJvz20vte44a0gA3YmVeA"}
2026-03-27 20:18:50.245 [HikariPool-1 housekeeper] WARN  com.zaxxer.hikari.pool.HikariPool  - HikariPool-1 - Thread starvation or clock leap detected (housekeeper delta=28m13s624ms597µs).
2026-03-27 20:34:09.153 [restartedMain] INFO  c.e.c.CodedockBackendApplication  - Starting CodedockBackendApplication using Java 17.0.18 with PID 36280 (C:\Users\karti\OneDrive\Documents\HavinCode\codedock-backend\target\classes started by karti in C:\Users\karti\OneDrive\Documents\HavinCode\codedock-backend)
2026-03-27 20:34:09.153 [restartedMain] DEBUG c.e.c.CodedockBackendApplication  - Running with Spring Boot v3.3.4, Spring v6.1.13
2026-03-27 20:34:09.153 [restartedMain] INFO  c.e.c.CodedockBackendApplication  - No active profile set, falling back to 1 default profile: "default"
2026-03-27 20:34:10.264 [restartedMain] DEBUG c.e.c.security.JwtAuthFilter  - Filter 'jwtAuthFilter' configured for use
2026-03-27 20:34:10.392 [restartedMain] INFO  o.h.jpa.internal.util.LogHelper  - HHH000204: Processing PersistenceUnitInfo [name: default]
2026-03-27 20:34:10.408 [restartedMain] INFO  o.h.c.i.RegionFactoryInitiator  - HHH000026: Second-level cache disabled
2026-03-27 20:34:10.759 [restartedMain] INFO  o.h.e.t.j.p.i.JtaPlatformInitiator  - HHH000489: No JTA platform available (set 'hibernate.transaction.jta.platform' to enable JTA platform integration)
2026-03-27 20:34:10.838 [restartedMain] WARN  o.s.b.w.s.c.AnnotationConfigServletWebServerApplicationContext  - Exception encountered during context initialization - cancelling refresh attempt: org.springframework.beans.factory.BeanCreationException: Error creating bean with name 'authController': Lookup method resolution failed
2026-03-27 20:34:10.966 [restartedMain] ERROR o.s.boot.SpringApplication  - Application run failed
org.springframework.beans.factory.BeanCreationException: Error creating bean with name 'authController': Lookup method resolution failed
	at org.springframework.beans.factory.annotation.AutowiredAnnotationBeanPostProcessor.checkLookupMethods(AutowiredAnnotationBeanPostProcessor.java:498)
	at org.springframework.beans.factory.annotation.AutowiredAnnotationBeanPostProcessor.determineCandidateConstructors(AutowiredAnnotationBeanPostProcessor.java:368)
	at org.springframework.beans.factory.support.AbstractAutowireCapableBeanFactory.determineConstructorsFromBeanPostProcessors(AbstractAutowireCapableBeanFactory.java:1314)
	at org.springframework.beans.factory.support.AbstractAutowireCapableBeanFactory.createBeanInstance(AbstractAutowireCapableBeanFactory.java:1209)
	at org.springframework.beans.factory.support.AbstractAutowireCapableBeanFactory.doCreateBean(AbstractAutowireCapableBeanFactory.java:562)
	at org.springframework.beans.factory.support.AbstractAutowireCapableBeanFactory.createBean(AbstractAutowireCapableBeanFactory.java:522)
	at org.springframework.beans.factory.support.AbstractBeanFactory.lambda$doGetBean$0(AbstractBeanFactory.java:337)
	at org.springframework.beans.factory.support.DefaultSingletonBeanRegistry.getSingleton(DefaultSingletonBeanRegistry.java:234)
	at org.springframework.beans.factory.support.AbstractBeanFactory.doGetBean(AbstractBeanFactory.java:335)
	at org.springframework.beans.factory.support.AbstractBeanFactory.getBean(AbstractBeanFactory.java:200)
	at org.springframework.beans.factory.support.DefaultListableBeanFactory.preInstantiateSingletons(DefaultListableBeanFactory.java:975)
	at org.springframework.context.support.AbstractApplicationContext.finishBeanFactoryInitialization(AbstractApplicationContext.java:971)
	at org.springframework.context.support.AbstractApplicationContext.refresh(AbstractApplicationContext.java:625)
	at org.springframework.boot.web.servlet.context.ServletWebServerApplicationContext.refresh(ServletWebServerApplicationContext.java:146)
	at org.springframework.boot.SpringApplication.refresh(SpringApplication.java:754)
	at org.springframework.boot.SpringApplication.refreshContext(SpringApplication.java:456)
	at org.springframework.boot.SpringApplication.run(SpringApplication.java:335)
	at org.springframework.boot.SpringApplication.run(SpringApplication.java:1363)
	at org.springframework.boot.SpringApplication.run(SpringApplication.java:1352)
	at com.example.codedockbackend.CodedockBackendApplication.main(CodedockBackendApplication.java:21)
	at java.base/jdk.internal.reflect.NativeMethodAccessorImpl.invoke0(Native Method)
	at java.base/jdk.internal.reflect.NativeMethodAccessorImpl.invoke(NativeMethodAccessorImpl.java:77)
	at java.base/jdk.internal.reflect.DelegatingMethodAccessorImpl.invoke(DelegatingMethodAccessorImpl.java:43)
	at java.base/java.lang.reflect.Method.invoke(Method.java:569)
	at org.springframework.boot.devtools.restart.RestartLauncher.run(RestartLauncher.java:50)
Caused by: java.lang.IllegalStateException: Failed to introspect Class [com.example.codedockbackend.controller.AuthController] from ClassLoader [org.springframework.boot.devtools.restart.classloader.RestartClassLoader@f2e6330]
	at org.springframework.util.ReflectionUtils.getDeclaredMethods(ReflectionUtils.java:483)
	at org.springframework.util.ReflectionUtils.doWithLocalMethods(ReflectionUtils.java:320)
	at org.springframework.beans.factory.annotation.AutowiredAnnotationBeanPostProcessor.checkLookupMethods(AutowiredAnnotationBeanPostProcessor.java:476)
	... 24 common frames omitted
Caused by: java.lang.NoClassDefFoundError: ForgotPasswordRequest
	at java.base/java.lang.Class.getDeclaredMethods0(Native Method)
	at java.base/java.lang.Class.privateGetDeclaredMethods(Class.java:3404)
	at java.base/java.lang.Class.getDeclaredMethods(Class.java:2506)
	at org.springframework.util.ReflectionUtils.getDeclaredMethods(ReflectionUtils.java:465)
	... 26 common frames omitted
Caused by: java.lang.ClassNotFoundException: ForgotPasswordRequest
	at java.base/jdk.internal.loader.BuiltinClassLoader.loadClass(BuiltinClassLoader.java:641)
	at java.base/jdk.internal.loader.ClassLoaders$AppClassLoader.loadClass(ClassLoaders.java:188)
	at java.base/java.lang.ClassLoader.loadClass(ClassLoader.java:525)
	at java.base/java.lang.Class.forName0(Native Method)
	at java.base/java.lang.Class.forName(Class.java:469)
	at org.springframework.boot.devtools.restart.classloader.RestartClassLoader.loadClass(RestartClassLoader.java:121)
	at java.base/java.lang.ClassLoader.loadClass(ClassLoader.java:525)
	... 30 common frames omitted
2026-03-27 20:34:12.530 [restartedMain] INFO  c.e.c.CodedockBackendApplication  - Starting CodedockBackendApplication using Java 17.0.18 with PID 36280 (C:\Users\karti\OneDrive\Documents\HavinCode\codedock-backend\target\classes started by karti in C:\Users\karti\OneDrive\Documents\HavinCode\codedock-backend)
2026-03-27 20:34:12.530 [restartedMain] DEBUG c.e.c.CodedockBackendApplication  - Running with Spring Boot v3.3.4, Spring v6.1.13
2026-03-27 20:34:12.530 [restartedMain] INFO  c.e.c.CodedockBackendApplication  - No active profile set, falling back to 1 default profile: "default"
2026-03-27 20:34:13.264 [restartedMain] DEBUG c.e.c.security.JwtAuthFilter  - Filter 'jwtAuthFilter' configured for use
2026-03-27 20:34:13.313 [restartedMain] INFO  o.h.jpa.internal.util.LogHelper  - HHH000204: Processing PersistenceUnitInfo [name: default]
2026-03-27 20:34:13.327 [restartedMain] INFO  o.h.c.i.RegionFactoryInitiator  - HHH000026: Second-level cache disabled
2026-03-27 20:34:13.518 [restartedMain] INFO  o.h.e.t.j.p.i.JtaPlatformInitiator  - HHH000489: No JTA platform available (set 'hibernate.transaction.jta.platform' to enable JTA platform integration)
2026-03-27 20:34:13.566 [restartedMain] WARN  o.s.b.w.s.c.AnnotationConfigServletWebServerApplicationContext  - Exception encountered during context initialization - cancelling refresh attempt: org.springframework.beans.factory.BeanCreationException: Error creating bean with name 'authController': Lookup method resolution failed
2026-03-27 20:34:13.614 [restartedMain] ERROR o.s.boot.SpringApplication  - Application run failed
org.springframework.beans.factory.BeanCreationException: Error creating bean with name 'authController': Lookup method resolution failed
	at org.springframework.beans.factory.annotation.AutowiredAnnotationBeanPostProcessor.checkLookupMethods(AutowiredAnnotationBeanPostProcessor.java:498)
	at org.springframework.beans.factory.annotation.AutowiredAnnotationBeanPostProcessor.determineCandidateConstructors(AutowiredAnnotationBeanPostProcessor.java:368)
	at org.springframework.beans.factory.support.AbstractAutowireCapableBeanFactory.determineConstructorsFromBeanPostProcessors(AbstractAutowireCapableBeanFactory.java:1314)
	at org.springframework.beans.factory.support.AbstractAutowireCapableBeanFactory.createBeanInstance(AbstractAutowireCapableBeanFactory.java:1209)
	at org.springframework.beans.factory.support.AbstractAutowireCapableBeanFactory.doCreateBean(AbstractAutowireCapableBeanFactory.java:562)
	at org.springframework.beans.factory.support.AbstractAutowireCapableBeanFactory.createBean(AbstractAutowireCapableBeanFactory.java:522)
	at org.springframework.beans.factory.support.AbstractBeanFactory.lambda$doGetBean$0(AbstractBeanFactory.java:337)
	at org.springframework.beans.factory.support.DefaultSingletonBeanRegistry.getSingleton(DefaultSingletonBeanRegistry.java:234)
	at org.springframework.beans.factory.support.AbstractBeanFactory.doGetBean(AbstractBeanFactory.java:335)
	at org.springframework.beans.factory.support.AbstractBeanFactory.getBean(AbstractBeanFactory.java:200)
	at org.springframework.beans.factory.support.DefaultListableBeanFactory.preInstantiateSingletons(DefaultListableBeanFactory.java:975)
	at org.springframework.context.support.AbstractApplicationContext.finishBeanFactoryInitialization(AbstractApplicationContext.java:971)
	at org.springframework.context.support.AbstractApplicationContext.refresh(AbstractApplicationContext.java:625)
	at org.springframework.boot.web.servlet.context.ServletWebServerApplicationContext.refresh(ServletWebServerApplicationContext.java:146)
	at org.springframework.boot.SpringApplication.refresh(SpringApplication.java:754)
	at org.springframework.boot.SpringApplication.refreshContext(SpringApplication.java:456)
	at org.springframework.boot.SpringApplication.run(SpringApplication.java:335)
	at org.springframework.boot.SpringApplication.run(SpringApplication.java:1363)
	at org.springframework.boot.SpringApplication.run(SpringApplication.java:1352)
	at com.example.codedockbackend.CodedockBackendApplication.main(CodedockBackendApplication.java:21)
	at java.base/jdk.internal.reflect.NativeMethodAccessorImpl.invoke0(Native Method)
	at java.base/jdk.internal.reflect.NativeMethodAccessorImpl.invoke(NativeMethodAccessorImpl.java:77)
	at java.base/jdk.internal.reflect.DelegatingMethodAccessorImpl.invoke(DelegatingMethodAccessorImpl.java:43)
	at java.base/java.lang.reflect.Method.invoke(Method.java:569)
	at org.springframework.boot.devtools.restart.RestartLauncher.run(RestartLauncher.java:50)
Caused by: java.lang.IllegalStateException: Failed to introspect Class [com.example.codedockbackend.controller.AuthController] from ClassLoader [org.springframework.boot.devtools.restart.classloader.RestartClassLoader@1d146587]
	at org.springframework.util.ReflectionUtils.getDeclaredMethods(ReflectionUtils.java:483)
	at org.springframework.util.ReflectionUtils.doWithLocalMethods(ReflectionUtils.java:320)
	at org.springframework.beans.factory.annotation.AutowiredAnnotationBeanPostProcessor.checkLookupMethods(AutowiredAnnotationBeanPostProcessor.java:476)
	... 24 common frames omitted
Caused by: java.lang.NoClassDefFoundError: ForgotPasswordRequest
	at java.base/java.lang.Class.getDeclaredMethods0(Native Method)
	at java.base/java.lang.Class.privateGetDeclaredMethods(Class.java:3404)
	at java.base/java.lang.Class.getDeclaredMethods(Class.java:2506)
	at org.springframework.util.ReflectionUtils.getDeclaredMethods(ReflectionUtils.java:465)
	... 26 common frames omitted
Caused by: java.lang.ClassNotFoundException: ForgotPasswordRequest
	at java.base/jdk.internal.loader.BuiltinClassLoader.loadClass(BuiltinClassLoader.java:641)
	at java.base/jdk.internal.loader.ClassLoaders$AppClassLoader.loadClass(ClassLoaders.java:188)
	at java.base/java.lang.ClassLoader.loadClass(ClassLoader.java:525)
	at java.base/java.lang.Class.forName0(Native Method)
	at java.base/java.lang.Class.forName(Class.java:469)
	at org.springframework.boot.devtools.restart.classloader.RestartClassLoader.loadClass(RestartClassLoader.java:121)
	at java.base/java.lang.ClassLoader.loadClass(ClassLoader.java:525)
	... 30 common frames omitted
2026-03-27 20:34:33.324 [restartedMain] INFO  c.e.c.CodedockBackendApplication  - Starting CodedockBackendApplication using Java 17.0.18 with PID 36280 (C:\Users\karti\OneDrive\Documents\HavinCode\codedock-backend\target\classes started by karti in C:\Users\karti\OneDrive\Documents\HavinCode\codedock-backend)
2026-03-27 20:34:33.324 [restartedMain] DEBUG c.e.c.CodedockBackendApplication  - Running with Spring Boot v3.3.4, Spring v6.1.13
2026-03-27 20:34:33.324 [restartedMain] INFO  c.e.c.CodedockBackendApplication  - No active profile set, falling back to 1 default profile: "default"
2026-03-27 20:34:35.124 [restartedMain] DEBUG c.e.c.security.JwtAuthFilter  - Filter 'jwtAuthFilter' configured for use
2026-03-27 20:34:35.345 [restartedMain] INFO  o.h.jpa.internal.util.LogHelper  - HHH000204: Processing PersistenceUnitInfo [name: default]
2026-03-27 20:34:35.357 [restartedMain] INFO  o.h.c.i.RegionFactoryInitiator  - HHH000026: Second-level cache disabled
2026-03-27 20:34:36.074 [restartedMain] INFO  o.h.e.t.j.p.i.JtaPlatformInitiator  - HHH000489: No JTA platform available (set 'hibernate.transaction.jta.platform' to enable JTA platform integration)
2026-03-27 20:34:37.465 [restartedMain] INFO  c.e.c.CodedockBackendApplication  - Started CodedockBackendApplication in 4.292 seconds (process running for 5104.054)
2026-03-27 20:34:39.724 [restartedMain] INFO  c.e.c.CodedockBackendApplication  - Starting CodedockBackendApplication using Java 17.0.18 with PID 36280 (C:\Users\karti\OneDrive\Documents\HavinCode\codedock-backend\target\classes started by karti in C:\Users\karti\OneDrive\Documents\HavinCode\codedock-backend)
2026-03-27 20:34:39.724 [restartedMain] DEBUG c.e.c.CodedockBackendApplication  - Running with Spring Boot v3.3.4, Spring v6.1.13
2026-03-27 20:34:39.724 [restartedMain] INFO  c.e.c.CodedockBackendApplication  - No active profile set, falling back to 1 default profile: "default"
2026-03-27 20:34:40.668 [restartedMain] DEBUG c.e.c.security.JwtAuthFilter  - Filter 'jwtAuthFilter' configured for use
2026-03-27 20:34:40.771 [restartedMain] INFO  o.h.jpa.internal.util.LogHelper  - HHH000204: Processing PersistenceUnitInfo [name: default]
2026-03-27 20:34:40.782 [restartedMain] INFO  o.h.c.i.RegionFactoryInitiator  - HHH000026: Second-level cache disabled
2026-03-27 20:34:41.885 [restartedMain] WARN  o.h.e.jdbc.spi.SqlExceptionHelper  - SQL Error: 0, SQLState: 08004
2026-03-27 20:34:41.886 [restartedMain] ERROR o.h.e.jdbc.spi.SqlExceptionHelper  - The server requested SCRAM-based authentication, but no password was provided.
2026-03-27 20:34:41.890 [restartedMain] WARN  o.h.e.j.e.i.JdbcEnvironmentInitiator  - HHH000342: Could not obtain connection to query metadata
org.hibernate.exception.JDBCConnectionException: unable to obtain isolated JDBC connection [The server requested SCRAM-based authentication, but no password was provided.] [n/a]
	at org.hibernate.exception.internal.SQLStateConversionDelegate.convert(SQLStateConversionDelegate.java:100)
	at org.hibernate.exception.internal.StandardSQLExceptionConverter.convert(StandardSQLExceptionConverter.java:58)
	at org.hibernate.engine.jdbc.spi.SqlExceptionHelper.convert(SqlExceptionHelper.java:108)
	at org.hibernate.engine.jdbc.spi.SqlExceptionHelper.convert(SqlExceptionHelper.java:94)
	at org.hibernate.resource.transaction.backend.jdbc.internal.JdbcIsolationDelegate.delegateWork(JdbcIsolationDelegate.java:116)
	at org.hibernate.engine.jdbc.env.internal.JdbcEnvironmentInitiator.getJdbcEnvironmentUsingJdbcMetadata(JdbcEnvironmentInitiator.java:292)
	at org.hibernate.engine.jdbc.env.internal.JdbcEnvironmentInitiator.initiateService(JdbcEnvironmentInitiator.java:124)
	at org.hibernate.engine.jdbc.env.internal.JdbcEnvironmentInitiator.initiateService(JdbcEnvironmentInitiator.java:78)
	at org.hibernate.boot.registry.internal.StandardServiceRegistryImpl.initiateService(StandardServiceRegistryImpl.java:130)
	at org.hibernate.service.internal.AbstractServiceRegistryImpl.createService(AbstractServiceRegistryImpl.java:263)
	at org.hibernate.service.internal.AbstractServiceRegistryImpl.initializeService(AbstractServiceRegistryImpl.java:238)
	at org.hibernate.service.internal.AbstractServiceRegistryImpl.getService(AbstractServiceRegistryImpl.java:215)
	at org.hibernate.boot.model.relational.Database.<init>(Database.java:45)
	at org.hibernate.boot.internal.InFlightMetadataCollectorImpl.getDatabase(InFlightMetadataCollectorImpl.java:221)
	at org.hibernate.boot.internal.InFlightMetadataCollectorImpl.<init>(InFlightMetadataCollectorImpl.java:189)
	at org.hibernate.boot.model.process.spi.MetadataBuildingProcess.complete(MetadataBuildingProcess.java:171)
	at org.hibernate.jpa.boot.internal.EntityManagerFactoryBuilderImpl.metadata(EntityManagerFactoryBuilderImpl.java:1431)
	at org.hibernate.jpa.boot.internal.EntityManagerFactoryBuilderImpl.build(EntityManagerFactoryBuilderImpl.java:1502)
	at org.springframework.orm.jpa.vendor.SpringHibernateJpaPersistenceProvider.createContainerEntityManagerFactory(SpringHibernateJpaPersistenceProvider.java:75)
	at org.springframework.orm.jpa.LocalContainerEntityManagerFactoryBean.createNativeEntityManagerFactory(LocalContainerEntityManagerFactoryBean.java:390)
	at org.springframework.orm.jpa.AbstractEntityManagerFactoryBean.buildNativeEntityManagerFactory(AbstractEntityManagerFactoryBean.java:409)
	at org.springframework.orm.jpa.AbstractEntityManagerFactoryBean.afterPropertiesSet(AbstractEntityManagerFactoryBean.java:396)
	at org.springframework.orm.jpa.LocalContainerEntityManagerFactoryBean.afterPropertiesSet(LocalContainerEntityManagerFactoryBean.java:366)
	at org.springframework.beans.factory.support.AbstractAutowireCapableBeanFactory.invokeInitMethods(AbstractAutowireCapableBeanFactory.java:1853)
	at org.springframework.beans.factory.support.AbstractAutowireCapableBeanFactory.initializeBean(AbstractAutowireCapableBeanFactory.java:1802)
	at org.springframework.beans.factory.support.AbstractAutowireCapableBeanFactory.doCreateBean(AbstractAutowireCapableBeanFactory.java:600)
	at org.springframework.beans.factory.support.AbstractAutowireCapableBeanFactory.createBean(AbstractAutowireCapableBeanFactory.java:522)
	at org.springframework.beans.factory.support.AbstractBeanFactory.lambda$doGetBean$0(AbstractBeanFactory.java:337)
	at org.springframework.beans.factory.support.DefaultSingletonBeanRegistry.getSingleton(DefaultSingletonBeanRegistry.java:234)
	at org.springframework.beans.factory.support.AbstractBeanFactory.doGetBean(AbstractBeanFactory.java:335)
	at org.springframework.beans.factory.support.AbstractBeanFactory.getBean(AbstractBeanFactory.java:205)
	at org.springframework.context.support.AbstractApplicationContext.finishBeanFactoryInitialization(AbstractApplicationContext.java:954)
	at org.springframework.context.support.AbstractApplicationContext.refresh(AbstractApplicationContext.java:625)
	at org.springframework.boot.web.servlet.context.ServletWebServerApplicationContext.refresh(ServletWebServerApplicationContext.java:146)
	at org.springframework.boot.SpringApplication.refresh(SpringApplication.java:754)
	at org.springframework.boot.SpringApplication.refreshContext(SpringApplication.java:456)
	at org.springframework.boot.SpringApplication.run(SpringApplication.java:335)
	at org.springframework.boot.SpringApplication.run(SpringApplication.java:1363)
	at org.springframework.boot.SpringApplication.run(SpringApplication.java:1352)
	at com.example.codedockbackend.CodedockBackendApplication.main(CodedockBackendApplication.java:21)
	at java.base/jdk.internal.reflect.NativeMethodAccessorImpl.invoke0(Native Method)
	at java.base/jdk.internal.reflect.NativeMethodAccessorImpl.invoke(NativeMethodAccessorImpl.java:77)
	at java.base/jdk.internal.reflect.DelegatingMethodAccessorImpl.invoke(DelegatingMethodAccessorImpl.java:43)
	at java.base/java.lang.reflect.Method.invoke(Method.java:569)
	at org.springframework.boot.devtools.restart.RestartLauncher.run(RestartLauncher.java:50)
Caused by: org.postgresql.util.PSQLException: The server requested SCRAM-based authentication, but no password was provided.
	at org.postgresql.core.v3.ConnectionFactoryImpl.lambda$doAuthentication$5(ConnectionFactoryImpl.java:854)
	at org.postgresql.core.v3.AuthenticationPluginManager.withPassword(AuthenticationPluginManager.java:82)
	at org.postgresql.core.v3.ConnectionFactoryImpl.doAuthentication(ConnectionFactoryImpl.java:851)
	at org.postgresql.core.v3.ConnectionFactoryImpl.tryConnect(ConnectionFactoryImpl.java:213)
	at org.postgresql.core.v3.ConnectionFactoryImpl.openConnectionImpl(ConnectionFactoryImpl.java:268)
	at org.postgresql.core.ConnectionFactory.openConnection(ConnectionFactory.java:54)
	at org.postgresql.jdbc.PgConnection.<init>(PgConnection.java:273)
	at org.postgresql.Driver.makeConnection(Driver.java:446)
	at org.postgresql.Driver.connect(Driver.java:298)
	at com.zaxxer.hikari.util.DriverDataSource.getConnection(DriverDataSource.java:137)
	at com.zaxxer.hikari.pool.PoolBase.newConnection(PoolBase.java:360)
	at com.zaxxer.hikari.pool.PoolBase.newPoolEntry(PoolBase.java:202)
	at com.zaxxer.hikari.pool.HikariPool.createPoolEntry(HikariPool.java:461)
	at com.zaxxer.hikari.pool.HikariPool.checkFailFast(HikariPool.java:550)
	at com.zaxxer.hikari.pool.HikariPool.<init>(HikariPool.java:98)
	at com.zaxxer.hikari.HikariDataSource.getConnection(HikariDataSource.java:111)
	at org.hibernate.engine.jdbc.connections.internal.DatasourceConnectionProviderImpl.getConnection(DatasourceConnectionProviderImpl.java:122)
	at org.hibernate.engine.jdbc.env.internal.JdbcEnvironmentInitiator$ConnectionProviderJdbcConnectionAccess.obtainConnection(JdbcEnvironmentInitiator.java:439)
	at org.hibernate.resource.transaction.backend.jdbc.internal.JdbcIsolationDelegate.delegateWork(JdbcIsolationDelegate.java:61)
	... 40 common frames omitted
2026-03-27 20:34:41.892 [restartedMain] ERROR o.s.o.j.LocalContainerEntityManagerFactoryBean  - Failed to initialize JPA EntityManagerFactory: Unable to create requested service [org.hibernate.engine.jdbc.env.spi.JdbcEnvironment] due to: Unable to determine Dialect without JDBC metadata (please set 'jakarta.persistence.jdbc.url' for common cases or 'hibernate.dialect' when a custom Dialect implementation must be provided)
2026-03-27 20:34:41.893 [restartedMain] WARN  o.s.b.w.s.c.AnnotationConfigServletWebServerApplicationContext  - Exception encountered during context initialization - cancelling refresh attempt: org.springframework.beans.factory.BeanCreationException: Error creating bean with name 'entityManagerFactory' defined in class path resource [org/springframework/boot/autoconfigure/orm/jpa/HibernateJpaConfiguration.class]: Unable to create requested service [org.hibernate.engine.jdbc.env.spi.JdbcEnvironment] due to: Unable to determine Dialect without JDBC metadata (please set 'jakarta.persistence.jdbc.url' for common cases or 'hibernate.dialect' when a custom Dialect implementation must be provided)
2026-03-27 20:34:41.906 [restartedMain] ERROR o.s.boot.SpringApplication  - Application run failed
org.springframework.beans.factory.BeanCreationException: Error creating bean with name 'entityManagerFactory' defined in class path resource [org/springframework/boot/autoconfigure/orm/jpa/HibernateJpaConfiguration.class]: Unable to create requested service [org.hibernate.engine.jdbc.env.spi.JdbcEnvironment] due to: Unable to determine Dialect without JDBC metadata (please set 'jakarta.persistence.jdbc.url' for common cases or 'hibernate.dialect' when a custom Dialect implementation must be provided)
	at org.springframework.beans.factory.support.AbstractAutowireCapableBeanFactory.initializeBean(AbstractAutowireCapableBeanFactory.java:1806)
	at org.springframework.beans.factory.support.AbstractAutowireCapableBeanFactory.doCreateBean(AbstractAutowireCapableBeanFactory.java:600)
	at org.springframework.beans.factory.support.AbstractAutowireCapableBeanFactory.createBean(AbstractAutowireCapableBeanFactory.java:522)
	at org.springframework.beans.factory.support.AbstractBeanFactory.lambda$doGetBean$0(AbstractBeanFactory.java:337)
	at org.springframework.beans.factory.support.DefaultSingletonBeanRegistry.getSingleton(DefaultSingletonBeanRegistry.java:234)
	at org.springframework.beans.factory.support.AbstractBeanFactory.doGetBean(AbstractBeanFactory.java:335)
	at org.springframework.beans.factory.support.AbstractBeanFactory.getBean(AbstractBeanFactory.java:205)
	at org.springframework.context.support.AbstractApplicationContext.finishBeanFactoryInitialization(AbstractApplicationContext.java:954)
	at org.springframework.context.support.AbstractApplicationContext.refresh(AbstractApplicationContext.java:625)
	at org.springframework.boot.web.servlet.context.ServletWebServerApplicationContext.refresh(ServletWebServerApplicationContext.java:146)
	at org.springframework.boot.SpringApplication.refresh(SpringApplication.java:754)
	at org.springframework.boot.SpringApplication.refreshContext(SpringApplication.java:456)
	at org.springframework.boot.SpringApplication.run(SpringApplication.java:335)
	at org.springframework.boot.SpringApplication.run(SpringApplication.java:1363)
	at org.springframework.boot.SpringApplication.run(SpringApplication.java:1352)
	at com.example.codedockbackend.CodedockBackendApplication.main(CodedockBackendApplication.java:21)
	at java.base/jdk.internal.reflect.NativeMethodAccessorImpl.invoke0(Native Method)
	at java.base/jdk.internal.reflect.NativeMethodAccessorImpl.invoke(NativeMethodAccessorImpl.java:77)
	at java.base/jdk.internal.reflect.DelegatingMethodAccessorImpl.invoke(DelegatingMethodAccessorImpl.java:43)
	at java.base/java.lang.reflect.Method.invoke(Method.java:569)
	at org.springframework.boot.devtools.restart.RestartLauncher.run(RestartLauncher.java:50)
Caused by: org.hibernate.service.spi.ServiceException: Unable to create requested service [org.hibernate.engine.jdbc.env.spi.JdbcEnvironment] due to: Unable to determine Dialect without JDBC metadata (please set 'jakarta.persistence.jdbc.url' for common cases or 'hibernate.dialect' when a custom Dialect implementation must be provided)
	at org.hibernate.service.internal.AbstractServiceRegistryImpl.createService(AbstractServiceRegistryImpl.java:276)
	at org.hibernate.service.internal.AbstractServiceRegistryImpl.initializeService(AbstractServiceRegistryImpl.java:238)
	at org.hibernate.service.internal.AbstractServiceRegistryImpl.getService(AbstractServiceRegistryImpl.java:215)
	at org.hibernate.boot.model.relational.Database.<init>(Database.java:45)
	at org.hibernate.boot.internal.InFlightMetadataCollectorImpl.getDatabase(InFlightMetadataCollectorImpl.java:221)
	at org.hibernate.boot.internal.InFlightMetadataCollectorImpl.<init>(InFlightMetadataCollectorImpl.java:189)
	at org.hibernate.boot.model.process.spi.MetadataBuildingProcess.complete(MetadataBuildingProcess.java:171)
	at org.hibernate.jpa.boot.internal.EntityManagerFactoryBuilderImpl.metadata(EntityManagerFactoryBuilderImpl.java:1431)
	at org.hibernate.jpa.boot.internal.EntityManagerFactoryBuilderImpl.build(EntityManagerFactoryBuilderImpl.java:1502)
	at org.springframework.orm.jpa.vendor.SpringHibernateJpaPersistenceProvider.createContainerEntityManagerFactory(SpringHibernateJpaPersistenceProvider.java:75)
	at org.springframework.orm.jpa.LocalContainerEntityManagerFactoryBean.createNativeEntityManagerFactory(LocalContainerEntityManagerFactoryBean.java:390)
	at org.springframework.orm.jpa.AbstractEntityManagerFactoryBean.buildNativeEntityManagerFactory(AbstractEntityManagerFactoryBean.java:409)
	at org.springframework.orm.jpa.AbstractEntityManagerFactoryBean.afterPropertiesSet(AbstractEntityManagerFactoryBean.java:396)
	at org.springframework.orm.jpa.LocalContainerEntityManagerFactoryBean.afterPropertiesSet(LocalContainerEntityManagerFactoryBean.java:366)
	at org.springframework.beans.factory.support.AbstractAutowireCapableBeanFactory.invokeInitMethods(AbstractAutowireCapableBeanFactory.java:1853)
	at org.springframework.beans.factory.support.AbstractAutowireCapableBeanFactory.initializeBean(AbstractAutowireCapableBeanFactory.java:1802)
	... 20 common frames omitted
Caused by: org.hibernate.HibernateException: Unable to determine Dialect without JDBC metadata (please set 'jakarta.persistence.jdbc.url' for common cases or 'hibernate.dialect' when a custom Dialect implementation must be provided)
	at org.hibernate.engine.jdbc.dialect.internal.DialectFactoryImpl.determineDialect(DialectFactoryImpl.java:191)
	at org.hibernate.engine.jdbc.dialect.internal.DialectFactoryImpl.buildDialect(DialectFactoryImpl.java:87)
	at org.hibernate.engine.jdbc.env.internal.JdbcEnvironmentInitiator.getJdbcEnvironmentWithDefaults(JdbcEnvironmentInitiator.java:153)
	at org.hibernate.engine.jdbc.env.internal.JdbcEnvironmentInitiator.getJdbcEnvironmentUsingJdbcMetadata(JdbcEnvironmentInitiator.java:364)
	at org.hibernate.engine.jdbc.env.internal.JdbcEnvironmentInitiator.initiateService(JdbcEnvironmentInitiator.java:124)
	at org.hibernate.engine.jdbc.env.internal.JdbcEnvironmentInitiator.initiateService(JdbcEnvironmentInitiator.java:78)
	at org.hibernate.boot.registry.internal.StandardServiceRegistryImpl.initiateService(StandardServiceRegistryImpl.java:130)
	at org.hibernate.service.internal.AbstractServiceRegistryImpl.createService(AbstractServiceRegistryImpl.java:263)
	... 35 common frames omitted
2026-03-27 20:38:11.806 [restartedMain] INFO  c.e.c.CodedockBackendApplication  - Starting CodedockBackendApplication using Java 17.0.18 with PID 36280 (C:\Users\karti\OneDrive\Documents\HavinCode\codedock-backend\target\classes started by karti in C:\Users\karti\OneDrive\Documents\HavinCode\codedock-backend)
2026-03-27 20:38:11.806 [restartedMain] DEBUG c.e.c.CodedockBackendApplication  - Running with Spring Boot v3.3.4, Spring v6.1.13
2026-03-27 20:38:11.806 [restartedMain] INFO  c.e.c.CodedockBackendApplication  - No active profile set, falling back to 1 default profile: "default"
2026-03-27 20:38:12.379 [restartedMain] INFO  o.h.jpa.internal.util.LogHelper  - HHH000204: Processing PersistenceUnitInfo [name: default]
2026-03-27 20:38:12.393 [restartedMain] INFO  o.h.c.i.RegionFactoryInitiator  - HHH000026: Second-level cache disabled
2026-03-27 20:38:13.491 [restartedMain] WARN  o.h.e.jdbc.spi.SqlExceptionHelper  - SQL Error: 0, SQLState: 08004
2026-03-27 20:38:13.491 [restartedMain] ERROR o.h.e.jdbc.spi.SqlExceptionHelper  - The server requested SCRAM-based authentication, but no password was provided.
2026-03-27 20:38:13.491 [restartedMain] WARN  o.h.e.j.e.i.JdbcEnvironmentInitiator  - HHH000342: Could not obtain connection to query metadata
org.hibernate.exception.JDBCConnectionException: unable to obtain isolated JDBC connection [The server requested SCRAM-based authentication, but no password was provided.] [n/a]
	at org.hibernate.exception.internal.SQLStateConversionDelegate.convert(SQLStateConversionDelegate.java:100)
	at org.hibernate.exception.internal.StandardSQLExceptionConverter.convert(StandardSQLExceptionConverter.java:58)
	at org.hibernate.engine.jdbc.spi.SqlExceptionHelper.convert(SqlExceptionHelper.java:108)
	at org.hibernate.engine.jdbc.spi.SqlExceptionHelper.convert(SqlExceptionHelper.java:94)
	at org.hibernate.resource.transaction.backend.jdbc.internal.JdbcIsolationDelegate.delegateWork(JdbcIsolationDelegate.java:116)
	at org.hibernate.engine.jdbc.env.internal.JdbcEnvironmentInitiator.getJdbcEnvironmentUsingJdbcMetadata(JdbcEnvironmentInitiator.java:292)
	at org.hibernate.engine.jdbc.env.internal.JdbcEnvironmentInitiator.initiateService(JdbcEnvironmentInitiator.java:124)
	at org.hibernate.engine.jdbc.env.internal.JdbcEnvironmentInitiator.initiateService(JdbcEnvironmentInitiator.java:78)
	at org.hibernate.boot.registry.internal.StandardServiceRegistryImpl.initiateService(StandardServiceRegistryImpl.java:130)
	at org.hibernate.service.internal.AbstractServiceRegistryImpl.createService(AbstractServiceRegistryImpl.java:263)
	at org.hibernate.service.internal.AbstractServiceRegistryImpl.initializeService(AbstractServiceRegistryImpl.java:238)
	at org.hibernate.service.internal.AbstractServiceRegistryImpl.getService(AbstractServiceRegistryImpl.java:215)
	at org.hibernate.boot.model.relational.Database.<init>(Database.java:45)
	at org.hibernate.boot.internal.InFlightMetadataCollectorImpl.getDatabase(InFlightMetadataCollectorImpl.java:221)
	at org.hibernate.boot.internal.InFlightMetadataCollectorImpl.<init>(InFlightMetadataCollectorImpl.java:189)
	at org.hibernate.boot.model.process.spi.MetadataBuildingProcess.complete(MetadataBuildingProcess.java:171)
	at org.hibernate.jpa.boot.internal.EntityManagerFactoryBuilderImpl.metadata(EntityManagerFactoryBuilderImpl.java:1431)
	at org.hibernate.jpa.boot.internal.EntityManagerFactoryBuilderImpl.build(EntityManagerFactoryBuilderImpl.java:1502)
	at org.springframework.orm.jpa.vendor.SpringHibernateJpaPersistenceProvider.createContainerEntityManagerFactory(SpringHibernateJpaPersistenceProvider.java:75)
	at org.springframework.orm.jpa.LocalContainerEntityManagerFactoryBean.createNativeEntityManagerFactory(LocalContainerEntityManagerFactoryBean.java:390)
	at org.springframework.orm.jpa.AbstractEntityManagerFactoryBean.buildNativeEntityManagerFactory(AbstractEntityManagerFactoryBean.java:409)
	at org.springframework.orm.jpa.AbstractEntityManagerFactoryBean.afterPropertiesSet(AbstractEntityManagerFactoryBean.java:396)
	at org.springframework.orm.jpa.LocalContainerEntityManagerFactoryBean.afterPropertiesSet(LocalContainerEntityManagerFactoryBean.java:366)
	at org.springframework.beans.factory.support.AbstractAutowireCapableBeanFactory.invokeInitMethods(AbstractAutowireCapableBeanFactory.java:1853)
	at org.springframework.beans.factory.support.AbstractAutowireCapableBeanFactory.initializeBean(AbstractAutowireCapableBeanFactory.java:1802)
	at org.springframework.beans.factory.support.AbstractAutowireCapableBeanFactory.doCreateBean(AbstractAutowireCapableBeanFactory.java:600)
	at org.springframework.beans.factory.support.AbstractAutowireCapableBeanFactory.createBean(AbstractAutowireCapableBeanFactory.java:522)
	at org.springframework.beans.factory.support.AbstractBeanFactory.lambda$doGetBean$0(AbstractBeanFactory.java:337)
	at org.springframework.beans.factory.support.DefaultSingletonBeanRegistry.getSingleton(DefaultSingletonBeanRegistry.java:234)
	at org.springframework.beans.factory.support.AbstractBeanFactory.doGetBean(AbstractBeanFactory.java:335)
	at org.springframework.beans.factory.support.AbstractBeanFactory.getBean(AbstractBeanFactory.java:205)
	at org.springframework.context.support.AbstractApplicationContext.finishBeanFactoryInitialization(AbstractApplicationContext.java:954)
	at org.springframework.context.support.AbstractApplicationContext.refresh(AbstractApplicationContext.java:625)
	at org.springframework.boot.web.servlet.context.ServletWebServerApplicationContext.refresh(ServletWebServerApplicationContext.java:146)
	at org.springframework.boot.SpringApplication.refresh(SpringApplication.java:754)
	at org.springframework.boot.SpringApplication.refreshContext(SpringApplication.java:456)
	at org.springframework.boot.SpringApplication.run(SpringApplication.java:335)
	at org.springframework.boot.SpringApplication.run(SpringApplication.java:1363)
	at org.springframework.boot.SpringApplication.run(SpringApplication.java:1352)
	at com.example.codedockbackend.CodedockBackendApplication.main(CodedockBackendApplication.java:21)
	at java.base/jdk.internal.reflect.NativeMethodAccessorImpl.invoke0(Native Method)
	at java.base/jdk.internal.reflect.NativeMethodAccessorImpl.invoke(NativeMethodAccessorImpl.java:77)
	at java.base/jdk.internal.reflect.DelegatingMethodAccessorImpl.invoke(DelegatingMethodAccessorImpl.java:43)
	at java.base/java.lang.reflect.Method.invoke(Method.java:569)
	at org.springframework.boot.devtools.restart.RestartLauncher.run(RestartLauncher.java:50)
Caused by: org.postgresql.util.PSQLException: The server requested SCRAM-based authentication, but no password was provided.
	at org.postgresql.core.v3.ConnectionFactoryImpl.lambda$doAuthentication$5(ConnectionFactoryImpl.java:854)
	at org.postgresql.core.v3.AuthenticationPluginManager.withPassword(AuthenticationPluginManager.java:82)
	at org.postgresql.core.v3.ConnectionFactoryImpl.doAuthentication(ConnectionFactoryImpl.java:851)
	at org.postgresql.core.v3.ConnectionFactoryImpl.tryConnect(ConnectionFactoryImpl.java:213)
	at org.postgresql.core.v3.ConnectionFactoryImpl.openConnectionImpl(ConnectionFactoryImpl.java:268)
	at org.postgresql.core.ConnectionFactory.openConnection(ConnectionFactory.java:54)
	at org.postgresql.jdbc.PgConnection.<init>(PgConnection.java:273)
	at org.postgresql.Driver.makeConnection(Driver.java:446)
	at org.postgresql.Driver.connect(Driver.java:298)
	at com.zaxxer.hikari.util.DriverDataSource.getConnection(DriverDataSource.java:137)
	at com.zaxxer.hikari.pool.PoolBase.newConnection(PoolBase.java:360)
	at com.zaxxer.hikari.pool.PoolBase.newPoolEntry(PoolBase.java:202)
	at com.zaxxer.hikari.pool.HikariPool.createPoolEntry(HikariPool.java:461)
	at com.zaxxer.hikari.pool.HikariPool.checkFailFast(HikariPool.java:550)
	at com.zaxxer.hikari.pool.HikariPool.<init>(HikariPool.java:98)
	at com.zaxxer.hikari.HikariDataSource.getConnection(HikariDataSource.java:111)
	at org.hibernate.engine.jdbc.connections.internal.DatasourceConnectionProviderImpl.getConnection(DatasourceConnectionProviderImpl.java:122)
	at org.hibernate.engine.jdbc.env.internal.JdbcEnvironmentInitiator$ConnectionProviderJdbcConnectionAccess.obtainConnection(JdbcEnvironmentInitiator.java:439)
	at org.hibernate.resource.transaction.backend.jdbc.internal.JdbcIsolationDelegate.delegateWork(JdbcIsolationDelegate.java:61)
	... 40 common frames omitted
2026-03-27 20:38:13.491 [restartedMain] ERROR o.s.o.j.LocalContainerEntityManagerFactoryBean  - Failed to initialize JPA EntityManagerFactory: Unable to create requested service [org.hibernate.engine.jdbc.env.spi.JdbcEnvironment] due to: Unable to determine Dialect without JDBC metadata (please set 'jakarta.persistence.jdbc.url' for common cases or 'hibernate.dialect' when a custom Dialect implementation must be provided)
2026-03-27 20:38:13.491 [restartedMain] WARN  o.s.b.w.s.c.AnnotationConfigServletWebServerApplicationContext  - Exception encountered during context initialization - cancelling refresh attempt: org.springframework.beans.factory.BeanCreationException: Error creating bean with name 'entityManagerFactory' defined in class path resource [org/springframework/boot/autoconfigure/orm/jpa/HibernateJpaConfiguration.class]: Unable to create requested service [org.hibernate.engine.jdbc.env.spi.JdbcEnvironment] due to: Unable to determine Dialect without JDBC metadata (please set 'jakarta.persistence.jdbc.url' for common cases or 'hibernate.dialect' when a custom Dialect implementation must be provided)
2026-03-27 20:38:13.506 [restartedMain] ERROR o.s.boot.SpringApplication  - Application run failed
org.springframework.beans.factory.BeanCreationException: Error creating bean with name 'entityManagerFactory' defined in class path resource [org/springframework/boot/autoconfigure/orm/jpa/HibernateJpaConfiguration.class]: Unable to create requested service [org.hibernate.engine.jdbc.env.spi.JdbcEnvironment] due to: Unable to determine Dialect without JDBC metadata (please set 'jakarta.persistence.jdbc.url' for common cases or 'hibernate.dialect' when a custom Dialect implementation must be provided)
	at org.springframework.beans.factory.support.AbstractAutowireCapableBeanFactory.initializeBean(AbstractAutowireCapableBeanFactory.java:1806)
	at org.springframework.beans.factory.support.AbstractAutowireCapableBeanFactory.doCreateBean(AbstractAutowireCapableBeanFactory.java:600)
	at org.springframework.beans.factory.support.AbstractAutowireCapableBeanFactory.createBean(AbstractAutowireCapableBeanFactory.java:522)
	at org.springframework.beans.factory.support.AbstractBeanFactory.lambda$doGetBean$0(AbstractBeanFactory.java:337)
	at org.springframework.beans.factory.support.DefaultSingletonBeanRegistry.getSingleton(DefaultSingletonBeanRegistry.java:234)
	at org.springframework.beans.factory.support.AbstractBeanFactory.doGetBean(AbstractBeanFactory.java:335)
	at org.springframework.beans.factory.support.AbstractBeanFactory.getBean(AbstractBeanFactory.java:205)
	at org.springframework.context.support.AbstractApplicationContext.finishBeanFactoryInitialization(AbstractApplicationContext.java:954)
	at org.springframework.context.support.AbstractApplicationContext.refresh(AbstractApplicationContext.java:625)
	at org.springframework.boot.web.servlet.context.ServletWebServerApplicationContext.refresh(ServletWebServerApplicationContext.java:146)
	at org.springframework.boot.SpringApplication.refresh(SpringApplication.java:754)
	at org.springframework.boot.SpringApplication.refreshContext(SpringApplication.java:456)
	at org.springframework.boot.SpringApplication.run(SpringApplication.java:335)
	at org.springframework.boot.SpringApplication.run(SpringApplication.java:1363)
	at org.springframework.boot.SpringApplication.run(SpringApplication.java:1352)
	at com.example.codedockbackend.CodedockBackendApplication.main(CodedockBackendApplication.java:21)
	at java.base/jdk.internal.reflect.NativeMethodAccessorImpl.invoke0(Native Method)
	at java.base/jdk.internal.reflect.NativeMethodAccessorImpl.invoke(NativeMethodAccessorImpl.java:77)
	at java.base/jdk.internal.reflect.DelegatingMethodAccessorImpl.invoke(DelegatingMethodAccessorImpl.java:43)
	at java.base/java.lang.reflect.Method.invoke(Method.java:569)
	at org.springframework.boot.devtools.restart.RestartLauncher.run(RestartLauncher.java:50)
Caused by: org.hibernate.service.spi.ServiceException: Unable to create requested service [org.hibernate.engine.jdbc.env.spi.JdbcEnvironment] due to: Unable to determine Dialect without JDBC metadata (please set 'jakarta.persistence.jdbc.url' for common cases or 'hibernate.dialect' when a custom Dialect implementation must be provided)
	at org.hibernate.service.internal.AbstractServiceRegistryImpl.createService(AbstractServiceRegistryImpl.java:276)
	at org.hibernate.service.internal.AbstractServiceRegistryImpl.initializeService(AbstractServiceRegistryImpl.java:238)
	at org.hibernate.service.internal.AbstractServiceRegistryImpl.getService(AbstractServiceRegistryImpl.java:215)
	at org.hibernate.boot.model.relational.Database.<init>(Database.java:45)
	at org.hibernate.boot.internal.InFlightMetadataCollectorImpl.getDatabase(InFlightMetadataCollectorImpl.java:221)
	at org.hibernate.boot.internal.InFlightMetadataCollectorImpl.<init>(InFlightMetadataCollectorImpl.java:189)
	at org.hibernate.boot.model.process.spi.MetadataBuildingProcess.complete(MetadataBuildingProcess.java:171)
	at org.hibernate.jpa.boot.internal.EntityManagerFactoryBuilderImpl.metadata(EntityManagerFactoryBuilderImpl.java:1431)
	at org.hibernate.jpa.boot.internal.EntityManagerFactoryBuilderImpl.build(EntityManagerFactoryBuilderImpl.java:1502)
	at org.springframework.orm.jpa.vendor.SpringHibernateJpaPersistenceProvider.createContainerEntityManagerFactory(SpringHibernateJpaPersistenceProvider.java:75)
	at org.springframework.orm.jpa.LocalContainerEntityManagerFactoryBean.createNativeEntityManagerFactory(LocalContainerEntityManagerFactoryBean.java:390)
	at org.springframework.orm.jpa.AbstractEntityManagerFactoryBean.buildNativeEntityManagerFactory(AbstractEntityManagerFactoryBean.java:409)
	at org.springframework.orm.jpa.AbstractEntityManagerFactoryBean.afterPropertiesSet(AbstractEntityManagerFactoryBean.java:396)
	at org.springframework.orm.jpa.LocalContainerEntityManagerFactoryBean.afterPropertiesSet(LocalContainerEntityManagerFactoryBean.java:366)
	at org.springframework.beans.factory.support.AbstractAutowireCapableBeanFactory.invokeInitMethods(AbstractAutowireCapableBeanFactory.java:1853)
	at org.springframework.beans.factory.support.AbstractAutowireCapableBeanFactory.initializeBean(AbstractAutowireCapableBeanFactory.java:1802)
	... 20 common frames omitted
Caused by: org.hibernate.HibernateException: Unable to determine Dialect without JDBC metadata (please set 'jakarta.persistence.jdbc.url' for common cases or 'hibernate.dialect' when a custom Dialect implementation must be provided)
	at org.hibernate.engine.jdbc.dialect.internal.DialectFactoryImpl.determineDialect(DialectFactoryImpl.java:191)
	at org.hibernate.engine.jdbc.dialect.internal.DialectFactoryImpl.buildDialect(DialectFactoryImpl.java:87)
	at org.hibernate.engine.jdbc.env.internal.JdbcEnvironmentInitiator.getJdbcEnvironmentWithDefaults(JdbcEnvironmentInitiator.java:153)
	at org.hibernate.engine.jdbc.env.internal.JdbcEnvironmentInitiator.getJdbcEnvironmentUsingJdbcMetadata(JdbcEnvironmentInitiator.java:364)
	at org.hibernate.engine.jdbc.env.internal.JdbcEnvironmentInitiator.initiateService(JdbcEnvironmentInitiator.java:124)
	at org.hibernate.engine.jdbc.env.internal.JdbcEnvironmentInitiator.initiateService(JdbcEnvironmentInitiator.java:78)
	at org.hibernate.boot.registry.internal.StandardServiceRegistryImpl.initiateService(StandardServiceRegistryImpl.java:130)
	at org.hibernate.service.internal.AbstractServiceRegistryImpl.createService(AbstractServiceRegistryImpl.java:263)
	... 35 common frames omitted
2026-03-27 20:38:20.186 [restartedMain] INFO  c.e.c.CodedockBackendApplication  - Starting CodedockBackendApplication using Java 17.0.18 with PID 36280 (C:\Users\karti\OneDrive\Documents\HavinCode\codedock-backend\target\classes started by karti in C:\Users\karti\OneDrive\Documents\HavinCode\codedock-backend)
2026-03-27 20:38:20.186 [restartedMain] DEBUG c.e.c.CodedockBackendApplication  - Running with Spring Boot v3.3.4, Spring v6.1.13
2026-03-27 20:38:20.191 [restartedMain] INFO  c.e.c.CodedockBackendApplication  - No active profile set, falling back to 1 default profile: "default"
2026-03-27 20:38:20.992 [restartedMain] DEBUG c.e.c.security.JwtAuthFilter  - Filter 'jwtAuthFilter' configured for use
2026-03-27 20:38:21.040 [restartedMain] INFO  o.h.jpa.internal.util.LogHelper  - HHH000204: Processing PersistenceUnitInfo [name: default]
2026-03-27 20:38:21.056 [restartedMain] INFO  o.h.c.i.RegionFactoryInitiator  - HHH000026: Second-level cache disabled
2026-03-27 20:38:22.124 [restartedMain] WARN  o.h.e.jdbc.spi.SqlExceptionHelper  - SQL Error: 0, SQLState: 08004
2026-03-27 20:38:22.124 [restartedMain] ERROR o.h.e.jdbc.spi.SqlExceptionHelper  - The server requested SCRAM-based authentication, but no password was provided.
2026-03-27 20:38:22.124 [restartedMain] WARN  o.h.e.j.e.i.JdbcEnvironmentInitiator  - HHH000342: Could not obtain connection to query metadata
org.hibernate.exception.JDBCConnectionException: unable to obtain isolated JDBC connection [The server requested SCRAM-based authentication, but no password was provided.] [n/a]
	at org.hibernate.exception.internal.SQLStateConversionDelegate.convert(SQLStateConversionDelegate.java:100)
	at org.hibernate.exception.internal.StandardSQLExceptionConverter.convert(StandardSQLExceptionConverter.java:58)
	at org.hibernate.engine.jdbc.spi.SqlExceptionHelper.convert(SqlExceptionHelper.java:108)
	at org.hibernate.engine.jdbc.spi.SqlExceptionHelper.convert(SqlExceptionHelper.java:94)
	at org.hibernate.resource.transaction.backend.jdbc.internal.JdbcIsolationDelegate.delegateWork(JdbcIsolationDelegate.java:116)
	at org.hibernate.engine.jdbc.env.internal.JdbcEnvironmentInitiator.getJdbcEnvironmentUsingJdbcMetadata(JdbcEnvironmentInitiator.java:292)
	at org.hibernate.engine.jdbc.env.internal.JdbcEnvironmentInitiator.initiateService(JdbcEnvironmentInitiator.java:124)
	at org.hibernate.engine.jdbc.env.internal.JdbcEnvironmentInitiator.initiateService(JdbcEnvironmentInitiator.java:78)
	at org.hibernate.boot.registry.internal.StandardServiceRegistryImpl.initiateService(StandardServiceRegistryImpl.java:130)
	at org.hibernate.service.internal.AbstractServiceRegistryImpl.createService(AbstractServiceRegistryImpl.java:263)
	at org.hibernate.service.internal.AbstractServiceRegistryImpl.initializeService(AbstractServiceRegistryImpl.java:238)
	at org.hibernate.service.internal.AbstractServiceRegistryImpl.getService(AbstractServiceRegistryImpl.java:215)
	at org.hibernate.boot.model.relational.Database.<init>(Database.java:45)
	at org.hibernate.boot.internal.InFlightMetadataCollectorImpl.getDatabase(InFlightMetadataCollectorImpl.java:221)
	at org.hibernate.boot.internal.InFlightMetadataCollectorImpl.<init>(InFlightMetadataCollectorImpl.java:189)
	at org.hibernate.boot.model.process.spi.MetadataBuildingProcess.complete(MetadataBuildingProcess.java:171)
	at org.hibernate.jpa.boot.internal.EntityManagerFactoryBuilderImpl.metadata(EntityManagerFactoryBuilderImpl.java:1431)
	at org.hibernate.jpa.boot.internal.EntityManagerFactoryBuilderImpl.build(EntityManagerFactoryBuilderImpl.java:1502)
	at org.springframework.orm.jpa.vendor.SpringHibernateJpaPersistenceProvider.createContainerEntityManagerFactory(SpringHibernateJpaPersistenceProvider.java:75)
	at org.springframework.orm.jpa.LocalContainerEntityManagerFactoryBean.createNativeEntityManagerFactory(LocalContainerEntityManagerFactoryBean.java:390)
	at org.springframework.orm.jpa.AbstractEntityManagerFactoryBean.buildNativeEntityManagerFactory(AbstractEntityManagerFactoryBean.java:409)
	at org.springframework.orm.jpa.AbstractEntityManagerFactoryBean.afterPropertiesSet(AbstractEntityManagerFactoryBean.java:396)
	at org.springframework.orm.jpa.LocalContainerEntityManagerFactoryBean.afterPropertiesSet(LocalContainerEntityManagerFactoryBean.java:366)
	at org.springframework.beans.factory.support.AbstractAutowireCapableBeanFactory.invokeInitMethods(AbstractAutowireCapableBeanFactory.java:1853)
	at org.springframework.beans.factory.support.AbstractAutowireCapableBeanFactory.initializeBean(AbstractAutowireCapableBeanFactory.java:1802)
	at org.springframework.beans.factory.support.AbstractAutowireCapableBeanFactory.doCreateBean(AbstractAutowireCapableBeanFactory.java:600)
	at org.springframework.beans.factory.support.AbstractAutowireCapableBeanFactory.createBean(AbstractAutowireCapableBeanFactory.java:522)
	at org.springframework.beans.factory.support.AbstractBeanFactory.lambda$doGetBean$0(AbstractBeanFactory.java:337)
	at org.springframework.beans.factory.support.DefaultSingletonBeanRegistry.getSingleton(DefaultSingletonBeanRegistry.java:234)
	at org.springframework.beans.factory.support.AbstractBeanFactory.doGetBean(AbstractBeanFactory.java:335)
	at org.springframework.beans.factory.support.AbstractBeanFactory.getBean(AbstractBeanFactory.java:205)
	at org.springframework.context.support.AbstractApplicationContext.finishBeanFactoryInitialization(AbstractApplicationContext.java:954)
	at org.springframework.context.support.AbstractApplicationContext.refresh(AbstractApplicationContext.java:625)
	at org.springframework.boot.web.servlet.context.ServletWebServerApplicationContext.refresh(ServletWebServerApplicationContext.java:146)
	at org.springframework.boot.SpringApplication.refresh(SpringApplication.java:754)
	at org.springframework.boot.SpringApplication.refreshContext(SpringApplication.java:456)
	at org.springframework.boot.SpringApplication.run(SpringApplication.java:335)
	at org.springframework.boot.SpringApplication.run(SpringApplication.java:1363)
	at org.springframework.boot.SpringApplication.run(SpringApplication.java:1352)
	at com.example.codedockbackend.CodedockBackendApplication.main(CodedockBackendApplication.java:21)
	at java.base/jdk.internal.reflect.NativeMethodAccessorImpl.invoke0(Native Method)
	at java.base/jdk.internal.reflect.NativeMethodAccessorImpl.invoke(NativeMethodAccessorImpl.java:77)
	at java.base/jdk.internal.reflect.DelegatingMethodAccessorImpl.invoke(DelegatingMethodAccessorImpl.java:43)
	at java.base/java.lang.reflect.Method.invoke(Method.java:569)
	at org.springframework.boot.devtools.restart.RestartLauncher.run(RestartLauncher.java:50)
Caused by: org.postgresql.util.PSQLException: The server requested SCRAM-based authentication, but no password was provided.
	at org.postgresql.core.v3.ConnectionFactoryImpl.lambda$doAuthentication$5(ConnectionFactoryImpl.java:854)
	at org.postgresql.core.v3.AuthenticationPluginManager.withPassword(AuthenticationPluginManager.java:82)
	at org.postgresql.core.v3.ConnectionFactoryImpl.doAuthentication(ConnectionFactoryImpl.java:851)
	at org.postgresql.core.v3.ConnectionFactoryImpl.tryConnect(ConnectionFactoryImpl.java:213)
	at org.postgresql.core.v3.ConnectionFactoryImpl.openConnectionImpl(ConnectionFactoryImpl.java:268)
	at org.postgresql.core.ConnectionFactory.openConnection(ConnectionFactory.java:54)
	at org.postgresql.jdbc.PgConnection.<init>(PgConnection.java:273)
	at org.postgresql.Driver.makeConnection(Driver.java:446)
	at org.postgresql.Driver.connect(Driver.java:298)
	at com.zaxxer.hikari.util.DriverDataSource.getConnection(DriverDataSource.java:137)
	at com.zaxxer.hikari.pool.PoolBase.newConnection(PoolBase.java:360)
	at com.zaxxer.hikari.pool.PoolBase.newPoolEntry(PoolBase.java:202)
	at com.zaxxer.hikari.pool.HikariPool.createPoolEntry(HikariPool.java:461)
	at com.zaxxer.hikari.pool.HikariPool.checkFailFast(HikariPool.java:550)
	at com.zaxxer.hikari.pool.HikariPool.<init>(HikariPool.java:98)
	at com.zaxxer.hikari.HikariDataSource.getConnection(HikariDataSource.java:111)
	at org.hibernate.engine.jdbc.connections.internal.DatasourceConnectionProviderImpl.getConnection(DatasourceConnectionProviderImpl.java:122)
	at org.hibernate.engine.jdbc.env.internal.JdbcEnvironmentInitiator$ConnectionProviderJdbcConnectionAccess.obtainConnection(JdbcEnvironmentInitiator.java:439)
	at org.hibernate.resource.transaction.backend.jdbc.internal.JdbcIsolationDelegate.delegateWork(JdbcIsolationDelegate.java:61)
	... 40 common frames omitted
2026-03-27 20:38:22.124 [restartedMain] ERROR o.s.o.j.LocalContainerEntityManagerFactoryBean  - Failed to initialize JPA EntityManagerFactory: Unable to create requested service [org.hibernate.engine.jdbc.env.spi.JdbcEnvironment] due to: Unable to determine Dialect without JDBC metadata (please set 'jakarta.persistence.jdbc.url' for common cases or 'hibernate.dialect' when a custom Dialect implementation must be provided)
2026-03-27 20:38:22.124 [restartedMain] WARN  o.s.b.w.s.c.AnnotationConfigServletWebServerApplicationContext  - Exception encountered during context initialization - cancelling refresh attempt: org.springframework.beans.factory.BeanCreationException: Error creating bean with name 'entityManagerFactory' defined in class path resource [org/springframework/boot/autoconfigure/orm/jpa/HibernateJpaConfiguration.class]: Unable to create requested service [org.hibernate.engine.jdbc.env.spi.JdbcEnvironment] due to: Unable to determine Dialect without JDBC metadata (please set 'jakarta.persistence.jdbc.url' for common cases or 'hibernate.dialect' when a custom Dialect implementation must be provided)
2026-03-27 20:38:22.156 [restartedMain] ERROR o.s.boot.SpringApplication  - Application run failed
org.springframework.beans.factory.BeanCreationException: Error creating bean with name 'entityManagerFactory' defined in class path resource [org/springframework/boot/autoconfigure/orm/jpa/HibernateJpaConfiguration.class]: Unable to create requested service [org.hibernate.engine.jdbc.env.spi.JdbcEnvironment] due to: Unable to determine Dialect without JDBC metadata (please set 'jakarta.persistence.jdbc.url' for common cases or 'hibernate.dialect' when a custom Dialect implementation must be provided)
	at org.springframework.beans.factory.support.AbstractAutowireCapableBeanFactory.initializeBean(AbstractAutowireCapableBeanFactory.java:1806)
	at org.springframework.beans.factory.support.AbstractAutowireCapableBeanFactory.doCreateBean(AbstractAutowireCapableBeanFactory.java:600)
	at org.springframework.beans.factory.support.AbstractAutowireCapableBeanFactory.createBean(AbstractAutowireCapableBeanFactory.java:522)
	at org.springframework.beans.factory.support.AbstractBeanFactory.lambda$doGetBean$0(AbstractBeanFactory.java:337)
	at org.springframework.beans.factory.support.DefaultSingletonBeanRegistry.getSingleton(DefaultSingletonBeanRegistry.java:234)
	at org.springframework.beans.factory.support.AbstractBeanFactory.doGetBean(AbstractBeanFactory.java:335)
	at org.springframework.beans.factory.support.AbstractBeanFactory.getBean(AbstractBeanFactory.java:205)
	at org.springframework.context.support.AbstractApplicationContext.finishBeanFactoryInitialization(AbstractApplicationContext.java:954)
	at org.springframework.context.support.AbstractApplicationContext.refresh(AbstractApplicationContext.java:625)
	at org.springframework.boot.web.servlet.context.ServletWebServerApplicationContext.refresh(ServletWebServerApplicationContext.java:146)
	at org.springframework.boot.SpringApplication.refresh(SpringApplication.java:754)
	at org.springframework.boot.SpringApplication.refreshContext(SpringApplication.java:456)
	at org.springframework.boot.SpringApplication.run(SpringApplication.java:335)
	at org.springframework.boot.SpringApplication.run(SpringApplication.java:1363)
	at org.springframework.boot.SpringApplication.run(SpringApplication.java:1352)
	at com.example.codedockbackend.CodedockBackendApplication.main(CodedockBackendApplication.java:21)
	at java.base/jdk.internal.reflect.NativeMethodAccessorImpl.invoke0(Native Method)
	at java.base/jdk.internal.reflect.NativeMethodAccessorImpl.invoke(NativeMethodAccessorImpl.java:77)
	at java.base/jdk.internal.reflect.DelegatingMethodAccessorImpl.invoke(DelegatingMethodAccessorImpl.java:43)
	at java.base/java.lang.reflect.Method.invoke(Method.java:569)
	at org.springframework.boot.devtools.restart.RestartLauncher.run(RestartLauncher.java:50)
Caused by: org.hibernate.service.spi.ServiceException: Unable to create requested service [org.hibernate.engine.jdbc.env.spi.JdbcEnvironment] due to: Unable to determine Dialect without JDBC metadata (please set 'jakarta.persistence.jdbc.url' for common cases or 'hibernate.dialect' when a custom Dialect implementation must be provided)
	at org.hibernate.service.internal.AbstractServiceRegistryImpl.createService(AbstractServiceRegistryImpl.java:276)
	at org.hibernate.service.internal.AbstractServiceRegistryImpl.initializeService(AbstractServiceRegistryImpl.java:238)
	at org.hibernate.service.internal.AbstractServiceRegistryImpl.getService(AbstractServiceRegistryImpl.java:215)
	at org.hibernate.boot.model.relational.Database.<init>(Database.java:45)
	at org.hibernate.boot.internal.InFlightMetadataCollectorImpl.getDatabase(InFlightMetadataCollectorImpl.java:221)
	at org.hibernate.boot.internal.InFlightMetadataCollectorImpl.<init>(InFlightMetadataCollectorImpl.java:189)
	at org.hibernate.boot.model.process.spi.MetadataBuildingProcess.complete(MetadataBuildingProcess.java:171)
	at org.hibernate.jpa.boot.internal.EntityManagerFactoryBuilderImpl.metadata(EntityManagerFactoryBuilderImpl.java:1431)
	at org.hibernate.jpa.boot.internal.EntityManagerFactoryBuilderImpl.build(EntityManagerFactoryBuilderImpl.java:1502)
	at org.springframework.orm.jpa.vendor.SpringHibernateJpaPersistenceProvider.createContainerEntityManagerFactory(SpringHibernateJpaPersistenceProvider.java:75)
	at org.springframework.orm.jpa.LocalContainerEntityManagerFactoryBean.createNativeEntityManagerFactory(LocalContainerEntityManagerFactoryBean.java:390)
	at org.springframework.orm.jpa.AbstractEntityManagerFactoryBean.buildNativeEntityManagerFactory(AbstractEntityManagerFactoryBean.java:409)
	at org.springframework.orm.jpa.AbstractEntityManagerFactoryBean.afterPropertiesSet(AbstractEntityManagerFactoryBean.java:396)
	at org.springframework.orm.jpa.LocalContainerEntityManagerFactoryBean.afterPropertiesSet(LocalContainerEntityManagerFactoryBean.java:366)
	at org.springframework.beans.factory.support.AbstractAutowireCapableBeanFactory.invokeInitMethods(AbstractAutowireCapableBeanFactory.java:1853)
	at org.springframework.beans.factory.support.AbstractAutowireCapableBeanFactory.initializeBean(AbstractAutowireCapableBeanFactory.java:1802)
	... 20 common frames omitted
Caused by: org.hibernate.HibernateException: Unable to determine Dialect without JDBC metadata (please set 'jakarta.persistence.jdbc.url' for common cases or 'hibernate.dialect' when a custom Dialect implementation must be provided)
	at org.hibernate.engine.jdbc.dialect.internal.DialectFactoryImpl.determineDialect(DialectFactoryImpl.java:191)
	at org.hibernate.engine.jdbc.dialect.internal.DialectFactoryImpl.buildDialect(DialectFactoryImpl.java:87)
	at org.hibernate.engine.jdbc.env.internal.JdbcEnvironmentInitiator.getJdbcEnvironmentWithDefaults(JdbcEnvironmentInitiator.java:153)
	at org.hibernate.engine.jdbc.env.internal.JdbcEnvironmentInitiator.getJdbcEnvironmentUsingJdbcMetadata(JdbcEnvironmentInitiator.java:364)
	at org.hibernate.engine.jdbc.env.internal.JdbcEnvironmentInitiator.initiateService(JdbcEnvironmentInitiator.java:124)
	at org.hibernate.engine.jdbc.env.internal.JdbcEnvironmentInitiator.initiateService(JdbcEnvironmentInitiator.java:78)
	at org.hibernate.boot.registry.internal.StandardServiceRegistryImpl.initiateService(StandardServiceRegistryImpl.java:130)
	at org.hibernate.service.internal.AbstractServiceRegistryImpl.createService(AbstractServiceRegistryImpl.java:263)
	... 35 common frames omitted
>>>>>>> Stashed changes
2026-03-27 21:17:09.461 [background-preinit] INFO  o.h.validator.internal.util.Version  - HV000001: Hibernate Validator 8.0.1.Final
2026-03-27 21:17:09.493 [restartedMain] INFO  c.e.c.CodedockBackendApplication  - Starting CodedockBackendApplication using Java 17.0.18 with PID 11212 (C:\Users\karti\OneDrive\Documents\HavinCode\codedock-backend\target\classes started by karti in C:\Users\karti\OneDrive\Documents\HavinCode\codedock-backend)
2026-03-27 21:17:09.493 [restartedMain] DEBUG c.e.c.CodedockBackendApplication  - Running with Spring Boot v3.3.4, Spring v6.1.13
2026-03-27 21:17:09.493 [restartedMain] INFO  c.e.c.CodedockBackendApplication  - No active profile set, falling back to 1 default profile: "default"
2026-03-27 21:17:10.624 [restartedMain] DEBUG c.e.c.security.JwtAuthFilter  - Filter 'jwtAuthFilter' configured for use
2026-03-27 21:17:10.704 [restartedMain] INFO  o.h.jpa.internal.util.LogHelper  - HHH000204: Processing PersistenceUnitInfo [name: default]
2026-03-27 21:17:10.754 [restartedMain] INFO  org.hibernate.Version  - HHH000412: Hibernate ORM core version 6.5.3.Final
2026-03-27 21:17:10.803 [restartedMain] INFO  o.h.c.i.RegionFactoryInitiator  - HHH000026: Second-level cache disabled
2026-03-27 21:17:11.984 [restartedMain] INFO  o.h.e.t.j.p.i.JtaPlatformInitiator  - HHH000489: No JTA platform available (set 'hibernate.transaction.jta.platform' to enable JTA platform integration)
2026-03-27 21:17:12.673 [restartedMain] INFO  c.e.c.CodedockBackendApplication  - Started CodedockBackendApplication in 3.63 seconds (process running for 4.237)
